id,name,neighbourhood_cleansed,room_type,accommodates,bedrooms,beds,price_clean,minimum_nights,number_of_reviews,reviews_per_month,review_scores_rating,host_is_superhost_clean,instant_bookable_clean,amenities_count
155305,Cottage! BonPaul + Sharky's Hostel,28806,Entire home/apt,2,1.0,1.0,116.0,1,487,2.68,4.63,1,0,29
156805,"Private Room ""Ader"" at BPS Hostel",28806,Private room,2,2.0,1.0,80.0,1,78,0.43,4.58,1,0,22
209068,Terrace Cottage,28804,Entire home/apt,4,1.0,2.0,104.0,30,67,0.37,4.89,0,0,42
246315,Asheville Dreamer's Cabin,28805,Private room,2,2.0,1.0,80.29,7,53,0.3,4.66,0,0,26
427497,Luxurious Mountain Guest Suite Apartment,28803,Entire home/apt,2,1.0,1.0,210.0,2,48,0.29,4.98,0,0,21
483384,"Romantic, Moroccan-Influenced Cottage",28806,Entire home/apt,3,1.0,1.0,171.18,1,881,6.16,4.99,1,0,51
621243,The Birdhouse Sweet suite! Downtown Roof top deck!,28801,Entire home/apt,2,1.0,2.0,266.0,1,153,1.52,4.82,0,0,64
660702,Cozy Asheville Retreat,28804,Entire home/apt,4,1.0,2.0,200.0,1,880,6.97,4.76,1,0,50
674894,Lovely mountain home with a view!,28805,Private room,2,2.0,1.0,76.5,2,258,1.61,4.66,0,0,36
723349,#2 Blue Ridge Room at Oakland Cottage B&B,28801,Private room,2,1.0,2.0,235.0,1,14,0.1,4.79,0,0,26
815068,"Lovely cottage 10 minutes north, quiet.",28804,Entire home/apt,4,2.0,2.0,79.67,1,315,1.91,4.87,0,0,45
840696,❤VIEWS! Luxury home near DOWNTOWN close 2 Biltmore,28801,Entire home/apt,4,2.0,2.0,357.19,2,625,3.81,4.99,1,0,53
846221,Town and Mountain Peaceful Retreat,28804,Entire home/apt,6,3.0,4.0,256.0,2,125,0.78,4.73,0,0,48
874008,"Sunset - year round views, 3 mi to DT AVL",28804,Entire home/apt,6,2.0,4.0,359.5,1,17,0.22,4.82,0,0,42
875735,Asheville artist  bungalow. 3 minutes to downtown,28805,Private room,2,2.0,1.0,80.0,2,236,1.5,4.72,1,0,14
881707,West A'ville sanctuary in the trees,28806,Entire home/apt,2,2.0,1.0,126.67,1,1195,7.71,4.9,1,0,50
943832,"Asheville Historic Cottage, Walk To Town",28806,Entire home/apt,6,3.0,3.0,314.0,3,164,1.03,4.67,0,0,36
976034,Urban Peace 5 ml from Downtown AVL,28803,Entire home/apt,2,1.0,1.0,188.5,2,173,1.07,4.96,0,0,41
977054,The Cottage In Asheville,28804,Entire home/apt,2,1.0,1.0,75.4,30,84,0.52,4.96,0,0,40
1039028,The Cottage on Parkway Loop,28803,Entire home/apt,2,1.0,1.0,165.5,2,309,1.95,4.99,1,0,42
1066156,"True Respite, Minutes to Downtown and Parkway",28804,Entire home/apt,4,1.0,2.0,233.0,2,816,5.09,4.99,1,0,61
1297717,"Lovely, peaceful mountain retreat",28805,Entire home/apt,2,2.0,1.0,102.0,2,101,0.64,4.66,0,0,30
1312301,Mid Century Modern Basement Apt..,28805,Entire home/apt,2,1.0,1.0,140.0,2,103,0.65,4.81,1,0,30
1392363,Explorers Retreat 2mi from Downtown Lots of Plants,28804,Entire home/apt,4,2.0,3.0,224.0,1,134,1.4,4.85,1,0,64
1393012,HUGE SUITE (king bed) & huge bath-PRIVATE ACCESS,28704,Private room,2,2.0,1.0,102.0,1,172,1.12,4.98,1,0,55
1421061,Garden studio next to downtown Asheville,28803,Entire home/apt,2,1.0,1.0,183.0,2,145,0.92,4.94,0,0,31
1475299,"Chic, spotless - your home in Asheville!",28804,Entire home/apt,4,3.0,3.0,261.5,2,39,0.25,4.97,1,0,66
1569954,Charming cottage bordered by stream,28801,Private room,2,2.0,1.0,83.89,30,38,0.24,4.89,0,0,13
1571095,Perfectly Located Studio Apartment In Asheville,28803,Entire home/apt,2,2.0,1.0,137.0,2,146,1.26,4.92,0,0,43
1574329,#7 Rose Room - Oakland Cottage B&B,28801,Private room,2,2.0,1.0,193.0,1,5,0.04,4.8,0,0,20
1586906,"Hidden treasure near Downtown, UNCA",28801,Private room,2,1.0,1.0,120.0,2,330,2.13,4.96,1,0,11
1684109,10 Minutes to Downtown  Epic Views!,28805,Entire home/apt,10,3.0,6.0,403.5,1,196,1.27,4.98,1,0,55
1728187,Peace and Quiet in town Pets welcome,28801,Entire home/apt,4,2.0,2.0,200.85,7,61,0.42,4.7,0,0,51
1768955,Furnished Apartment Walk to Downtown,28801,Entire home/apt,2,1.0,1.0,99.86,2,251,1.62,4.93,1,0,42
1879067,West Asheville - Canie Creek Getaway,28806,Entire home/apt,3,1.0,2.0,157.0,2,115,1.88,4.95,1,0,56
2072026,"The Tree House Studio, Mins to Dwntwn. Pets!",28804,Entire home/apt,2,1.0,2.0,130.5,2,459,3.05,4.94,0,0,52
2254521,The Mimosa Room/private entrance/private bath.,28806,Private room,2,2.0,1.0,55.0,28,37,0.25,4.76,0,0,36
2296152,"Victorian Cottage Downtown - ""Green Room Aerie”",28801,Private room,2,2.0,1.0,177.0,1,1228,8.16,4.88,1,0,46
2326086,Downtown Artist Loft,28801,Entire home/apt,4,1.0,2.0,222.53,1,1006,6.68,4.97,1,0,54
2411109,"Victorian Cottage Downtown - ""Blue Room""",28801,Private room,2,1.0,1.0,105.0,1,1352,9.06,4.9,1,0,44
2454666,"The Hideaway, W. Asheville.  2 BR Perfect Location",28806,Entire home/apt,4,2.0,2.0,223.0,2,387,2.59,4.9,1,0,44
2477628,"Sweet Sanctuary on Chicken Hill, near downtown",28801,Entire home/apt,4,2.0,2.0,114.69,5,198,1.33,4.84,1,0,60
2569529,Downtown Asheville 2 bed/2bath unit for rent,28801,Entire home/apt,4,2.0,2.0,18.32,180,10,0.07,5.0,0,0,12
2925486,Unique 1-bdrm apt big yard-near Downtown-pets ok,28805,Entire home/apt,4,1.0,2.0,149.0,1,371,2.51,4.92,0,0,62
3040444,Private Suite Walk to Downtown,28801,Entire home/apt,2,1.0,1.0,90.73,1,739,5.03,4.94,1,0,26
3084395,Asheville Modern Tree Top Bungalow w/ fire table!,28804,Entire home/apt,4,2.0,2.0,194.0,2,382,2.6,4.83,1,0,32
3220474,Guest Room: Mountainside Private Room & Pvt. Bath,28803,Private room,2,1.0,1.0,64.0,1,1031,7.05,4.76,1,0,18
3314819,Basement: Mountainside Private Room & Private Bath,28803,Private room,3,1.0,2.0,64.0,1,1561,10.68,4.79,1,0,36
3369973,Nana's Place. Minutes from everything AVL!,28803,Entire home/apt,4,2.0,2.0,242.0,2,268,2.21,4.94,0,0,45
3445336,Bungalow in Downtown Asheville,28801,Entire home/apt,3,2.0,2.0,165.93,30,0,1.66,4.94,0,0,1
3529241,"Walk to Downtown, Mid-Century Modern",28801,Entire home/apt,2,2.0,2.0,255.0,2,374,2.59,4.99,0,0,40
3649639,Cheerful Home In Historic Downtown Asheville,28801,Entire home/apt,4,1.0,3.0,206.0,1,718,4.95,4.92,1,0,68
3868452,"Convenient Log Home: View, Hot Tub, Water Feature!",28806,Entire home/apt,6,3.0,3.0,499.5,2,267,1.9,4.91,1,0,67
3868910,The Henhouse,28801,Entire home/apt,3,1.0,1.0,180.0,2,386,2.68,4.8,1,0,32
3945733,"Vintage Studio, Walk to Downtown & UNCA",28801,Entire home/apt,3,2.0,1.0,198.0,1,509,3.57,4.77,0,0,31
3968877,Fabulous Studio 7 min to downtown!,28804,Entire home/apt,2,1.0,1.0,154.5,2,222,1.55,4.94,0,0,68
3986614,Private Cottage-2 miles North of downtown Aville,28804,Entire home/apt,3,1.0,3.0,114.0,1,607,4.49,4.83,1,0,67
3990524,Sweet private suite in W. Asheville,28806,Private room,2,2.0,1.0,109.0,1,321,2.23,4.95,1,0,29
4108784,Everything Zen Asheville,28804,Entire home/apt,5,2.0,3.0,204.0,1,624,4.37,4.75,0,0,47
4241484,Affordable 3BR Near Biltmore | Cozy + Clean,28803,Entire home/apt,6,3.0,3.0,242.0,1,532,3.78,4.9,1,0,56
4285157,Nana's Nest,28805,Private room,1,2.0,2.0,36.22,30,34,0.24,4.88,0,0,32
4304358,Nana's nest 3,28805,Private room,1,2.0,1.0,58.21,14,54,0.39,4.78,0,0,33
4394670,Sweet Suite,28804,Entire home/apt,4,1.0,2.0,93.5,2,351,2.47,4.87,1,0,26
4394761,"Bohemian Retreat w/Deck, Fire Pit, Near Downtown!",28801,Entire home/apt,3,1.0,1.0,201.0,1,338,2.47,4.87,0,0,28
4448604,Garden Suite - 2 miles North of Downtown Asheville,28804,Entire home/apt,3,1.0,2.0,80.0,1,669,5.05,4.78,1,0,56
4515772,Views of Downtown and Mountains,28801,Entire home/apt,2,2.0,2.0,99.56,30,82,0.58,4.8,0,0,37
4831087,Nanna's Nook,28805,Entire home/apt,2,1.0,1.0,50.0,30,3,0.02,3.33,0,0,21
4846733,"Chalet at Winghaven, Sunny Log Home",28732,Entire home/apt,8,3.0,6.0,393.0,2,186,1.37,4.94,1,0,67
4895765,Beautiful Kenilworth Jewel,28803,Entire home/apt,5,1.0,1.0,108.5,2,797,5.75,4.94,1,0,36
4994407,Amazing Asheville Location VIEWS!,28805,Entire home/apt,6,3.0,2.0,353.33,3,330,2.37,4.79,0,0,26
5114762,Stay in the  heart of  West Asheville,28806,Entire home/apt,6,2.0,2.0,229.0,1,723,5.21,4.93,1,0,26
5151226,Convenient to Everything! Private,28805,Entire home/apt,10,3.0,6.0,402.0,3,186,1.4,4.99,1,0,55
5333015,"Griffin's Lair  Biltmore Village, NC 28803",28803,Entire home/apt,5,1.0,3.0,255.5,2,128,0.94,4.94,1,0,37
5464591,Artsy/Zen Bungalow in W. Asheville!,28806,Entire home/apt,6,2.0,3.0,288.0,1,321,2.34,4.91,1,0,59
5480168,Bungalow by Biltmore House,28803,Entire home/apt,8,3.0,5.0,228.5,2,79,0.58,4.54,0,0,46
5481195,"Asheville's Famous ""Pink House"" Studio Apartment.",28804,Entire home/apt,2,1.0,1.0,123.0,1,439,3.22,4.97,1,0,45
5696919,Hidden getaway close to downtown!,28805,Entire home/apt,4,2.0,4.0,170.04,1,613,4.49,4.85,1,0,35
5716399,In the heart of Asheville *Walk to Haywood Road*,28806,Entire home/apt,4,1.0,1.0,160.0,1,263,1.94,4.62,0,0,38
5772947,Hilltop House,28805,Entire home/apt,7,4.0,4.0,228.5,1,189,1.45,4.84,1,0,32
5850649,Explore the Woods from a Quiet Apartment near Sierra Nevada,28704,Entire home/apt,6,1.0,4.0,241.0,2,428,3.48,4.92,1,0,51
6054250,The Rad Pad—Quiet Modern Nest 2 Blocks off Haywood,28806,Entire home/apt,2,1.0,1.0,187.15,1,1076,7.91,4.92,1,0,40
6056098,Mountain Beauty/City Convenience,28804,Entire home/apt,2,1.0,1.0,154.33,3,158,1.16,4.97,0,0,57
6180513,Dog-Friendly Downtown Asheville Apt,28801,Entire home/apt,4,2.0,2.0,281.0,1,175,1.3,4.75,1,0,49
6227094,Groove Stone Getaway,28805,Entire home/apt,3,3.0,3.0,198.75,4,88,0.65,4.9,0,0,63
6290666,Nestled Garden Oasis with Mountain Views Downtown!,28805,Entire home/apt,2,2.0,1.0,137.0,1,854,6.31,4.86,1,0,40
6452410,Stay in historic downtown suburb,28801,Entire home/apt,2,1.0,2.0,83.86,28,189,1.41,4.83,0,0,37
6609327,The Barn At Mountain Meadows,28804,Entire home/apt,2,1.0,1.0,435.0,1,55,0.62,4.91,1,0,37
6724476,Asheville Family-Friendly Escape | Near Biltmore,28803,Entire home/apt,8,3.0,4.0,221.5,2,344,2.56,4.88,0,0,51
6760016,"Bright, urban chic apt convenient to Avl & Hndvl",28704,Entire home/apt,1,1.0,1.0,81.84,30,164,1.22,4.97,0,0,48
6765734,Female Dorm at Sharky's Youth Hostel,28806,Shared room,1,1.0,2.0,33.0,1,145,1.09,4.77,1,0,44
6765832,"Private Room ""Hitchcock"" BPS Hostel",28806,Private room,2,2.0,1.0,70.0,1,133,0.99,4.77,1,0,17
6813265,cozy bedroom in the heart of west asheville,28806,Private room,2,2.0,1.0,78.0,1,175,1.31,4.76,1,0,36
6913630,Sparrow Cottage,28801,Entire home/apt,3,1.0,2.0,82.18,28,160,1.21,4.86,1,0,45
7045303,Private Basement Suite in Walkable West Asheville,28806,Private room,2,2.0,1.0,95.0,2,121,0.91,4.9,0,0,28
7063293,"Cozy, Mountaintop Log Cabin w/Epic Views*Hot Tub",28704,Entire home/apt,6,3.0,4.0,418.67,3,88,0.99,5.0,1,0,61
7340132,Yurt Nest at Green Oaks Community,28804,Entire home/apt,2,1.0,1.0,71.22,28,138,1.04,4.86,0,0,60
7418991,"""Studio C"" Downtown Spacious with Private parking!",28801,Entire home/apt,4,2.0,2.0,172.0,1,1094,8.23,4.92,1,0,28
7438838,"Historic home, walk downtown, deck, we love dogs",28801,Entire home/apt,4,2.0,2.0,195.83,2,45,0.35,4.87,1,0,68
7665386,"West Asheville strip, great bed, parking, patio",28806,Entire home/apt,2,1.0,2.0,114.67,3,519,3.94,4.69,1,0,37
7674957,Cottage W. Asheville. Private Pool/Hot tub!,28806,Entire home/apt,7,3.0,3.0,297.0,2,333,2.54,4.8,1,0,51
7859259,Studio at Green Oaks Community,28804,Entire home/apt,2,1.0,1.0,117.0,6,107,0.81,4.91,0,0,49
7887572,Charming Bungalow Apartment - Biltmore Area,28803,Entire home/apt,3,1.0,1.0,123.0,2,280,2.93,4.82,0,0,20
7947839,Romantic & Bohemian Private Studio,28801,Entire home/apt,2,1.0,1.0,166.0,1,938,7.15,4.94,1,0,31
7967886,"Clean, Comfortable, Modern Apartment - 60 day min",28803,Entire home/apt,4,2.0,2.0,38.28,60,24,0.18,4.79,1,0,45
8070733,Mountain Modern ‘Home away from Home’,28805,Entire home/apt,3,2.0,2.0,100.61,28,13,0.25,5.0,0,0,52
8089299,Simple Clean and restful,28805,Private room,1,1.0,1.0,35.97,30,22,0.17,4.82,0,0,27
8133377,Montford Manor (walk to downtown),28801,Entire home/apt,8,4.0,5.0,756.5,1,242,1.85,5.0,1,0,56
8193368,Cozy AVL Suite Near Everything,28805,Entire home/apt,3,1.0,1.0,134.0,2,469,3.57,4.97,1,0,49
8211404,Luxury cabin Asheville HOT TUB VIEWS nr Biltmore,28803,Entire home/apt,4,2.0,2.0,349.5,3,59,0.49,4.92,1,0,54
8246075,1925 Bungalow in the Heart of West,28806,Private room,2,2.0,1.0,154.5,2,64,0.49,4.95,0,0,26
8266788,5 Minutes to Downtown/ 2 Minutes to Biltmore,28803,Entire home/apt,8,4.0,4.0,456.67,2,59,0.45,4.83,0,0,40
8310318,Studio apartment in tranquil setting,28805,Entire home/apt,2,2.0,1.0,44.13,30,7,0.05,5.0,0,0,28
8443279,Walk to Downtown! Dogs Stay Free! “The Cottage”,28801,Entire home/apt,3,1.0,1.0,184.0,2,412,3.17,4.97,1,0,65
8593492,Cabin 400 sq all for  you.,28732,Private room,2,1.0,2.0,399.5,2,56,0.44,4.86,0,0,18
8624659,Modern Downtown Loft,28801,Entire home/apt,4,2.0,2.0,231.0,2,555,4.28,4.92,1,0,50
8634354,* VERY Comfortable Montford Apt. — Walk Downtown,28801,Entire home/apt,2,1.0,1.0,190.5,2,314,2.41,4.98,1,0,50
8656299,Colorful Book Nook for Solo Traveler in W AVL,28806,Private room,1,1.0,1.0,63.0,2,210,1.61,4.92,0,0,43
8664712,Two Block Walk from Apt to Downtown,28801,Entire home/apt,2,1.0,2.0,391.0,2,227,1.74,5.0,1,0,63
8895397,Short walk to WAVL.,28806,Entire home/apt,5,2.0,2.0,213.0,2,156,1.2,4.91,1,0,46
9182448,"Happy Haven w/ hottub, Gym, & hammocks in West AVL",28806,Entire home/apt,2,1.0,1.0,269.0,1,68,0.59,4.97,1,0,67
9243493,Log Cabin Near Downtown Asheville,28804,Entire home/apt,6,3.0,4.0,373.0,3,6,0.05,4.5,0,0,17
9562953,Romantic downtown escape with hot tub & city views,28801,Entire home/apt,6,3.0,3.0,346.25,1,26,0.22,4.92,1,0,68
10084836,Downtown Asheville Cottage,28801,Entire home/apt,2,1.0,1.0,314.0,3,71,0.56,4.97,1,0,39
10089256,"Mountain Views, Private Retreat, 15 min frm dwntwn",28804,Entire home/apt,2,1.0,3.0,169.0,3,330,2.69,4.9,0,0,38
10263107,Corner Cottage,28801,Entire home/apt,2,1.0,1.0,267.33,3,56,0.44,4.95,1,0,24
10289755,Apartment with a View,28804,Entire home/apt,2,1.0,1.0,150.33,3,217,1.77,4.91,1,0,58
10335139,Near Asheville · Family-Run · Quiet Setting,28806,Entire home/apt,4,1.0,2.0,218.0,2,54,0.43,4.98,1,0,64
10360188,Perfectly cozy location 1/2 mile to downtown.,28801,Private room,2,2.0,1.0,151.5,2,337,2.65,4.99,0,0,55
10524188,Luxury Modern Loft in Historic Central Downtown Building,28801,Entire home/apt,2,1.0,1.0,353.5,2,197,1.57,4.95,1,0,35
10724022,"Walk to AVLs TOP cafes, pubs, restaurants, rafting",28806,Entire home/apt,8,4.0,4.0,536.5,2,31,0.29,4.97,1,0,58
10785231,The Little Moose Cabin (Secluded yet Convenient),28805,Entire home/apt,4,1.0,2.0,126.0,1,109,0.87,4.79,1,0,14
10853381,A Cottage At Willow Pond,28704,Entire home/apt,4,2.0,2.0,265.5,2,63,0.51,4.92,1,0,39
11259371,Little House Simple Studio,28806,Entire home/apt,2,1.0,1.0,80.0,1,363,2.91,4.5,0,0,37
11291801,"Private, secluded cabin-wood/fireplace/New Hot Tub",28806,Entire home/apt,4,3.0,3.0,170.5,2,303,2.44,4.92,1,0,54
11421709,Hazels Hideaway - Walk downtown - Sunny 1B/1B,28801,Entire home/apt,2,1.0,1.0,151.78,2,429,3.48,4.88,1,0,48
11609580,"Spacious, Chic Grove Park Studio - 5 Min Dwntwn",28801,Entire home/apt,2,1.0,1.0,167.5,2,360,3.06,4.97,1,0,42
11618840,3/2.5 Renovated House - Monthly Rates Available,28805,Entire home/apt,6,3.0,4.0,188.6,7,84,0.67,5.0,1,0,33
11938223,Lily Pad Cottage over a Mountain Stream and Pond,28803,Entire home/apt,2,1.0,1.0,153.0,2,120,0.96,4.94,0,0,45
11947108,"2BR suite near Biltmore, Downtown & Mission Hosp.",28803,Entire home/apt,5,2.0,3.0,170.5,2,395,3.27,4.93,0,0,44
12105828,Historic Grove Park - Apt #2,28801,Entire home/apt,2,1.0,2.0,78.37,30,15,0.12,4.93,0,0,52
12144656,Charming Cottage Near Downtown Ideal for Weddings,28806,Entire home/apt,4,2.0,2.0,143.0,2,359,2.93,4.94,0,0,43
12189623,Historic Grove Park - Apt #1,28801,Entire home/apt,2,1.0,1.0,84.46,30,42,0.34,4.81,0,0,49
12222050,"Fireplace, Deck, King Bed, 2 Family Rooms, Sunset",28804,Entire home/apt,8,3.0,4.0,357.0,2,242,2.02,4.97,1,0,67
12250733,West AVL Urban Retreat (Monthly),28806,Entire home/apt,6,3.0,3.0,104.17,30,46,0.37,4.8,1,0,25
12266103,"2 King en suites, walk to town",28804,Entire home/apt,4,2.0,2.0,312.0,3,22,0.18,5.0,0,0,58
12286328,Mixed Dorm Bunk at Sharky's Youth Hostel,28806,Shared room,3,1.0,2.0,34.0,1,324,2.61,4.83,1,0,34
12310425,Haywood House Asheville (West Asheville),28806,Entire home/apt,8,3.0,4.0,351.0,3,128,1.05,4.95,0,0,50
12377575,Long Weekend Getaway Minutes from Downtown AVL,28805,Entire home/apt,8,4.0,4.0,653.5,2,125,1.02,4.95,0,0,70
12470763,Quaint & Quirky Paris of the South,28806,Private room,2,2.0,1.0,139.5,2,45,0.37,4.87,0,0,41
12472966,The Guesthouse at Deer Crossing,28704,Entire home/apt,4,1.0,1.0,147.5,1,197,2.44,5.0,0,0,59
12543684,"10 Minutes to Downtown & Biltmore, Next to Parkway",28803,Entire home/apt,8,3.0,4.0,207.0,2,625,5.06,4.88,1,0,41
12685614,Historic Grove Park - Apt #4,28801,Entire home/apt,3,1.0,2.0,88.3,30,26,0.21,4.77,0,0,23
12763722,Mountain View’s  with Hot Tub & Firepit,28715,Entire home/apt,7,3.0,4.0,301.0,1,679,5.56,4.71,0,0,64
12809255,Cheryl's W. Asheville Chalet,28806,Private room,3,2.0,1.0,109.0,1,173,1.59,4.97,1,0,52
12834984,Unique Hand-built Cabin in the City,28801,Entire home/apt,2,1.0,1.0,63.6,30,175,1.44,4.9,0,0,49
12848084,Peaceful-Mountains-Hiking-Asheville-Full Kitchen,28732,Entire home/apt,4,1.0,2.0,117.5,3,354,3.0,4.96,1,0,62
12884479,"Private suite downtown, fire pit & outdoor dining",28801,Entire home/apt,4,1.0,2.0,114.5,2,11,4.29,4.91,0,0,48
12944995,Clean and Cozy Country Garden Getaway with Hot Tub,28805,Entire home/apt,2,2.0,1.0,165.47,2,342,2.78,4.77,1,0,60
12970301,Clean & Spacious Apartment w/Full Kitchen & W/D,28806,Entire home/apt,2,1.0,2.0,62.5,30,174,1.42,4.91,0,0,32
12989718,Female Dorm Bunk at BPS Youth Hostel,28806,Shared room,3,1.0,2.0,34.0,1,152,1.23,4.76,1,0,26
13093505,"Heart of Downtown with Parking - Bright, Historic",28801,Entire home/apt,4,1.0,2.0,190.0,1,864,7.11,4.92,1,0,44
13112074,Sam's Cottage,28804,Entire home/apt,2,1.0,1.0,237.75,3,143,1.17,4.92,0,0,22
13186091,"Bluebird Sanctuary. Mt view, walk downtown, W Ashe",28806,Entire home/apt,2,1.0,1.0,204.33,3,64,0.52,4.95,0,0,35
13206560,Downtown Loft with Balcony,28801,Entire home/apt,4,1.0,2.0,209.98,1,947,7.78,4.98,1,0,56
13234214,Mama Dee's Hide Away,28704,Entire home/apt,4,2.0,2.0,202.0,2,18,0.15,4.83,1,0,45
13308291,Beautiful Home - 5 minutes from Downtown,28806,Entire home/apt,3,1.0,1.0,113.5,2,77,0.63,4.81,0,0,37
13340576,"Spacious, Garden Suite w/ Private Porch",28806,Entire home/apt,2,1.0,1.0,172.0,1,187,1.54,4.84,1,0,53
13348419,Charming Asheville Cottage at Beaver Lake,28804,Entire home/apt,4,1.0,4.0,228.5,2,94,0.77,4.8,0,0,42
13388627,"Dog-Friendly Apt, Walk to Downtown Asheville",28801,Entire home/apt,4,2.0,2.0,297.0,1,231,1.9,4.71,1,0,51
13426466,Asheville Studio w/ Sleeping Loft - Walk Downtown!,28801,Entire home/apt,2,2.0,1.0,113.82,30,32,0.26,4.97,0,0,22
13429035,Asheville Cottage With All the Comforts of Home,28704,Entire home/apt,4,2.0,2.0,241.67,3,31,0.25,4.87,0,0,23
13514183,"Artful Downtown Retreat, Dog-Friendly Apt",28801,Entire home/apt,4,2.0,2.0,297.0,1,203,1.69,4.78,1,0,49
13524286,Artsy & Walkable Downtown Asheville Apt,28801,Entire home/apt,4,2.0,2.0,350.0,1,205,1.68,4.73,1,0,49
13582513,"West Asheville, great location. Walk everywhere!",28806,Entire home/apt,2,1.0,1.0,113.0,2,392,3.27,4.71,1,0,29
13779774,"Private flat w/ Kitchenette & bathroom, Monthly",28806,Entire home/apt,1,1.0,1.0,53.47,30,33,0.27,4.36,0,0,42
13901952,Historic Grove Park - Apt #3,28801,Entire home/apt,3,1.0,2.0,77.71,30,31,0.26,4.9,0,0,55
14044072,"THE SWEET SPOT- serene hilltop, close to downtown",28803,Entire home/apt,4,2.0,2.0,196.0,1,224,2.65,4.96,1,0,62
14052114,West Asheville Dream Bungalow Apartment,28806,Entire home/apt,2,1.0,1.0,219.0,2,53,0.44,4.91,0,0,19
14076438,"Historic Grove Stone Cottage, EW Grove",28805,Entire home/apt,4,2.0,2.0,234.0,1,172,1.44,4.99,1,0,71
14110641,Cottage at Green Oaks Community,28804,Entire home/apt,2,1.0,3.0,79.21,28,28,0.23,4.96,0,0,56
14122794,Liberty Cottage,28803,Entire home/apt,5,2.0,3.0,149.4,5,76,0.63,4.95,1,0,45
14125023,Downtown Furnished Studio!! Close to Everything!!!,28804,Entire home/apt,2,1.0,1.0,75.11,30,16,0.17,4.88,1,0,33
14168464,"""B Flat"" Downtown! Private parking!",28801,Entire home/apt,4,1.0,1.0,161.0,1,870,7.22,4.9,1,0,42
14357005,The Lavender Room,28806,Entire home/apt,4,1.0,2.0,97.0,1,845,7.16,4.73,1,0,33
14430828,Viewy West Side Garden Apartment,28806,Entire home/apt,4,1.0,1.0,140.5,2,252,2.14,4.93,1,0,40
14522467,Le Petit Bleu,28804,Entire home/apt,4,2.0,2.0,205.5,2,291,2.44,4.99,1,0,63
14632829,Spacious bedroom in the heart of West Asheville,28806,Private room,2,2.0,1.0,84.5,1,213,1.78,4.87,1,0,34
14738243,RoomCozyCottage WalkMuscYga great rates AyurV sp,28801,Private room,2,2.0,1.0,66.33,1,320,2.75,4.94,1,0,45
14751215,Cozy Cottage | Hot Tub | Fenced Yard | 6Mi to Dwtn,28803,Entire home/apt,6,2.0,3.0,246.0,1,555,4.68,4.91,0,0,48
14757919,Bear's Den in Historic Montford,28801,Entire home/apt,2,1.0,1.0,177.0,2,298,2.63,4.96,1,0,44
14805266,The Space Between Downtown Asheville & RAD,28801,Entire home/apt,2,1.0,1.0,265.33,2,416,3.72,4.99,1,0,58
14934441,Nanny's Place! HOT TUB and 2 fire pits!,28803,Entire home/apt,10,3.0,5.0,290.0,1,732,6.21,4.91,1,0,67
15009504,Modern Apt | Walk to Downtown | Washer & Dryer,28801,Entire home/apt,4,2.0,2.0,156.0,2,625,5.26,4.88,1,0,45
15091721,DOWNTOWN! Seconds from it all!,28801,Entire home/apt,2,1.0,1.0,111.84,1,634,5.43,4.6,1,0,29
15158878,A Step Back in Time - 1901 Estate Guest Cottage,28803,Entire home/apt,2,1.0,2.0,104.0,2,445,3.76,4.94,1,0,52
15174633,"Downtown Inn Asheville, NC #1-King",28801,Private room,2,1.0,1.0,102.0,1,250,2.24,4.51,0,0,41
15231248,D&D's Dog-friendly West Asheville AirBnb,28806,Entire home/apt,4,1.0,2.0,210.0,1,441,3.73,4.9,1,0,56
15289199,Cabin-Wood Fireplace-Hot Tub-Pool-Pet Friendly,28715,Entire home/apt,6,3.0,4.0,382.5,2,16,0.14,4.69,0,0,26
15351409,Quiet Haven Tiny House-Hottub-Pets- Asheville Mtns,28715,Entire home/apt,4,1.0,12.0,174.5,2,169,1.43,4.76,0,0,31
15354741,Mountain Views/Family Retreat,28805,Entire home/apt,4,2.0,3.0,156.4,3,60,0.51,4.92,1,0,57
15371871,Asheville Garden Cottage ~ Light Filled ~ Cozy,28805,Entire home/apt,2,1.0,1.0,175.74,1,380,3.22,4.96,1,0,48
15422307,Happy Hippie House: Walk to Restaurants/Shops/Bars,28806,Entire home/apt,2,1.0,1.0,157.0,1,394,3.34,4.95,1,0,51
15444450,City Sanctuary,28801,Entire home/apt,4,2.0,2.0,150.2,30,49,0.42,4.84,0,0,19
15462269,Country Log Cabin-15 min to Asheville,28805,Entire home/apt,4,2.0,3.0,394.0,2,51,0.44,4.96,0,0,29
15507809,Downtown Retreat in the heart of Asheville,28801,Entire home/apt,4,2.0,2.0,376.0,1,223,1.9,4.91,1,0,21
15510852,Downtown hideaway! Walk everywhere!,28801,Entire home/apt,2,1.0,1.0,110.69,1,386,3.28,4.59,1,0,26
15530268,Peaceful Asheville Sanctuary | 5 Mins to Downtown,28804,Entire home/apt,2,1.0,1.0,158.45,1,717,6.21,4.94,1,0,46
15544670,Private Apt Close to Everything in Asheville!,28806,Entire home/apt,2,1.0,1.0,71.93,30,18,0.2,4.78,1,0,39
15546661,The Snook Nook ~ A Mountain Retreat In Asheville,28805,Entire home/apt,3,1.0,2.0,135.0,1,320,2.72,4.95,1,0,34
15568000,"Namaste Yurt, best of both worlds",28805,Entire home/apt,2,1.0,1.0,134.5,2,365,3.12,4.76,1,0,19
15577790,New Monthly Guest House - great Asheville Retreat!,28806,Entire home/apt,1,1.0,1.0,96.67,27,59,0.5,4.97,0,0,42
15647883,Cheerful Studio | Free Tix | Steps From Everything,28806,Entire home/apt,2,2.0,1.0,147.5,2,500,4.26,4.91,1,0,40
15685101,"Private studio near downtown, Biltmore & breweries",28803,Entire home/apt,4,1.0,1.0,112.98,1,565,4.8,4.86,1,0,48
15718256,"The RAD Haus: Central, Lively, Comfortable",28801,Entire home/apt,4,1.0,3.0,144.0,2,491,4.19,4.7,0,0,48
15788106,"Cozy, quiet retreat near Blue Ridge Parkway. 2 bed",28806,Entire home/apt,4,2.0,4.0,144.33,3,129,1.1,4.86,1,0,43
15827350,Windsor Forest Inn(Sierra Nevada 3 miles away!),28704,Private room,4,2.0,2.0,173.33,3,127,1.09,4.97,0,0,27
15867765,Historic Church Suite in The River Arts District,28801,Private room,2,2.0,1.0,165.5,2,524,4.5,4.97,0,0,38
15880423,Cozy Bungalow - Heart of West Asheville!,28806,Entire home/apt,4,2.0,2.0,189.0,3,157,1.34,4.87,1,0,53
15936945,Asheville Clouding Around: 10 Mins to Downtown,28804,Entire home/apt,8,3.0,4.0,417.0,2,77,0.66,4.87,0,0,75
16003488,Roomy downtown condo w king bed and view!!!,28801,Entire home/apt,4,1.0,1.0,163.19,1,369,3.18,4.63,1,0,44
16147877,Sandy's Place,28803,Entire home/apt,4,2.0,2.0,186.67,3,370,3.19,4.96,1,0,41
16294435,"Retro Asheville Ranch - 3 bedrooms, lots of room!",28704,Entire home/apt,6,3.0,3.0,101.87,30,80,0.69,4.86,0,0,34
16384751,Comfortable bedroom/bathroom 10 mins from downtown,28806,Private room,2,2.0,1.0,78.0,1,268,2.36,4.89,1,0,40
16476358,Private Suite: Walk to Biltmore and Breweries,28803,Entire home/apt,2,1.0,1.0,202.0,1,496,4.3,4.85,1,0,40
16477857,Live in a Work of Art!,28801,Entire home/apt,3,2.0,3.0,119.72,30,352,3.05,4.86,0,0,64
16566334,Comfy Asheville Cottage with Private Fenced Yard,28806,Entire home/apt,5,2.0,4.0,242.0,1,601,5.44,4.98,1,0,51
16587446,In the Heart of Downtown - Loft off Lexington ave,28801,Entire home/apt,4,2.0,2.0,465.83,1,447,3.9,4.98,1,0,58
16636978,South Asheville private entry apartment w garage,28732,Entire home/apt,3,1.0,2.0,122.29,7,127,1.14,4.81,0,0,42
16846899,Downtown Oasis on Forsythe (NO Cleaning fee),28804,Entire home/apt,6,2.0,4.0,172.0,1,478,4.2,4.93,1,0,59
16856815,Oasis in the City,28806,Entire home/apt,4,1.0,1.0,173.0,2,127,2.18,4.93,1,0,62
16937995,Near Downtown Asheville | Hot Tub and Pet Friendly,28806,Entire home/apt,6,3.0,4.0,506.0,2,76,0.68,4.88,1,0,35
16977918,Cedar Cabin | Screened in Deck | Quiet | Downtown,28805,Entire home/apt,6,2.0,3.0,433.65,1,498,4.37,4.96,1,0,59
17036413,"Clean, Comfy and Convenient S. Asheville Condo",28704,Entire home/apt,4,2.0,3.0,213.0,2,73,0.64,4.86,0,0,44
17095670,Downtown Escape!,28801,Entire home/apt,4,1.0,1.0,143.79,1,410,3.6,4.57,1,0,27
17155164,Garden Oasis with Serene Mountain View Downtown!,28805,Entire home/apt,2,2.0,1.0,128.0,1,888,7.84,4.92,1,0,49
17157429,"Explore AVL from this Stylish, Cozy Apartment",28801,Entire home/apt,2,1.0,1.0,176.0,3,422,3.71,5.0,1,0,56
17310280,Tiny House - Giant Views,28804,Entire home/apt,2,1.0,1.0,167.5,2,615,5.43,4.94,1,0,34
17345566,Skye Haven - Views! Romantic getaway 3 mi. to town,28804,Entire home/apt,2,1.0,1.0,405.5,2,42,0.42,4.95,1,0,54
17395670,Charming Red Roof Home In Tiny Farms,28806,Entire home/apt,3,2.0,2.0,179.33,3,152,1.36,4.94,0,0,46
17403585,ADVENTURE LAUNCH PAD,28806,Entire home/apt,9,3.0,5.0,399.41,1,337,3.0,4.76,0,0,69
17446056,Front Porch Charm,28804,Entire home/apt,8,3.0,5.0,228.5,2,321,2.86,4.83,1,0,36
17529983,Garden Apt in Historic Neighborhood of Asheville,28801,Entire home/apt,2,1.0,2.0,71.17,30,18,0.23,4.78,0,0,54
17591050,Historic Home Near Downtown Asheville Pvt Bed/Bath,28804,Private room,2,2.0,1.0,102.0,2,351,3.11,4.94,1,0,37
17618702,Mountain Chalet close to Biltmore,28806,Entire home/apt,8,4.0,5.0,551.0,3,235,2.1,4.91,1,0,58
17648416,Private Bungalow Ten Minute Walk to Downtown Asheville,28801,Entire home/apt,2,1.0,1.0,399.5,2,155,1.4,4.99,1,0,29
17774784,Bent Creek Getaway • Hot Tub • Trails • 3/2,28806,Entire home/apt,8,3.0,4.0,271.0,2,183,3.01,4.99,1,0,51
17826503,Charland Chalet - Family Friendly Guesthouse,28803,Entire home/apt,4,1.0,3.0,135.0,1,803,7.22,4.92,1,0,42
17861930,Magical large apartment downtown! King Bed!,28801,Entire home/apt,4,1.0,1.0,230.0,1,468,4.16,4.57,1,0,28
17917678,Unique Private Spot - Historic Home & Neighborhood,28801,Entire home/apt,2,1.0,1.0,160.5,2,359,3.25,4.96,1,0,55
17923086,Hipsters Hideaway - 2 miles to downtown,28804,Entire home/apt,4,2.0,2.0,337.0,1,108,0.98,4.75,1,0,47
17935396,Retreat on Town Mountain,28804,Entire home/apt,2,1.0,1.0,180.0,2,323,3.04,4.96,1,0,50
18017043,"Dragonfly Cottage, updated 1905 home downtown",28801,Entire home/apt,6,3.0,6.0,412.0,3,375,3.35,4.93,1,0,45
18021364,Higher Above Asheville,28804,Entire home/apt,4,2.0,2.0,270.5,2,114,1.04,4.8,0,0,23
18059317,"Family friendly, Roomy, and Comfy Home",28803,Entire home/apt,6,3.0,4.0,116.7,30,63,1.02,4.83,0,0,68
18092896,River Arts District Comfy Getaway,28801,Entire home/apt,3,2.0,2.0,119.27,28,230,2.09,4.9,0,0,61
18151750,GashesFlussHaus,28803,Entire home/apt,2,1.0,1.0,183.0,1,964,8.61,4.98,1,0,28
18178954,Luxury Suite with Blissful Comforts,28804,Entire home/apt,4,1.0,3.0,276.0,2,129,1.16,4.96,0,0,61
18308309,"Downtown Inn Asheville, NC #2-King",28801,Private room,2,1.0,1.0,102.0,1,34,0.31,4.59,0,0,25
18308869,"Downtown Inn Asheville, NC #4-King",28801,Private room,2,2.0,1.0,102.0,1,81,0.74,4.59,0,0,26
18308979,"Downtown Inn Asheville, NC #5-King",28801,Private room,2,2.0,1.0,102.0,1,43,0.39,4.65,0,0,26
18309080,"Downtown Inn Asheville, NC #6-King",28801,Private room,2,1.0,1.0,102.0,1,203,1.83,4.67,0,0,25
18375617,Modern Mtn Cottage | Pets OK (+ fee) | 10 Min DTWN,28803,Entire home/apt,4,2.0,2.0,132.49,2,465,4.18,4.98,1,0,55
18389884,"Downtown Inn Asheville, NC  #7-King",28801,Private room,2,1.0,1.0,102.0,1,124,1.17,4.6,0,0,25
18393059,Charming Arts & Crafts home in West Asheville,28806,Private room,2,2.0,1.0,108.0,1,238,2.14,4.95,1,0,49
18404153,"Downtown Inn Asheville, NC #8-Double",28801,Private room,4,2.0,2.0,102.0,1,130,1.17,4.55,0,0,23
18406520,"Downtown Inn Asheville, NC #10-Double",28801,Private room,4,1.0,2.0,124.39,1,266,2.41,4.55,0,0,24
18422959,The Red Rooster Bungalow,28806,Entire home/apt,6,3.0,4.0,292.0,1,328,2.95,4.95,1,0,62
18473371,West Asheville Bamboo Bungalow,28806,Entire home/apt,6,3.0,4.0,188.3,2,297,2.69,4.92,1,0,52
18521819,Convenient + modern spot:  central North Asheville,28804,Entire home/apt,2,1.0,1.0,126.56,2,508,4.57,4.98,1,0,43
18716194,MTN views-Private-10min to dtwn-LookoutTower Cabin,28805,Entire home/apt,7,3.0,5.0,419.75,1,242,2.19,4.95,1,0,58
18721359,The Acorn Guesthouse,28803,Entire home/apt,2,1.0,1.0,61.09,4,42,0.52,4.95,1,0,45
18751432,2 mi to downtown & Biltmore Estate. Pet friendly!,28805,Entire home/apt,6,2.0,3.0,341.5,2,101,0.92,4.98,1,0,61
18776404,North Liberty House,28801,Private room,2,1.0,1.0,159.0,1,124,1.12,4.94,1,0,42
18784621,"Downtown love, downtown life.",28801,Entire home/apt,2,1.0,1.0,150.0,1,382,3.45,4.59,1,0,25
18907430,North Liberty House 2,28801,Private room,2,2.0,1.0,153.0,1,127,1.15,4.97,1,0,42
18929549,Off the Beat Inn Path,28805,Entire home/apt,6,3.0,3.0,157.0,2,444,4.02,4.96,1,0,52
18974593,Minutes to Downtown Asheville! New sunroom!,28805,Entire home/apt,6,3.0,3.0,499.5,2,150,1.38,4.96,0,0,61
19032051,Chestnut House,28806,Entire home/apt,4,1.0,2.0,140.5,2,225,2.04,4.96,0,0,49
19066373,West Asheville Yellow Bungalow on Haywood,28806,Entire home/apt,6,3.0,3.0,276.5,2,246,2.24,4.81,1,0,45
19066512,"Entire Asheville Home - Walkable, Monthly Rental!",28806,Entire home/apt,9,4.0,6.0,112.47,30,2,0.02,5.0,1,0,55
19118629,Just Beyond Utopia,28805,Entire home/apt,4,2.0,3.0,196.0,2,352,3.21,4.95,0,0,38
19120555,"Mountain Modern River Home, Close to Downtown",28806,Entire home/apt,10,4.0,5.0,636.33,1,236,2.16,4.96,1,0,62
19135906,Asheville Red Cottage - cheerful cozy city home.,28806,Entire home/apt,5,2.0,3.0,88.5,3,7,0.1,5.0,0,0,18
19137905,Quiet Living Space Close to Downtown - West AVL,28806,Private room,2,2.0,1.0,100.0,2,57,0.53,4.89,0,0,32
19264539,Apartment in the Heart of West Asheville,28806,Entire home/apt,3,1.0,2.0,151.0,2,245,2.24,4.74,1,0,50
19326768,Walk to Downtown! Dogs Stay Free! “The Peacock”,28801,Entire home/apt,2,1.0,1.0,172.26,2,397,3.62,4.97,1,0,56
19340532,Private Hot Tub · Warm Fireplace · 2 Miles to AVL,28806,Entire home/apt,4,1.0,2.0,345.0,2,7,0.07,5.0,1,0,61
19388286,2 Mi to AVL · Immaculate Inside · Private Hot Tub,28806,Entire home/apt,4,1.0,2.0,403.0,2,6,0.06,5.0,1,0,61
19548415,"Private Suite, private entry.",28804,Entire home/apt,2,1.0,1.0,177.0,2,383,3.52,4.98,1,0,27
19561946,"Downtown Artist Dream, Walk everywhere!",28801,Entire home/apt,2,1.0,1.0,112.41,1,510,4.67,4.67,1,0,28
19620931,Location Location Location!   Downtown Asheville,28801,Entire home/apt,2,1.0,1.0,247.5,2,6,0.08,5.0,0,0,21
19688771,Private living in the city,28803,Entire home/apt,4,2.0,2.0,257.0,1,315,2.9,4.98,1,0,59
19787532,Montford  Charmer Walk to Downtown Asheville,28801,Entire home/apt,7,2.0,4.0,294.0,2,202,1.86,4.83,1,0,44
19809125,Private Simple Guest Suite close to Downtown,28805,Entire home/apt,4,1.0,2.0,107.5,2,214,1.97,4.86,1,0,25
19870831,Asheville: A Stamp of Approval,28805,Private room,2,2.0,1.0,141.0,1,180,1.66,4.99,0,0,43
19921886,Charming 1920s Craftsman Bungalow close to Local Breweries,28806,Entire home/apt,3,2.0,2.0,103.49,28,73,0.68,4.95,1,0,39
19982717,6Br Mtn Estate*Hot Tub* 5 min to Dwntwn* Game Room,28804,Entire home/apt,15,6.0,8.0,792.33,2,97,0.99,4.96,1,0,74
20008452,Hideaway Cabin in the City!,28806,Entire home/apt,4,1.0,2.0,116.33,3,288,2.66,4.85,0,0,40
20016326,Spacious Family Farmhouse - 1.5 mi to Downtown,28805,Entire home/apt,6,2.0,4.0,342.0,1,382,3.55,4.99,0,0,51
20036903,Walkable Mountain Gem in the Heart of West Asheville,28806,Entire home/apt,4,1.0,2.0,170.5,2,312,2.9,4.93,1,0,41
20070593,7 Mi to The Biltmore: 'Le Canard' Cottage w/ Porch,28704,Entire home/apt,5,2.0,3.0,225.0,2,60,0.56,4.9,0,0,37
20120319,White Fawn,28805,Entire home/apt,2,2.0,2.0,105.4,30,11,0.17,4.91,0,0,45
20146236,Pet-Friendly + Fenced Yard + Fire Pit + Near AVL,28806,Entire home/apt,8,3.0,4.0,241.0,1,410,3.79,4.82,1,0,60
20153704,"Private Studio By UNCA, Greenway & Downtown",28804,Entire home/apt,3,1.0,2.0,135.5,1,270,2.51,4.98,1,0,29
20154151,"Montford Oasis, 1 mile from Downtown Grove Arcade!",28801,Entire home/apt,2,1.0,1.0,127.5,2,186,1.72,4.9,1,0,22
20174635,Our serene cabin in the woods,28805,Entire home/apt,3,2.0,2.0,142.0,2,289,2.68,4.98,1,0,55
20208429,Historic Rose Cottage in Downtown Asheville!,28801,Entire home/apt,4,1.0,1.0,208.0,2,500,4.62,4.93,1,0,35
20231794,Cozy Rustic Cabin very close to downtown Asheville,28803,Entire home/apt,2,1.0,1.0,179.0,2,29,0.27,4.93,0,0,56
20241154,The Charming Chalet with Gorgeous Mountain Views,28803,Entire home/apt,6,3.0,4.0,244.5,2,360,3.39,4.95,1,0,66
20268605,Eclectic and Stylish Simplicity in a Rustic Setting,28805,Entire home/apt,2,2.0,1.0,192.0,1,478,4.45,4.95,0,0,41
20328686,"Great for groups! Minutes to downtown, parkway",28804,Entire home/apt,8,4.0,5.0,436.5,2,330,3.06,4.99,1,0,65
20441967,The Family Funhouse • HUGE Playground • Views,28806,Entire home/apt,7,3.0,4.0,431.0,2,230,2.15,4.93,1,0,68
20456408,Riverview Home in Asheville,28806,Entire home/apt,6,3.0,4.0,455.33,1,42,1.4,4.95,0,0,51
20456656,EZ Access 2 the Heart of AVL & Blue Ridge Pkwy.,28803,Entire home/apt,2,1.0,1.0,103.0,1,541,5.03,4.99,1,0,48
20473937,Craftsman Historic Home in River Arts District,28801,Entire home/apt,4,2.0,2.0,236.0,1,363,3.43,4.93,1,0,28
20482319,West AVL Garden Apartment,28806,Entire home/apt,3,1.0,1.0,138.0,1,303,2.82,4.83,0,0,52
20504787,PRIVATE & Cozy Guest House-Easy Access to Downtown,28803,Entire home/apt,2,1.0,1.0,77.5,2,453,4.21,4.96,1,0,40
20542316,Unique 3 Bedroom Urban Loft with fireplace,28801,Entire home/apt,8,3.0,4.0,309.37,30,1,0.03,5.0,0,0,51
20624327,Re-Visit Asheville - Near Downtown & Parkway,28805,Entire home/apt,2,1.0,1.0,114.33,3,101,0.95,4.84,1,0,22
20624404,Healing & Yoga Home 10min from Dtwn Asheville #I,28715,Private room,1,2.0,1.0,78.0,2,142,1.34,4.94,1,0,55
20638444,Stunning Long Range Mountain Views - 4 BR & 3 BA!,28805,Entire home/apt,10,4.0,8.0,504.65,1,86,0.82,4.99,1,0,58
20653416,Modern Asheville Greenway Residence w/ 2 Decks!,28806,Entire home/apt,7,3.0,4.0,468.67,3,84,0.84,4.93,0,0,34
20663042,Private lower level suite,28803,Entire home/apt,2,1.0,1.0,120.0,1,729,6.81,4.89,1,0,24
20665144,Perfect Friends/Family Bungalow in North Asheville,28804,Entire home/apt,6,3.0,4.0,256.77,2,304,2.87,4.95,0,0,41
20697183,Enjoy pet friendly Serenity Knoll!,28806,Entire home/apt,3,2.0,1.0,140.5,2,126,1.19,4.94,1,0,37
20701115,Private Hot Tub · Warm Fireplace · Extremely Clean,28806,Entire home/apt,4,1.0,2.0,218.0,2,28,0.26,5.0,1,0,60
20744040,Modern Mountain Retreat in North Asheville,28804,Entire home/apt,2,1.0,1.0,133.0,2,168,1.57,4.96,1,0,35
20744323,Blue Ridge Parkway Cabin Mins to Downtown,28803,Entire home/apt,9,3.0,8.0,508.0,1,218,2.05,4.89,1,0,43
20759062,Grove Park Guest Suite - Walk to Omni Grove Park,28804,Entire home/apt,2,1.0,1.0,186.5,1,238,2.24,4.99,1,0,36
20801691,Relaxing Studio Close to Trails and Town,28806,Entire home/apt,2,1.0,1.0,113.0,1,511,4.77,4.97,1,0,52
20804217,"HiTop • Walkable West Asheville, Birds & Balcony",28806,Entire home/apt,2,1.0,1.0,159.0,1,561,5.24,4.96,1,0,42
20815440,"Walk to downtown Asheville, private studio suite",28801,Entire home/apt,2,2.0,2.0,166.04,2,274,2.59,4.99,1,0,26
20830901,*Asheville Hub* AppalachianAbode,28806,Entire home/apt,4,1.0,2.0,217.0,1,93,0.87,4.57,0,0,26
20834615,Cozy Downtown Asheville Apartment -WALKABLE,28801,Entire home/apt,2,1.0,1.0,136.5,2,245,2.29,4.94,1,0,22
20855873,Cozy downtown walkable retreat.,28801,Entire home/apt,2,1.0,1.0,107.27,1,376,3.52,4.44,1,0,34
20858987,"views, pool, pets welcome, fenced backyard",28801,Entire home/apt,2,1.0,1.0,220.0,1,284,2.66,4.95,1,0,30
20970417,"Views, Sunsets, Privacy - Next to Grove Park Inn!",28804,Entire home/apt,2,1.0,1.0,220.0,2,248,2.44,4.96,1,0,44
20994069,Stay in a Charming Suite in an Asheville Bungalow,28803,Private room,2,2.0,1.0,126.5,2,76,0.72,4.99,1,0,37
20994289,King Bed Private Bathroom,28806,Private room,2,2.0,2.0,91.0,1,201,1.88,4.94,1,0,17
21013638,Garden Cottage 2.5 miles to downtown,28804,Entire home/apt,5,2.0,2.0,359.0,1,419,3.99,4.99,1,0,63
21176027,The Little Red Porch,28805,Entire home/apt,4,1.0,3.0,120.0,1,746,7.03,4.97,1,0,50
21189890,Private Asheville Home with Hot Tub and Game Room,28806,Entire home/apt,6,3.0,3.0,308.0,2,41,0.41,4.88,1,0,35
21278647,The Snookmore ~ Front Porch Views w/ Hot Tub,28805,Entire home/apt,10,3.0,3.0,395.5,2,259,2.49,4.99,1,0,64
21297231,The Shanty~Hot Tub~8 Miles to City of Asheville NC,28704,Entire home/apt,2,1.0,1.0,113.0,1,313,2.96,4.77,1,0,23
21312568,"The Birdhouse: Close to Biltmore, Downtown. SOLAR!",28803,Entire home/apt,2,2.0,2.0,45.57,21,237,2.43,4.97,1,0,36
21382558,The Snookery ~ Refuge a Mountain w/ Hot Tub,28805,Entire home/apt,12,4.0,4.0,471.0,2,298,2.87,4.97,1,0,64
21383423,Woodsy Spot in the City,28804,Entire home/apt,2,1.0,1.0,200.0,2,117,1.13,4.97,0,0,25
21432436,Minimum 21 day rental in lovely Grove Park,28804,Private room,1,1.0,1.0,45.1,10,26,0.33,5.0,1,0,56
21437451,Private Montford Guest Suite + Deck. Walk Downtown,28801,Entire home/apt,2,2.0,2.0,171.18,1,560,5.3,4.97,1,0,48
21456384,"Haven Under the Oaks in Arden, NC",28704,Entire home/apt,6,2.0,3.0,245.0,2,169,1.61,4.96,1,0,43
21566026,The Nature Nook near Asheville NC,28704,Entire home/apt,2,1.0,1.0,155.0,1,13,0.12,4.62,1,0,27
21580160,20-Acre Cabin w/ Pond: 5 Mi to Biltmore Estate!,28803,Entire home/apt,8,3.0,5.0,387.0,2,54,0.55,4.8,0,0,36
21591133,"Cozy & convenient in Asheville, Grove park area",28804,Entire home/apt,2,2.0,1.0,174.6,5,15,0.15,5.0,0,0,33
21631995,Cozy 2BR w/ Fireplace 5 Points Gem 1.2 mi 2 Dwntwn,28801,Entire home/apt,6,2.0,3.0,214.54,1,510,4.86,4.91,0,0,39
21709922,Relaxing River Oasis with Pool and Hot Tub,28704,Entire home/apt,8,4.0,5.0,506.0,3,36,0.35,4.97,0,0,36
21713835,Charming Getaway in Historic Downtown Asheville,28801,Entire home/apt,2,1.0,1.0,131.5,1,307,3.22,4.99,1,0,62
21784784,West Asheville Get-Away,28806,Entire home/apt,2,1.0,1.0,203.0,2,102,0.98,4.85,1,0,44
21798869,Montford Urban Treehouse,28801,Entire home/apt,3,1.0,2.0,220.33,30,5,0.06,5.0,0,0,55
21836696,Asheville 2 Bedroom Condo - Blocks From Downtown,28801,Entire home/apt,4,2.0,2.0,400.0,1,206,3.9,4.92,1,0,47
21911184,The Cottage at Winghaven—A Stunning Woodland Paradise,28732,Entire home/apt,8,3.0,6.0,251.06,2,267,2.63,4.96,1,0,55
21947972,Houz Zen: A Pet Friendly Private Suite,28704,Entire home/apt,3,1.0,3.0,117.0,2,833,8.03,4.96,1,0,62
22030235,Asheville Suite. Fast WiFi.  Minutes to downtown,28805,Entire home/apt,4,2.0,2.0,88.53,28,136,1.37,4.9,1,0,60
22049704,Our Little Getaway,28803,Entire home/apt,2,1.0,1.0,189.0,1,61,0.76,4.87,0,0,59
22063379,Quiet Bright Bedroom Close to Downtown,28804,Private room,1,2.0,2.0,83.0,1,546,5.24,4.98,1,0,56
22095619,Comfortable downtown Studio. Walk everywhere.,28801,Entire home/apt,2,2.0,1.0,110.69,1,518,5.0,4.56,1,0,32
22151438,Close to downtown Asheville pet friendly home,28806,Entire home/apt,9,4.0,5.0,405.5,2,290,2.8,4.97,0,0,53
22308959,Hot Tub & Mountain View Gameroom Sleeps 9,28715,Entire home/apt,9,4.0,5.0,373.0,1,372,3.66,4.6,0,0,72
22351697,Cozy Basement Suite: 5 minutes to town or mountain,28804,Entire home/apt,2,1.0,1.0,84.5,2,84,0.85,4.92,1,0,26
22486185,Tiny Home in Asheville - new hot tub and back deck,28805,Entire home/apt,2,1.0,1.0,99.28,1,891,8.88,4.92,1,0,54
22511514,AVL Sunshine Daydream House 6 Miles from Downtown,28806,Entire home/apt,8,3.0,5.0,225.95,1,810,8.02,4.96,1,0,58
22517744,Serenity Cottage w/HOT TUB & Courtyard,28806,Entire home/apt,4,1.0,2.0,154.5,2,450,4.38,4.94,1,0,62
22530746,"Cozy Convenience: King Beds, 3 miles to Biltmore",28803,Entire home/apt,5,2.0,2.0,163.0,2,168,1.64,4.92,1,0,45
22589049,Stunning 1902 Cottage! Walk to downtown Asheville!,28801,Entire home/apt,4,2.0,2.0,138.3,30,10,0.12,4.9,0,0,28
22594761,Newly Renovated Private Lower Lvl Suite in Oakley,28803,Entire home/apt,4,2.0,2.0,1191.5,2,230,2.25,4.91,1,0,52
22792399,Best Location in Asheville Close to Live Music,28801,Entire home/apt,2,1.0,2.0,171.0,1,223,2.18,4.92,0,0,39
22921667,No Pet Fee ~ West Avl Tiny Home ~ 3mi to Downtown,28806,Entire home/apt,2,2.0,1.0,185.0,1,417,4.13,4.86,0,0,51
22944749,Spacious Stay 4Mi to Downtown Sleeps 6 Pets Ok,28806,Entire home/apt,6,3.0,3.0,276.0,2,256,2.53,4.95,0,0,44
22984192,"Private apt, Easy walk to town and river arts",28801,Entire home/apt,2,1.0,1.0,116.5,1,512,5.08,4.96,1,0,47
23017092,"Family Retreat w/ Game Room, near AVL Airport",28704,Entire home/apt,16,6.0,9.0,738.05,2,97,0.95,5.0,0,0,71
23025024,"5Points Guesthouse.  Walk to downtown, lots of sun",28801,Entire home/apt,2,1.0,2.0,82.32,3,71,0.7,4.97,1,0,54
23068704,Solo Traveler's Dream,28806,Private room,1,2.0,1.0,49.67,3,198,2.45,4.86,1,0,52
23076921,North Asheville Urban Forest,28804,Private room,2,2.0,1.0,87.0,1,480,4.78,4.96,1,0,34
23084647,Cozy Little Farmette Minutes to Downtown Asheville,28805,Private room,2,1.0,1.0,137.0,2,116,1.22,4.97,1,0,32
23150406,The Flint Street House downtown Historic Montford,28801,Entire home/apt,4,2.0,2.0,172.0,1,937,9.2,4.89,1,0,45
23285263,Ultimate Asheville Airbnb #location,28805,Entire home/apt,6,2.0,2.0,148.0,1,511,5.49,4.94,1,0,36
23343151,City Casita Downtown - FREE Parking!,28801,Entire home/apt,2,1.0,1.0,136.94,2,417,4.85,4.97,1,0,50
23393644,Convenient king suite---walk to downtown!,28801,Private room,2,2.0,1.0,98.0,2,276,2.73,4.79,0,0,44
23451262,Clean and Cozy Cottage - 8 mins to Biltmore,28803,Entire home/apt,3,1.0,2.0,123.14,1,475,4.73,4.95,1,0,52
23459329,Family-Run · Warm Fireplace · 2 Miles to Asheville,28806,Entire home/apt,6,2.0,3.0,356.0,2,22,0.22,5.0,1,0,59
23480306,Asheville East Retreat,28805,Entire home/apt,4,1.0,3.0,109.0,1,682,6.8,4.98,1,0,50
23516374,Charming Cottage-Walk&Overlooking DT AVL- Hot Tub,28801,Entire home/apt,3,1.0,3.0,187.0,1,873,8.66,4.95,1,0,79
23523473,Steampunk Tiny House | Pet Friendly+Fenced | AVL,28804,Entire home/apt,2,1.0,1.0,154.06,1,845,8.36,4.97,1,0,60
23558686,Spacious & Cozy Oasis in Asheville,28806,Entire home/apt,3,1.0,1.0,139.22,1,731,7.32,4.98,1,0,41
23562622,"Asheville Monthly Rental, Furnished & utilities",28803,Entire home/apt,4,2.0,2.0,132.0,1,17,0.17,5.0,0,0,61
23578212,Central Downtown Luxury Contemporary Residence 201,28801,Entire home/apt,2,1.0,1.0,349.0,1,147,1.77,4.98,1,0,44
23579032,Central Downtown Luxury Contemporary Residence 202,28801,Entire home/apt,4,1.0,2.0,374.31,1,137,1.65,5.0,1,0,47
23579231,Central Downtown Luxury Contemporary Residence 301,28801,Entire home/apt,4,2.0,2.0,673.5,1,87,1.1,5.0,1,0,36
23623536,Downtown Asheville @ Your Doorstep- Clean & Cozy!,28801,Entire home/apt,5,2.0,3.0,205.5,2,263,2.65,4.89,1,0,58
23675467,"Stunning View, Cozy Goats + Waffles; Asheville!",28806,Entire home/apt,5,1.0,3.0,140.0,2,467,4.71,4.99,1,0,62
23740885,"Private Cottage with Yard,  Great Location",28803,Entire home/apt,2,2.0,1.0,148.5,2,155,1.55,4.92,0,0,48
23745497,West Asheville Hideaway,28806,Entire home/apt,2,1.0,1.0,194.0,1,141,1.4,4.95,1,0,39
23859316,Lake View House 3 Miles to Downtown,28804,Entire home/apt,4,2.0,2.0,221.0,1,1041,10.58,4.98,1,0,56
23859984,Large West Asheville Garden Level Suite!,28806,Entire home/apt,4,1.0,2.0,213.0,2,167,1.67,4.89,1,0,47
23874576,Treetops cozy hilltop loft Mtn views,28806,Entire home/apt,2,1.0,1.0,139.22,1,548,5.47,4.97,1,0,50
23877206,Lodges at beaver lake unit 302,28804,Entire home/apt,4,1.0,2.0,194.0,2,64,0.64,4.72,0,0,38
23919596,Asheville - Blue Ridge Parkway Getaway,28804,Entire home/apt,4,1.0,2.0,66.19,3,300,3.05,4.79,0,0,32
23935850,Hot Tub… Relaxing Retreat,28801,Entire home/apt,4,2.0,2.0,328.09,2,122,1.22,4.74,0,0,49
24056179,TheRedHenCottage*HotTub*Asheville*withEVcharger!,28804,Entire home/apt,5,2.0,2.0,222.0,1,238,2.38,4.88,1,0,48
24098735,80 LEX 201 Exquisite Downtown Apt,28801,Entire home/apt,3,1.0,1.0,416.0,1,373,3.79,4.99,1,0,49
24222452,AVL Bungalow - 5 mins to DT,28804,Entire home/apt,4,2.0,2.0,274.0,1,256,2.69,4.93,1,0,69
24280176,Spacious 2 bedroom apartment near Biltmore Estate,28732,Entire home/apt,4,2.0,2.0,158.0,1,390,4.14,4.97,1,0,40
24306486,Hot Tub • Fire Pit • Near DT Asheville Retreat,28803,Entire home/apt,6,3.0,3.0,253.5,2,524,5.3,4.98,1,0,67
24347730,2 FULL Baths. 2 BRs. Right Downtown. Quiet.,28801,Entire home/apt,4,2.0,2.0,436.33,2,183,1.84,4.98,0,0,49
24373135,Bailey Ridge,28806,Entire home/apt,8,3.0,3.0,271.5,2,40,0.41,4.98,0,0,36
24387676,Brookstone Lodge Asheville Biltmore Village Area,28803,Hotel room,4,1.0,2.0,193.0,1,93,0.95,4.6,0,0,27
24396068,"Seven Oaks: Cozy, Artsy, Central Nestled in Nature",28805,Entire home/apt,6,2.0,3.0,176.0,2,362,3.65,4.98,0,0,67
24425345,"Mountain Views, Minutes to Work",28803,Entire home/apt,2,1.0,1.0,72.3,30,4,0.04,5.0,0,0,45
24428641,Enchanting Cottage near Downtown Asheville,28805,Entire home/apt,8,3.0,6.0,537.0,2,177,1.78,5.0,1,0,40
24445744,The Pirate Ship Studio – Cozy Asheville Escape,28806,Entire home/apt,2,1.0,1.0,104.67,2,260,2.61,4.9,1,0,41
24476866,Imaginarium,28806,Entire home/apt,2,1.0,3.0,115.5,2,462,4.69,4.98,1,0,48
24492331,Historic Asheville Home - Montford (Walk Downtown),28801,Entire home/apt,9,5.0,4.0,524.53,30,1,0.01,5.0,0,0,19
24493492,Edwin Place,28801,Private room,4,2.0,3.0,137.0,1,164,1.66,4.98,1,0,21
24678233,Biltmore and Brewery Base-Camp,28803,Entire home/apt,2,1.0,1.0,51.27,30,14,0.14,5.0,0,0,25
24697002,Tent Site #2 @The Baying Hound Campground,28806,Entire home/apt,4,2.0,1.0,34.0,1,54,0.55,4.83,1,0,19
24766296,"Green Acres Groove w/ HOT TUB,  8 Miles to ASHV",28704,Entire home/apt,7,3.0,3.0,278.45,1,115,1.22,4.79,1,0,33
24797144,Sweet Suite in Asheville Y'all!,28803,Entire home/apt,4,1.0,1.0,133.0,1,472,4.79,4.97,1,0,46
24817711,The Asheville Frog,28804,Entire home/apt,2,1.0,1.0,172.0,1,576,6.11,4.98,1,0,55
24834700,Woodland Retreat w/HOT TUB & DECKS,28805,Entire home/apt,8,4.0,5.0,455.5,2,249,2.54,4.85,1,0,65
24885757,EastWest Asheville with Private Entrance,28806,Private room,2,1.0,1.0,104.0,1,177,1.8,4.86,0,0,22
24894370,Laura's Landing,28801,Private room,2,2.0,1.0,163.5,2,353,3.58,5.0,1,0,45
24895256,#3 Dogwood Room - Oakland Cottage B&B,28801,Private room,3,2.0,2.0,235.0,1,9,0.12,4.89,0,0,26
24916446,Birds Song Paradise in Sweet Neighborhood by Joy,28806,Entire home/apt,3,1.0,2.0,155.0,1,340,3.44,4.84,0,0,54
24945996,Loft in the Countryside,28704,Entire home/apt,4,1.0,1.0,160.0,1,343,3.49,4.99,1,0,55
25013010,Modern Bungalow Just 10 Minutes Walk to Downtown,28801,Private room,2,2.0,1.0,106.0,1,609,6.25,4.9,1,0,49
25068792,Spacious House 12 minutes from Downtown Asheville,28804,Entire home/apt,11,4.0,7.0,299.5,2,346,3.52,4.92,1,0,67
25132222,"Luxury home w/ chef's kitchen, screened porch",28805,Entire home/apt,8,4.0,5.0,452.33,2,80,0.83,4.91,1,0,63
25135803,80 LEX 202 Iconic Downtown Location,28801,Entire home/apt,2,1.0,1.0,401.0,1,354,3.6,4.99,1,0,46
25138871,Tent Site #1 @The Baying Hound Campground,28806,Entire home/apt,4,2.0,2.0,32.0,1,106,1.08,4.84,1,0,18
25251626,Honey's Place: Asheville • River Arts • Biltmore,28804,Entire home/apt,5,2.0,4.0,101.5,2,489,4.98,4.89,1,0,43
25281090,Very Special Downtown Asheville Loft,28801,Entire home/apt,2,1.0,1.0,304.33,3,85,0.96,4.89,0,0,41
25322676,Private Suite with in-house massage,28806,Private room,2,2.0,1.0,160.0,1,433,4.41,4.91,1,0,48
25418819,Tiny Home at the Gardens—Near Center of Asheville,28803,Entire home/apt,3,2.0,2.0,150.0,1,465,4.78,4.98,1,0,47
25422541,West Asheville Private Studio Apartment,28806,Entire home/apt,2,1.0,1.0,85.5,2,138,1.43,4.91,1,0,55
25471043,"1 Mile from Downtown, Patio w/ Sunset View!",28801,Entire home/apt,2,1.0,1.0,144.0,2,562,5.86,4.97,1,0,53
25479162,Studio #1 / Modern Design / 8mins to DWTN AVL,28803,Entire home/apt,2,1.0,1.0,134.5,2,251,2.56,4.94,1,0,24
25518066,Cave Creek Hideaway,28704,Entire home/apt,8,3.0,4.0,183.0,2,440,4.51,4.96,1,0,29
25519478,80 LEX 203 Eclectic Industrial Apt,28801,Entire home/apt,2,1.0,1.0,304.0,1,265,2.72,4.97,1,0,49
25519626,80 LEX 204 Industrial Chic Apt,28801,Entire home/apt,2,1.0,1.0,368.0,1,327,3.36,4.98,1,0,50
25977047,West Asheville Gem! *Laundry service included!,28806,Entire home/apt,4,1.0,2.0,128.52,7,49,0.58,4.98,1,0,56
26012053,"""The Grotto"" Private King-size Suite",28806,Entire home/apt,3,1.0,2.0,110.33,3,147,1.51,4.92,1,0,38
26038824,"""Asheville's Good Vibes Suite""Hot Tub&Pet Friendly",28806,Entire home/apt,4,1.0,2.0,193.03,1,663,6.81,4.97,1,0,63
26103338,Stylish Asheville Home Walking Distance to City,28801,Private room,2,2.0,1.0,98.14,1,656,6.73,4.89,1,0,49
26160335,Historic King Room on 2nd floor in B&B,28801,Private room,2,2.0,1.0,321.0,1,14,0.15,5.0,0,0,29
26190390,Near Downtown Asheville,28804,Entire home/apt,4,1.0,4.0,139.0,2,544,5.59,4.97,0,0,54
26276337,"3 Mile Cabin, 3 miles to Downtown, Hot Tub, Views",28806,Entire home/apt,3,1.0,1.0,217.0,1,510,5.25,4.97,1,0,42
26280621,"Convenience, Charm and Comfort",28801,Entire home/apt,3,1.0,2.0,95.88,7,4,0.05,5.0,1,0,60
26281901,Asheville Cabin-Esque Getaway | 3 Bdrms,28804,Entire home/apt,7,3.0,4.0,288.0,1,131,1.35,4.52,1,0,71
26298501,Double Tent Site #3 @The Baying Hound Campground,28806,Entire home/apt,8,2.0,2.0,43.0,1,61,0.63,4.82,1,0,21
26305653,Cozy Comfy Eclectic Home in West Asheville near Downtown,28806,Entire home/apt,4,2.0,2.0,277.33,1,275,2.84,4.96,1,0,46
26339145,The Old Soul Cabin | 4 Bdrms,28804,Entire home/apt,10,4.0,6.0,368.66,1,213,2.26,4.62,1,0,71
26410860,West Asheville loft,28806,Entire home/apt,3,1.0,2.0,199.0,1,75,0.77,4.96,1,0,32
26454939,Healing & Yoga Home 10min from Dtwn Asheville #2,28715,Private room,1,2.0,1.0,74.5,2,170,1.77,4.88,1,0,54
26528680,Billiards Bunkhouse- Koi Pond & Outdoor Fireplace,28806,Entire home/apt,3,2.0,2.0,165.67,3,66,0.69,4.98,0,0,49
26634224,Tent Site #4 @The Baying Hound Campground,28806,Entire home/apt,4,2.0,2.0,31.0,1,87,0.9,4.69,1,0,20
26637023,Close to All The Fun!,28804,Entire home/apt,2,1.0,1.0,55.51,30,22,0.25,4.82,0,0,39
26639631,Mt Air Private Apt.,28803,Entire home/apt,2,1.0,1.0,138.0,1,207,2.15,4.97,1,0,51
26690388,Convenient and Cozy Lookout Retreat,28804,Entire home/apt,2,1.0,1.0,101.5,2,488,5.17,4.98,1,0,47
26721327,Mountain Home - Game RM near Biltmore & Breweries,28704,Entire home/apt,14,6.0,9.0,688.0,2,55,0.59,5.0,0,0,72
26753930,"Bright, cozy Asheville suite w/ private entrance",28803,Entire home/apt,2,1.0,1.0,97.0,1,525,5.45,4.96,1,0,36
26802744,All Things Bright & Beautiful Apt  (Newly Built),28806,Entire home/apt,4,2.0,2.0,142.65,1,189,1.97,4.99,1,0,57
26829259,Creekside ~ w/HOTTUB~  8 miles to downtown Ashe NC,28704,Entire home/apt,2,1.0,1.0,182.0,1,365,3.77,4.78,1,0,30
26910515,"Bright guest suite, hiking access | 7 Min to town",28805,Entire home/apt,4,1.0,2.0,166.0,1,459,4.8,4.97,1,0,54
26954553,The Last Minute Cottage Getaway,28806,Entire home/apt,2,2.0,1.0,132.0,1,543,5.63,4.98,1,0,26
27019129,No Bad Stays,28806,Entire home/apt,2,1.0,1.0,79.93,14,8,0.08,5.0,0,0,55
27132022,Just an easy 10 minutes from downtown Asheville!,28806,Entire home/apt,2,1.0,1.0,116.0,2,345,3.87,4.99,1,0,51
27156940,Cottage in the Trees- Walk Downtown AVL- Hot Tub,28801,Entire home/apt,2,1.0,2.0,208.84,1,868,9.05,4.97,1,0,74
27285680,Heart and Hearth Cottage,28806,Entire home/apt,12,6.0,7.0,599.12,2,106,1.12,4.96,1,0,39
27337463,Downtown Condo Self Checkin. Walk Everywhere -Safe,28801,Entire home/apt,3,1.0,1.0,205.0,2,387,4.05,4.89,1,0,44
27340168,DOWNTOWN ASHEVILLE: Healing Homestead,28801,Private room,2,2.0,1.0,127.0,1,275,2.86,4.89,1,0,45
27461996,"Modern, spacious, dog friendly W. Asheville studio",28806,Entire home/apt,2,2.0,1.0,194.0,1,348,3.63,4.93,1,0,55
27486807,South Asheville Serenity,28803,Entire home/apt,10,3.0,8.0,391.0,2,99,1.05,4.93,0,0,52
27549214,Skyview,28804,Entire home/apt,6,2.0,3.0,323.33,3,80,0.85,4.9,0,0,48
27566298,Welcome to Asheville! Private room #1,28806,Private room,2,2.0,1.0,108.0,1,615,6.41,4.88,1,0,37
27689813,Quiet Family Retreat | 10min Downtown & Biltmore,28803,Entire home/apt,8,3.0,3.0,312.0,2,215,2.25,4.9,1,0,67
27699328,Grove Park Bungalow,28804,Entire home/apt,8,3.0,4.0,258.13,30,13,0.15,4.77,0,0,49
27759123,Malvern Phoenix - West Asheville,28806,Entire home/apt,4,1.0,2.0,89.5,2,504,5.28,4.95,0,0,43
27853519,Welcome to Asheville! Private room #2,28806,Private room,2,2.0,1.0,85.0,1,591,6.19,4.9,1,0,39
27931927,Secluded forest retreat near Biltmore and Downtown,28803,Entire home/apt,2,1.0,1.0,228.0,1,358,3.76,4.95,1,0,51
28133323,Asheville Mt Serendipity-Town Mt near downtown,28804,Entire home/apt,4,1.0,3.0,197.0,2,109,1.17,4.91,1,0,58
28142713,Natural Homestay in Downtown Asheville,28801,Private room,1,2.0,1.0,143.0,1,301,3.16,4.88,1,0,34
28245965,Downtown Artist Loft for Five,28801,Entire home/apt,5,1.0,1.0,432.8,3,17,0.18,5.0,1,0,35
28466957,Asheville - Mountain Bike & Hike in Bent Creek!,28806,Entire home/apt,4,1.0,1.0,109.0,1,418,4.43,4.98,1,0,40
28566916,yoga hOMe retreat,28806,Entire home/apt,6,2.0,2.0,205.0,2,144,1.76,4.98,0,0,50
28583038,Historic Cottage With Private Garden and Fire Pit,28804,Entire home/apt,2,1.0,1.0,359.0,2,137,1.46,4.96,1,0,53
28610923,HeirloomHeArt - 10 Miles from Downtown Asheville,28715,Entire home/apt,2,1.0,1.0,91.0,1,64,0.68,4.92,0,0,32
28712523,2BR Condo w/ Balcony + Free Tix | Walk to Downtown,28801,Entire home/apt,6,2.0,4.0,464.0,1,271,2.95,4.97,1,0,52
28758757,2 bd apt w/ private porch only 10 min to downtown,28804,Entire home/apt,4,2.0,2.0,228.5,2,173,1.85,4.99,1,0,45
28777663,ShovelheadExpress,28803,Entire home/apt,4,1.0,2.0,165.5,2,79,0.84,4.91,0,0,33
28843687,West Asheville Haven,28806,Entire home/apt,6,3.0,3.0,218.39,28,0,1.66,4.94,0,0,38
28865830,Asheville Forest Retreat| 4 BR |15mins to Downtown,28803,Entire home/apt,10,4.0,7.0,378.41,1,168,1.9,4.67,1,0,66
28960407,Gorgeous Mountain Views; Asheville luxury escape,28804,Entire home/apt,3,1.0,2.0,257.0,2,143,1.54,5.0,0,0,62
29003338,"Mtn Views, Hot Tub, 10min to DT+ Biltmore, EV",28803,Entire home/apt,6,3.0,4.0,453.0,1,224,2.42,4.99,1,0,75
29026930,🏃‍♂️Walkable West Asheville,28806,Entire home/apt,3,1.0,2.0,132.0,2,371,3.99,4.98,1,0,38
29052301,Five Stars in Five Points,28801,Entire home/apt,2,1.0,1.0,126.0,2,225,2.41,4.94,1,0,25
29073142,"1 Mile To Downtown Asheville, Dog Friendly",28804,Entire home/apt,2,1.0,1.0,140.0,1,868,9.27,4.96,1,0,47
29098489,Blue Ridge Parkway Treehouse,28704,Entire home/apt,3,2.0,2.0,165.5,2,370,3.96,4.97,1,0,39
29187033,Cozy Cruise Inn,28806,Entire home/apt,4,2.0,2.0,144.33,3,78,0.87,4.9,1,0,37
29204619,The Owl's Nest Studio Apt,28804,Entire home/apt,2,2.0,1.0,161.0,1,537,5.86,5.0,1,0,43
29208295,Studio Apartment in West Asheville Private Home,28806,Private room,3,1.0,3.0,83.33,2,423,4.52,4.9,1,0,53
29228806,Modern Mountain Escape | Private Fireplace & Views,28804,Entire home/apt,3,1.0,1.0,144.67,3,145,1.73,4.93,0,0,43
29301481,"Hot Tub, Views + Biltmore Pass,18 Min to Asheville",28803,Entire home/apt,16,7.0,12.0,1040.0,2,24,0.29,4.67,1,0,61
29358894,Mountain Views Near Asheville + Biltmore Pass,28804,Entire home/apt,8,3.0,4.0,528.0,2,22,0.25,4.77,1,0,52
29482441,"Romantic Cabin + Biltmore Pass,20 Min to Asheville",28806,Entire home/apt,2,1.0,2.0,166.5,2,37,0.44,4.78,1,0,47
29491343,Your Asheville Adventure Base,28804,Entire home/apt,6,3.0,3.0,241.5,2,385,4.26,4.98,1,0,55
29634104,Daylily Delight- Camper on a farm close to town,28806,Entire home/apt,1,1.0,2.0,106.5,2,81,0.88,4.91,1,0,54
29657686,Asheville Oasis ~ near Downtown,28804,Entire home/apt,4,1.0,4.0,216.5,2,75,0.81,4.91,0,0,32
29674621,Historic Victorian Home near Aston Park,28801,Entire home/apt,5,2.0,2.0,179.33,2,405,4.5,4.87,0,0,41
29678853,Walk to downtown Asheville from this chic studio!,28801,Entire home/apt,2,2.0,1.0,92.93,30,8,0.11,5.0,0,0,16
29732553,Mountain views close to everything in Asheville!,28803,Entire home/apt,10,3.0,2.0,211.98,90,214,2.32,4.97,0,0,69
29791163,Modern Round House • Mountain Views • 8 Min DT AVL,28804,Entire home/apt,6,3.0,3.0,553.0,2,261,2.85,4.97,1,0,63
29793507,Upstream Bachelorette Oasis - New Wedding Venue,28806,Entire home/apt,16,6.0,13.0,971.5,2,87,1.01,5.0,0,0,49
29798879,Asheville Getaway Beautiful Mountain/Valley View,28803,Entire home/apt,2,1.0,1.0,160.0,2,325,6.32,4.99,1,0,50
29852630,"Rustic Luxury + Biltmore Pass, 12min Asheville",28804,Entire home/apt,9,4.0,6.0,513.0,2,81,0.93,4.7,1,0,50
29852695,Rose Hill Country Cottage by CM | Near Hiking,28803,Entire home/apt,2,1.0,1.0,252.5,2,52,0.57,4.88,1,0,49
29895223,Crows Nest 2.0 • 10 min Walk Downtown Asheville,28801,Entire home/apt,4,2.0,2.0,228.5,2,87,0.94,4.99,1,0,47
29902436,Modern Shipping Container Home,28803,Entire home/apt,3,2.0,2.0,247.0,1,413,4.45,4.99,0,0,36
30043315,West AVL & River Arts Oasis - Private & Walkable,28806,Entire home/apt,2,1.0,1.0,120.96,1,374,4.09,4.93,0,0,34
30050870,The Hill on Lexington Market,28801,Entire home/apt,4,1.0,2.0,122.51,2,385,4.22,4.89,1,0,37
30067056,"12 mins to DT Asheville & Biltmore, Mt. View",28803,Entire home/apt,13,4.0,7.0,471.0,2,90,1.0,4.8,1,0,56
30103018,"10 Min to DT Asheville- Biltmore, Fire pit, View",28803,Entire home/apt,16,4.0,8.0,743.5,2,83,0.9,4.92,1,0,57
30174581,"Biltmore Village Apt, close to the Estate entrance",28803,Entire home/apt,2,1.0,1.0,196.0,3,77,0.88,4.99,0,0,42
30183789,"Rose Ranch Montford 1, central, private suite",28801,Private room,2,2.0,1.0,74.18,2,351,3.83,4.88,1,0,43
30232435,Luxury Downtown Asheville Loft,28801,Entire home/apt,11,4.0,5.0,1286.0,2,202,2.46,4.96,1,0,46
30247995,Private and wooded! Minutes to Downtown Asheville!,28806,Entire home/apt,4,1.0,2.0,123.93,1,297,3.26,4.95,1,0,43
30530457,Stylish luxury downtown condo with parking,28801,Entire home/apt,2,1.0,1.0,316.5,2,208,2.26,4.97,1,0,33
30533902,Carol's Creek House,28805,Entire home/apt,4,1.0,2.0,159.0,1,178,3.14,4.96,1,0,58
30558665,Asheville Yoga Training? Here's your spot!,28801,Private room,2,2.0,1.0,159.0,1,50,0.55,4.98,1,0,48
30686620,Cozy Asheville Getaway Mountain/Valley View,28803,Entire home/apt,2,1.0,1.0,126.0,2,484,5.28,4.98,1,0,49
30766159,Secluded MtnTop Luxe-Spectacular Views-Hotub-FrPit,28803,Entire home/apt,16,7.0,12.0,1845.0,3,97,1.11,4.96,1,0,72
30853857,Blue Ridge Retreat,28806,Entire home/apt,2,1.0,1.0,188.0,1,433,4.77,4.95,1,0,49
31018757,Pink House on Floyd,28803,Entire home/apt,6,3.0,5.0,348.5,2,216,2.37,4.88,1,0,57
31071936,Conveniently Located 5-Minutes to Downtown,28801,Entire home/apt,4,1.0,2.0,169.5,2,93,1.02,4.89,0,0,39
31087353,"Bright Downtown Asheville Loft | Walkable, Balcony",28801,Entire home/apt,2,1.0,1.0,311.0,2,503,5.65,4.97,1,0,48
31186872,Walk to Downtown Asheville + River Arts District,28801,Entire home/apt,2,1.0,1.0,132.41,2,383,4.45,4.97,1,0,48
31208516,"Rose Ranch Montford 2, central, private suite",28801,Private room,2,2.0,2.0,91.5,2,323,3.6,4.89,1,0,43
31241544,Cottage Under the Blue Ridge,28805,Entire home/apt,6,2.0,2.0,242.5,2,557,6.14,4.99,1,0,31
31260007,South Slope Rooftop Patio Townhome with Elevator,28801,Entire home/apt,6,2.0,2.0,559.25,1,179,1.99,4.95,1,0,47
31260089,Almost Heaven Mountain Top Cabin-Asheville,28805,Entire home/apt,5,3.0,4.0,385.5,2,99,1.22,4.98,0,0,62
31264528,Cozy Get Away: West Asheville 2 MI to downtown,28806,Private room,2,1.0,1.0,91.5,1,77,0.91,4.84,0,0,28
31267687,Your Downtown Asheville Pet-Friendly Oasis,28801,Entire home/apt,4,1.0,2.0,247.5,1,227,2.51,4.85,1,0,39
31315518,Rare Three Bedroom in Downtown Asheville,28801,Entire home/apt,8,3.0,4.0,324.83,2,107,1.19,4.82,1,0,36
31318558,Awesome Fifth Floor Views,28801,Entire home/apt,4,1.0,2.0,217.75,1,191,2.12,4.87,1,0,40
31318559,Two Bedroom Downtown Balcony Condo Sleeps Six,28801,Entire home/apt,6,2.0,2.0,293.5,1,94,1.04,4.83,1,0,41
31318560,Two Bedroom in Ideal Downtown Location,28801,Entire home/apt,6,2.0,3.0,272.75,1,151,1.7,4.82,1,0,37
31318561,Heart of Downtown Sunrise Balcony Pet Friendly,28801,Entire home/apt,6,2.0,3.0,339.75,1,164,1.84,4.88,1,0,43
31318562,Balcony Condo in Downtown Asheville,28801,Entire home/apt,7,2.0,4.0,332.5,1,71,0.79,4.69,1,0,42
31318564,Three Bedroom Beauty in Central Downtown,28801,Entire home/apt,8,3.0,4.0,443.5,1,95,1.07,4.82,1,0,39
31318566,Three Bed Three Bath Central Downtown Condo,28801,Entire home/apt,8,3.0,4.0,443.5,1,155,1.73,4.86,1,0,36
31321220,Roomy and Accessible Downtown Balcony Condo,28801,Entire home/apt,6,2.0,3.0,306.5,1,57,0.64,4.81,1,0,40
31337044,Newly renovated apartment with private entrance,28805,Entire home/apt,2,1.0,1.0,160.0,2,72,0.88,4.96,0,0,48
31407515,The Cherry Cottage - Downtown,28801,Entire home/apt,6,2.0,3.0,346.35,2,524,5.78,4.99,1,0,39
31411568,The Cumberland Cottage - Downtown,28801,Entire home/apt,6,2.0,3.0,346.35,2,514,5.7,4.99,1,0,51
31412553,Free parking! Fantastic downtown apartment,28801,Entire home/apt,5,2.0,3.0,226.53,2,168,2.46,4.86,1,0,50
31414815,Charming Private Cottage in the Heart of Downtown!,28801,Entire home/apt,7,3.0,5.0,500.0,3,86,0.97,5.0,1,0,51
31460257,Relax in our cozy studio filled with local art,28804,Entire home/apt,2,1.0,1.0,172.0,1,628,7.07,4.99,1,0,39
31493518,Cooper Cottage,28715,Entire home/apt,2,1.0,1.0,97.0,1,452,5.01,4.98,1,0,34
31511845,Bent Creek Escape,28806,Private room,2,1.0,2.0,148.0,1,278,3.07,4.98,1,0,39
31516196,Emily's Cottage,28804,Entire home/apt,4,2.0,4.0,120.24,17,12,0.14,4.92,0,0,20
31519951,Asheville Forest Hideaway| 3BR | 15mins to Downtwn,28803,Entire home/apt,7,3.0,4.0,294.54,1,92,1.02,4.85,1,0,64
31565062,Scenic Stay at The Caroline Townhome,28804,Entire home/apt,9,4.0,7.0,631.67,3,46,0.52,4.96,0,0,62
31598200,Lofts of the Mountains ll,28715,Entire home/apt,4,2.0,2.0,194.0,3,15,0.24,4.8,1,0,31
31621623,Asheville 2 Cozy Bungalow. Pets OK!  5 Min To Dwtn,28804,Entire home/apt,5,2.0,2.0,215.0,1,363,4.02,4.86,1,0,67
31648019,One Groovy Place~8 miles to downtown ASHE~ Hot Tub,28704,Entire home/apt,2,1.0,1.0,204.27,1,221,2.79,4.83,1,0,34
31681780,Spacious Sunset View Condo,28801,Entire home/apt,4,1.0,2.0,252.5,1,151,1.69,4.81,1,0,35
31681782,Bring Your Pets to this Spacious Condo,28801,Entire home/apt,6,2.0,3.0,309.5,1,133,1.47,4.73,1,0,33
31681784,Downtown Condo with Stunning Mountain Views,28801,Entire home/apt,4,2.0,2.0,333.5,1,127,1.42,4.91,1,0,33
31682606,"Asheville View, Comfort, and Convenience",28803,Private room,1,2.0,2.0,217.0,2,3,0.04,5.0,0,0,8
31693217,Fire Pit | Fenced Yard | Safe | Modern | Inclusive,28806,Entire home/apt,4,1.0,2.0,186.5,2,427,4.76,4.87,1,0,50
31742907,The Hilltop Hideaway,28806,Entire home/apt,6,3.0,3.0,367.33,3,73,0.84,4.92,1,0,38
31834926,Tranquility in the Mountains,28805,Entire home/apt,2,1.0,1.0,111.0,2,321,3.58,4.94,1,0,32
31879154,Escape to a Cozy Bungalow near downtown,28801,Entire home/apt,1,1.0,2.0,122.58,30,5,0.08,5.0,0,0,28
31902908,Asheville Orange Oasis,28805,Entire home/apt,4,2.0,2.0,115.0,1,476,5.33,4.95,1,0,47
31906884,Mountain Magic,28803,Private room,2,2.0,1.0,79.88,7,5,0.06,5.0,0,0,13
31922275,Steps from Harrah’s Cherokee Center,28801,Entire home/apt,2,1.0,1.0,157.0,2,300,3.35,4.9,1,0,28
32134137,Spacious Two Bedroom Downtown Balcony Condo,28801,Entire home/apt,6,2.0,3.0,353.5,1,256,2.9,4.83,1,0,35
32164395,"Asheville ready for you! GreatView,Dogs,Duplex A",28805,Entire home/apt,3,1.0,2.0,193.5,2,83,0.94,4.99,0,0,37
32301460,"King bed, hot tub, fire pit, 11 mi to downtown AVL",28803,Entire home/apt,12,3.0,5.0,504.0,1,330,3.71,4.92,1,0,62
32328388,Pet-friendly- Fenced yard- Full Kitchen -UN1,28715,Entire home/apt,4,2.0,2.0,114.5,2,189,2.11,4.92,1,0,39
32332610,"Pets, fenced yard- Full Kitchen- UN2",28715,Entire home/apt,4,1.0,1.0,137.0,2,80,0.9,4.98,1,0,46
32415241,Cal’s Cabin,28803,Entire home/apt,6,3.0,4.0,278.5,2,387,4.42,4.84,1,0,39
32424479,Private Luxe Bungalow • Quiet Escape Near Biltmore,28803,Entire home/apt,2,2.0,2.0,147.44,1,800,9.26,4.96,1,0,57
32572351,Immaculate Inside · Hot Tub · Warm Fireplace,28806,Entire home/apt,4,1.0,2.0,261.0,2,11,0.13,5.0,1,0,59
32577436,Explorers Retreat 2 mi to Dwtn + Firepit & Yard,28804,Entire home/apt,2,1.0,1.0,144.0,1,83,0.96,4.88,1,0,58
32607516,Private North Asheville Bungalow No Cleaning fees,28804,Entire home/apt,3,1.0,1.0,139.22,1,745,8.36,4.99,1,0,58
32671236,Asheville Country Cabins - Sunflower,28803,Entire home/apt,6,2.0,2.0,401.0,2,88,1.0,4.99,1,0,76
32734094,Cabin 2.2 miles from downtown Asheville,28804,Entire home/apt,8,3.0,3.0,298.67,3,84,0.95,4.95,1,0,51
32740257,Unique luxe modern cabin close to downtown Avl/BRP,28804,Entire home/apt,2,1.0,1.0,343.33,3,261,3.02,5.0,1,0,67
32760750,Asheville 1 Cozy Bungalow. Pets OK! 5 Min To Dwtn,28804,Entire home/apt,8,3.0,4.0,238.0,1,412,4.68,4.88,1,0,69
32792238,Newly Built~Resort Style Amenities~Mins to Dtown,28803,Entire home/apt,6,2.0,3.0,430.5,2,132,1.49,5.0,1,0,76
32819433,"Chicken Pie Alley, walkable to downtown",28801,Entire home/apt,4,1.0,2.0,135.0,2,398,4.5,4.93,1,0,38
32832815,Serene Mountain Retreat With Amenities and Views,28715,Entire home/apt,6,3.0,4.0,257.0,2,164,1.9,4.9,1,0,47
32844335,Bungalow & Suite 2mi to Dwtn lots of Plants & Yard,28804,Entire home/apt,7,3.0,4.0,226.0,3,20,0.37,4.9,1,0,66
32851430,Stylish House By Riverside Park - Entire House!,28804,Entire home/apt,6,3.0,3.0,227.09,1,498,5.68,4.62,0,0,49
32933835,"Cozy mountain retreat close to town, Covered Porch",28806,Entire home/apt,4,2.0,2.0,248.0,2,111,1.26,4.96,1,0,34
32942664,"near downtown, pet friendly, fenced yard",28806,Entire home/apt,4,2.0,2.0,211.5,2,226,2.68,4.9,1,0,39
32980348,"Cozy Front Porch, Fireplace, & Fenced-in Yard",28803,Entire home/apt,6,3.0,4.0,302.67,2,136,1.55,4.94,1,0,58
32984082,The Suite at Club View (Grove Park Inn),28804,Private room,2,1.0,1.0,333.0,3,85,0.96,4.96,0,0,33
33021011,Cozy Cottage Avl,28704,Entire home/apt,6,3.0,3.0,352.62,1,292,3.3,4.89,1,0,51
33069007,"Incredible Views, Luxurious,Magical,Modern ,Serene",28804,Entire home/apt,8,4.0,5.0,658.5,1,81,1.01,4.95,0,0,57
33098499,Luxury Bungalow with Cedar Barrel Sauna,28806,Entire home/apt,4,2.0,2.0,207.6,30,4,0.12,5.0,1,0,55
33099066,Centrally Located RAD Bungalow,28806,Entire home/apt,4,2.0,2.0,319.53,2,384,4.37,4.86,1,0,54
33160534,Pet Friendly Central Downtown Condo,28801,Entire home/apt,4,1.0,2.0,209.75,1,172,1.96,4.85,1,0,34
33160537,Stylish Downtown Condo | Balcony · King Bed,28801,Entire home/apt,4,1.0,2.0,231.5,1,133,1.51,4.85,1,0,38
33160539,5th-Floor Condo | Balcony + Parking | Heart of AVL,28801,Entire home/apt,4,1.0,2.0,236.5,1,198,2.25,4.85,1,0,34
33190964,Cozy Cottage 2.2 miles to downtown Asheville,28804,Entire home/apt,5,2.0,3.0,204.33,3,103,1.17,4.86,1,0,55
33191042,Home So Sweet! Add Cottage next door for 4 more,28704,Entire home/apt,10,4.0,4.0,478.0,3,11,0.13,5.0,0,0,23
33217597,"New Belgium Lower Level Duplex,  Heart of the RAD",28806,Entire home/apt,4,2.0,2.0,179.74,2,329,3.78,4.86,1,0,54
33521140,"Wizards Hollow | Mtn Views, Fire Pit",28804,Entire home/apt,4,2.0,2.0,523.0,1,492,7.38,4.98,1,0,46
33522770,Cozy Treetop Nest ~ Walkable West Avl,28806,Entire home/apt,4,1.0,2.0,221.0,1,474,5.58,4.98,1,0,53
33550216,The Aerie |Amazing Views + Fire Pit,28804,Entire home/apt,4,1.0,2.0,345.0,1,370,5.43,4.97,1,0,44
33655655,Hot Tub · Private Cottage · Exceptionally Clean,28806,Entire home/apt,6,2.0,3.0,356.0,2,9,0.1,5.0,1,0,59
33658927,45 Asheland. New downtown luxury condo. #304,28801,Entire home/apt,6,2.0,3.0,571.0,1,127,1.57,4.94,1,0,37
33665924,Mountain View Tiny house with Hot Tub & Firepit,28715,Entire home/apt,3,2.0,1.0,190.0,1,489,5.64,4.81,0,0,49
33666340,Mountain Cottage and Tiny House with hot tub,28715,Entire home/apt,11,5.0,8.0,625.0,2,22,0.26,4.64,0,0,70
33776051,Quiet Refuge Close to Downtown,28803,Entire home/apt,2,1.0,1.0,126.75,16,29,0.36,5.0,1,0,56
33798638,Entire Guest Suite Near Asheville,28704,Entire home/apt,2,1.0,1.0,115.0,1,123,2.96,4.85,1,0,38
33898003,"Beautiful West Asheville Home, Live like a local",28806,Entire home/apt,4,2.0,2.0,254.0,2,246,2.83,4.96,0,0,55
34087565,Modern Mountain Escape at The Josephine,28804,Entire home/apt,8,4.0,7.0,589.34,1,71,0.82,4.94,0,0,60
34095689,Charming House By Riverside Park - Entire House!,28804,Entire home/apt,10,4.0,5.0,244.21,1,643,7.41,4.81,0,0,48
34148130,The Magic Bullet @Baying Hound Campground,28806,Private room,2,1.0,2.0,39.0,1,129,1.48,4.79,1,0,19
34152268,Car Spot at The Baying Hound Campground,28806,Entire home/apt,4,2.0,1.0,27.0,1,135,1.55,4.84,1,0,19
34207606,In east Asheville and close to so much more!,28805,Private room,2,2.0,1.0,67.5,2,102,1.21,4.98,1,0,45
34441430,Modern Mountaintop Cottage in Asheville,28804,Entire home/apt,4,2.0,3.0,308.0,2,54,0.64,4.91,1,0,37
34479644,Peaceful Retreat - Close to Biltmore Estate,28803,Entire home/apt,2,2.0,1.0,165.5,2,86,1.01,4.93,0,0,37
34541887,The Mountain Creek Big House,28806,Entire home/apt,8,4.0,5.0,250.0,2,189,2.19,4.77,1,0,49
34640380,Room with Private Bath in Heart of Asheville,28803,Private room,1,1.0,1.0,83.26,1,6,0.07,4.83,0,0,67
34670804,Heart of AVL | Twin Downtown Flats +2 Free Parking,28801,Entire home/apt,10,4.0,6.0,705.25,2,81,0.96,4.98,1,0,46
34753899,Sol Retreat * Modern Oasis in the Heart of W. Avl*,28806,Entire home/apt,4,1.0,2.0,131.29,1,254,4.07,4.99,1,0,54
34787446,Groovy Turtle Shell-ter @Baying Hound Campground,28806,Entire home/apt,2,1.0,2.0,37.0,1,90,1.04,4.76,1,0,18
34791824,"Bright, modern studio- 10 mins to dwntwn & RAD",28804,Entire home/apt,2,2.0,2.0,109.0,1,586,6.79,4.97,1,0,44
34900080,Charming Historic Condo,28801,Entire home/apt,4,1.0,2.0,196.5,1,143,1.66,4.68,1,0,33
35012806,Mountain Views Minutes from Brews,28806,Private room,2,2.0,1.0,139.5,2,29,0.34,4.83,0,0,41
35079780,"Villa Rose-On 2 Acres. FP, King Bed, 1mi Biltmore",28803,Entire home/apt,2,1.0,2.0,162.62,1,574,6.93,4.95,0,0,75
35131449,Light Airy West Asheville Room,28806,Private room,2,2.0,1.0,88.0,1,267,3.12,4.91,0,0,35
35162584,Trippy Tortoise Shell-ter @Baying Hound Campground,28806,Entire home/apt,2,1.0,2.0,37.0,1,146,1.7,4.9,1,0,19
35218486,Large Sunset Balcony Two Bedroom,28801,Entire home/apt,6,2.0,3.0,321.5,1,133,1.56,4.89,1,0,41
35227153,Wooded Oasis minutes from i26 and French Broad!,28704,Entire home/apt,2,1.0,2.0,107.27,1,192,2.24,4.93,1,0,23
35287564,Grey River Gatherings (perfect for large groups),28804,Entire home/apt,16,6.0,7.0,977.0,1,87,1.03,4.93,0,0,37
35314038,"Entire house, 6 minutes from down town!",28806,Entire home/apt,6,3.0,4.0,210.0,3,179,2.09,4.87,0,0,37
35317253,The Namaste Room at River Row Suites,28806,Entire home/apt,4,2.0,2.0,176.0,1,207,2.42,4.83,1,0,34
35317276,The Black Balsam Room at River Row Suites,28806,Entire home/apt,4,2.0,2.0,265.0,1,161,1.9,4.85,1,0,32
35317354,The Mount Mitchell Room at River Row Suites,28806,Entire home/apt,4,2.0,2.0,268.0,1,106,1.24,4.81,1,0,32
35317377,The Triple Falls Room at River Row Suites,28806,Entire home/apt,4,2.0,2.0,301.0,1,159,1.86,4.89,1,0,39
35317403,The Craggy Gardens Room at River Row Suites,28806,Entire home/apt,4,2.0,2.0,209.0,1,100,1.17,4.8,1,0,32
35317431,The Max Patch Room at River Row Suites,28806,Entire home/apt,4,2.0,2.0,176.0,1,141,1.65,4.87,1,0,30
35367152,AVL Modern Vintage Retreat w/ Mtn Views,28803,Entire home/apt,4,2.0,2.0,253.0,2,124,1.45,4.9,0,0,31
35373849,Historic Building with Bakery and Restaurant,28801,Entire home/apt,4,1.0,2.0,166.75,1,153,1.79,4.65,1,0,32
35397847,Charming Historic King James Building Unit #5,28801,Entire home/apt,6,2.0,3.0,244.5,1,91,1.06,4.66,1,0,30
35397853,Charming Historic King James Building Unit #8,28801,Entire home/apt,6,2.0,3.0,284.0,1,139,1.62,4.73,1,0,32
35521639,Quiet Cottage - Dwntwn-Biltmore- Near Tesla Chg,28806,Entire home/apt,4,2.0,2.0,221.5,2,235,2.76,4.91,1,0,59
35575552,The Blue Ridge Room at River Row Suites,28806,Entire home/apt,4,2.0,1.0,212.0,1,47,0.55,4.83,1,0,32
35578299,West Asheville Treasure,28806,Private room,2,1.0,1.0,108.5,1,308,3.66,4.97,1,0,38
35578653,The Bent Creek Room at River Row Suites,28806,Entire home/apt,4,2.0,2.0,176.0,1,119,1.51,4.86,1,0,32
35578680,The Hominy Creek Room,28806,Entire home/apt,4,2.0,2.0,176.0,1,139,1.63,4.88,1,0,32
35613436,The Harmony Room at River Row Suites,28801,Entire home/apt,4,2.0,2.0,176.0,1,195,2.29,4.77,1,0,32
35613465,The French Broad River Room at River Row Suites,28806,Entire home/apt,4,2.0,2.0,176.0,1,215,2.52,4.8,1,0,41
35613495,The Cheers Room at River Row Suites,28806,Entire home/apt,4,2.0,2.0,212.0,1,199,2.33,4.9,1,0,32
35613575,The Catawba Falls Room at River Row Suites,28806,Entire home/apt,4,2.0,2.0,176.0,1,79,0.93,4.82,1,0,33
35623115,Charming Condo 2 in Historic King James,28801,Entire home/apt,4,1.0,2.0,210.5,1,120,1.41,4.62,1,0,28
35651647,The Pet Friendly ADA Pisgah Room 102,28806,Entire home/apt,4,2.0,2.0,176.0,1,133,1.56,4.86,1,0,38
35651969,"King bed, fire table, BBQ grill, 11 mi to downtown",28803,Entire home/apt,4,1.0,2.0,231.6,1,278,3.46,4.87,1,0,58
35703686,Burt's Cozy Country Log Cabin,28804,Private room,4,2.0,2.0,300.0,2,57,0.68,5.0,0,0,33
35737803,Heavenly Tree House! Close to Biltmore,28732,Entire home/apt,6,1.0,6.0,262.0,1,703,8.47,4.89,1,0,35
35768220,Spacious Asheville Retreat - 5 Min to Downtown,28804,Entire home/apt,5,3.0,3.0,219.0,2,293,3.45,4.96,1,0,55
35774025,Luxe Townhouse with Garage and Terrace,28801,Entire home/apt,6,2.0,3.0,394.0,1,64,0.76,4.89,1,0,39
35802993,High-Design Downtown Loft,28801,Entire home/apt,4,2.0,3.0,590.0,1,259,3.05,4.92,1,0,49
35828879,"#5 Garden Room, king bedroom at Oakland Cottage!",28801,Private room,2,2.0,2.0,235.0,1,11,0.14,5.0,0,0,25
35963534,Spend Quality Time  In  Fabulous Asheville,28801,Entire home/apt,2,1.0,1.0,139.79,10,20,0.24,4.95,0,0,29
35971430,Stunning Rooftop Terrace Townhome Private Elevator,28801,Entire home/apt,6,2.0,3.0,379.5,1,41,0.58,4.95,1,0,44
36066072,Elegant Atkinson Ste In Funky/Eclectic West AVL,28806,Entire home/apt,4,2.0,2.0,336.1,2,128,1.54,4.98,1,0,58
36068314,"Petite Retreat | Romantic, Hot Tub + Pet Friendly!",28803,Entire home/apt,2,1.0,1.0,365.0,2,31,0.37,4.84,1,0,36
36078302,Historic Bennett Suite Funky/Eclectic West AVL,28806,Entire home/apt,4,2.0,2.0,282.2,1,114,1.38,4.96,1,0,54
36079259,Comfy and Convenient South Asheville Getaway,28704,Entire home/apt,5,2.0,3.0,224.81,1,240,2.82,4.96,1,0,43
36168281,Stylish and cozy West Asheville home,28806,Entire home/apt,6,3.0,3.0,103.21,1,11,0.13,5.0,0,0,52
36197973,“Old Asheville”: Boho Downtown Eco-Retreat,28801,Entire home/apt,4,1.0,1.0,293.0,1,264,3.14,4.98,1,0,69
36213020,Charming Historic King James Building Unit #4,28801,Entire home/apt,4,1.0,2.0,226.5,1,126,1.49,4.59,1,0,29
36241169,"Private, New & Walkable to Haywood Rd & River Arts",28806,Entire home/apt,2,1.0,1.0,133.52,1,672,7.92,4.98,1,0,25
36263273,Renovated Farmhouse with Pond-10 min to Downtown!,28805,Entire home/apt,4,2.0,2.0,242.5,2,160,1.9,4.99,1,0,54
36317959,Montford Nest Couples Private Retreat Walk to Town,28801,Entire home/apt,2,1.0,1.0,234.0,1,169,2.0,4.96,1,0,60
36375649,Rustic cabin 15 minutes from downtown Asheville!,28805,Entire home/apt,8,3.0,3.0,314.0,3,113,1.35,4.88,0,0,41
36420977,Brookstone Lodge Biltmore Village Area,28803,Hotel room,4,1.0,2.0,165.0,1,222,2.63,4.48,0,0,24
36506806,"★Rudy's Place★30Day|Wlk Dtwn, Biltmore&Hospital",28803,Entire home/apt,2,1.0,1.0,64.36,1,19,0.24,5.0,0,0,26
36514427,"Near UNCA and downtown AVL, family friendly",28804,Entire home/apt,6,3.0,4.0,367.0,2,236,2.87,4.98,1,0,74
36550199,THE NEST | Zipline | Air Hockey | Arcade | 10 Beds,28803,Entire home/apt,16,5.0,10.0,648.0,1,402,4.85,4.94,1,0,66
36573403,First floor at the Hill on Lexington Market,28801,Entire home/apt,2,2.0,2.0,94.15,2,382,4.51,4.87,1,0,27
36621489,"Lucerne Chalet in The Treetops in DT AVL, Dog Fndy",28805,Entire home/apt,4,2.0,2.0,247.48,1,101,1.26,4.87,1,0,53
36625159,"DT AVL! Matterhorn Chalet -Treetop Mtn Views, Dogs",28805,Entire home/apt,4,2.0,2.0,236.6,1,131,1.64,4.92,1,0,53
36630943,Peaceful Haw Creek mountain apartment,28805,Entire home/apt,2,1.0,1.0,71.58,30,21,0.43,5.0,1,0,53
36732182,Mary Ann’s Place filled with casual country charm.,28806,Entire home/apt,7,4.0,5.0,245.5,2,145,1.77,4.96,1,0,66
36905980,Charming Tiny Cottage in Central Location,28732,Entire home/apt,4,1.0,2.0,222.0,1,294,3.49,4.95,1,0,57
36912433,Gorgeous Views!  Great Location-Spa-Dreamy Porch!,28704,Entire home/apt,8,4.0,5.0,456.67,3,74,0.89,4.95,1,0,66
36958278,*Town Mtn*3 mi to Downtown AVL*King Bed*Hot Tub*,28804,Entire home/apt,12,3.0,7.0,1174.0,1,543,6.45,4.95,1,0,63
36972360,Cozy Hygge Bungalow 3 BR 1 BA Close to Downtown,28804,Entire home/apt,5,3.0,3.0,228.0,2,368,4.54,4.97,1,0,60
37009624,Charming Historic King James Building Unit #3,28801,Entire home/apt,6,2.0,3.0,253.5,1,155,1.85,4.65,1,0,28
37045917,Modern topnotch breathtaking Mountain view home,28715,Entire home/apt,4,3.0,8.0,286.67,3,73,0.88,4.82,1,0,60
37212222,"Apple Blossom Retreat mins to AVL & Cove, Mt. View",28805,Entire home/apt,6,2.0,2.0,125.0,2,279,3.34,4.88,1,0,43
37212994,Casita Asheville: Available Memorial Day Weekend,28804,Entire home/apt,9,4.0,7.0,653.33,3,23,0.28,5.0,0,0,58
37218560,The Yap house,28806,Entire home/apt,7,3.0,5.0,318.0,1,184,2.19,4.97,1,0,56
37417990,~5 star Downtown Spacious Retreat at 35 Patton,28801,Entire home/apt,4,2.0,2.0,452.67,2,149,1.81,4.97,1,0,48
37423612,"Cozy, Stylish Montford Retreat",28801,Entire home/apt,2,2.0,2.0,168.5,2,247,2.98,4.89,0,0,34
37563000,Luxury 2 King 2 Bath Condo,28801,Entire home/apt,6,2.0,3.0,379.5,1,110,1.33,4.83,1,0,41
37611029,Warm and Inviting King Bedroom Condo,28801,Entire home/apt,4,1.0,2.0,240.5,1,121,1.45,4.91,1,0,41
37630701,"Mountain Home Nestled in Nature, close to town",28805,Entire home/apt,4,2.0,2.0,224.5,2,375,4.5,4.98,1,0,38
37793218,Simply Divine in West Asheville!,28806,Entire home/apt,6,2.0,4.0,310.0,2,138,1.66,4.98,1,0,34
37797864,Asheville's French Corner: Touch of Provence,28806,Entire home/apt,2,1.0,1.0,69.13,30,99,1.22,4.98,1,0,57
37856650,Classic and Timeless Downtown Condo,28801,Entire home/apt,4,1.0,2.0,338.0,1,129,1.57,4.76,1,0,39
37892971,Downtown Open Concept with Balcony,28801,Entire home/apt,4,1.0,2.0,277.5,1,125,1.51,4.9,1,0,39
37974419,Excellent Views & Short Walk to Downtown Asheville,28801,Entire home/apt,4,2.0,2.0,240.0,1,195,2.35,4.94,1,0,54
37990138,TheBearsDen~private cozy-studio  7 min to downtown,28805,Entire home/apt,2,1.0,1.0,46.42,28,87,1.05,4.86,0,0,38
37997584,Light and Airy Downtown One Bedroom,28801,Entire home/apt,4,1.0,2.0,272.5,1,122,1.48,4.76,1,0,39
38052258,Charming Historic King James Building# 10,28801,Entire home/apt,6,2.0,3.0,195.25,1,124,1.5,4.65,1,0,30
38052261,Close to it All with Room to Relax,28801,Entire home/apt,6,2.0,3.0,313.5,1,99,1.19,4.81,1,0,37
38070440,Private 4BR Retreat Near Biltmore & DT,28803,Entire home/apt,8,4.0,5.0,345.5,2,187,2.26,4.97,1,0,48
38097291,"Charming, condo #1 in Historic King James Building",28801,Entire home/apt,4,1.0,2.0,218.5,1,139,1.68,4.56,1,0,31
38099305,Mountain View Guest Suite,28803,Entire home/apt,2,2.0,1.0,171.5,2,22,0.27,4.95,0,0,26
38101783,"Cozy Wooded Cabin, Spa Hot Tub, Close to Biltmore",28732,Entire home/apt,5,1.0,3.0,225.95,1,673,8.18,4.87,1,0,48
38135882,Luxury on the South Slope EV Charger Two Kings,28801,Entire home/apt,6,2.0,3.0,409.5,1,61,0.74,4.93,1,0,45
38204389,The Woodland House Mountain Retreat,28804,Entire home/apt,6,3.0,3.0,439.35,2,200,2.62,5.0,1,0,61
38214746,"Parkway-1.5m, River access, Hiking, Downtown-5m",28805,Entire home/apt,2,1.0,1.0,661.0,1,116,1.42,4.96,0,0,49
38217215,Serenity Now!,28803,Entire home/apt,2,1.0,1.0,155.0,1,403,4.89,4.95,1,0,23
38226950,Exclusive Peaceful Brand New Model Home 3bdrm 2bth,28715,Entire home/apt,4,3.0,6.0,289.33,3,5,0.15,5.0,1,0,62
38260663,Creek-side retreat in the Heart of West Asheville,28806,Entire home/apt,2,1.0,1.0,105.0,2,217,2.65,4.94,1,0,36
38288393,Luxury condo Unit #201,28801,Entire home/apt,6,2.0,3.0,341.5,1,100,1.22,4.85,1,0,37
38298383,Views | FirePit | Pets | Hike | Wi-fi | Large Home,28803,Entire home/apt,9,4.0,6.0,314.0,2,92,1.13,4.99,0,0,70
38298493,Eco-friendly tranquility minutes from downtown,28805,Entire home/apt,4,2.0,2.0,189.5,2,225,2.73,4.89,1,0,50
38343217,"Non-smoking, Retreat Away From Home",28804,Private room,2,2.0,1.0,86.0,1,236,2.86,4.9,1,0,21
38349658,"Charming 1 Room Guesthouse, Heart of West AVL",28806,Entire home/apt,2,1.0,1.0,159.76,1,127,2.49,4.96,1,0,46
38379294,Asheville Home with Superb Mountain Views,28805,Entire home/apt,6,3.0,5.0,449.67,1,263,3.2,5.0,1,0,54
38413800,8 min to Biltmore 5 miles to Downtown Sleeps 6,28803,Entire home/apt,6,3.0,3.0,169.35,2,326,4.0,4.95,1,0,60
38426481,Adorable Tiny Guesthouse  “Super Cozy  & Clean”,28806,Entire home/apt,2,1.0,2.0,111.84,1,146,1.78,4.95,1,0,43
38448857,Charming Tiny House by the Biltmore Village,28803,Entire home/apt,2,1.0,1.0,132.6,1,408,4.97,4.94,1,0,38
38538781,Private Guest House! Walkable West Asheville,28806,Entire home/apt,4,1.0,2.0,124.0,2,396,4.84,4.98,1,0,42
38540766,Downtown Asheville with Great Views & Sunsets,28801,Entire home/apt,4,2.0,2.0,190.0,1,328,4.04,4.86,1,0,25
38573541,Bear-a-dise Found,28806,Entire home/apt,2,1.0,1.0,149.72,7,19,0.23,4.74,1,0,30
38597290,The Cozy Cottage with the Illusion of Seclusion,28704,Entire home/apt,2,1.0,1.0,218.54,2,392,4.86,4.95,1,0,50
38616361,Complete Private Suite near Asheville activities,28732,Entire home/apt,2,1.0,1.0,107.5,2,124,1.51,4.94,1,0,38
38622883,Private Master Bedroom Suite w/ KING Tempur-Pedic,28806,Private room,2,2.0,1.0,113.0,1,108,1.82,4.95,0,0,41
38642094,Private apartment near Blue Ridge Parkway,28805,Entire home/apt,2,1.0,1.0,120.0,2,184,2.25,4.99,1,0,32
38647370,Exceptionally Clean · Private Hot Tub · Near AVL,28806,Entire home/apt,6,3.0,3.0,360.0,2,4,0.05,5.0,1,0,61
38659759,Bohemian Bungalow,28806,Entire home/apt,2,1.0,1.0,260.0,3,53,0.65,4.85,1,0,38
38670161,Luxury Condo Unit #207,28801,Entire home/apt,4,1.0,2.0,252.5,1,210,2.58,4.97,1,0,36
38710999,Charming Condo over City Bakery,28801,Entire home/apt,4,1.0,2.0,201.5,1,70,0.85,4.71,1,0,32
38711002,Pet Friendly Central Downtown Asheville,28801,Entire home/apt,6,2.0,3.0,386.5,1,159,1.93,4.89,1,0,37
38796139,Master Room: Mountainside Private Room & Pvt. Bath,28803,Private room,2,2.0,1.0,59.0,1,548,6.68,4.89,1,0,22
38799800,"Walkable, Sunny West Asheville Studio",28806,Entire home/apt,3,2.0,2.0,156.0,2,272,3.75,4.9,0,0,48
38817764,Comfortable Getaway Near Riverside Park,28804,Entire home/apt,4,2.0,2.0,175.74,1,331,4.03,4.63,0,0,46
38825791,Pvt suite purple home mtn view near dwtn,28803,Entire home/apt,2,1.0,1.0,106.5,2,185,2.27,4.9,1,0,60
38826892,Asheville Fresh Mountain Air,28804,Entire home/apt,5,2.0,2.0,214.0,3,43,0.53,4.86,0,0,42
38842684,Hidden House in the Mountains,28803,Entire home/apt,8,4.0,4.0,397.67,3,131,1.61,4.98,1,0,52
38849359,Asheville Urban Oasis at Emma,28806,Entire home/apt,6,2.0,3.0,368.5,2,361,4.41,4.94,1,0,57
38935174,Stylish & Comfy Home Mins Downtown,28803,Entire home/apt,11,4.0,9.0,230.0,2,338,4.13,4.88,1,0,35
38953302,Skyloft Asheville: Chic & Elevated Stay,28801,Entire home/apt,6,3.0,4.0,261.8,30,12,0.18,5.0,0,0,57
39003531,Simple comforts of home conveniently located,28704,Entire home/apt,4,2.0,2.0,171.5,1,63,0.77,4.97,1,0,33
39007688,"Mountain Air - Peace, Comfort, and Convenience!",28805,Entire home/apt,4,2.0,3.0,177.0,2,134,1.65,4.97,0,0,47
39025575,Charming Cape Cod Close to it All,28805,Entire home/apt,7,4.0,5.0,135.0,28,9,0.11,5.0,0,0,21
39036474,King Bedroom Condo Close to Everything Asheville,28801,Entire home/apt,4,1.0,2.0,255.5,1,151,1.89,4.91,1,0,35
39085588,South Slope Crash Pad  🛌 🛌,28801,Entire home/apt,2,1.0,2.0,135.0,1,618,10.27,5.0,1,0,29
39154559,Stylish North Asheville Haven,28801,Entire home/apt,6,3.0,2.0,246.12,30,2,0.08,5.0,1,0,47
39170705,Private Grove Park Suite near downtown Asheville!,28801,Entire home/apt,4,2.0,2.0,139.0,1,317,3.88,4.92,1,0,45
39177450,306 SW Condo Asheville - Historic Art Deco Gem!,28801,Entire home/apt,4,1.0,2.0,296.71,1,190,2.43,4.97,1,0,48
39196663,Biltmore Oasis in Asheville.,28803,Entire home/apt,2,1.0,1.0,153.0,2,226,2.78,4.99,1,0,53
39199023,Wanderlust Lofts: The Sapphire (see also The Opal),28801,Entire home/apt,4,2.0,2.0,420.0,1,144,1.84,4.9,1,0,49
39199324,Wanderlust Lofts: The Opal (see also The Sapphire),28801,Entire home/apt,2,1.0,1.0,330.0,1,200,2.53,4.95,1,0,48
39217268,The Gnome Home- spacious and private,28806,Entire home/apt,4,1.0,2.0,120.0,2,131,1.61,4.95,1,0,24
39230227,Beautiful porches made for families and friends.,28806,Entire home/apt,6,3.0,4.0,254.0,1,189,2.33,4.98,1,0,55
39342148,"Spacious, fun, unique, tons of amenities",28806,Entire home/apt,13,4.0,9.0,410.0,2,27,0.33,4.96,1,0,58
39440197,Stylish Hot Tub + Sauna Studio | 8 Min to Downtown,28806,Entire home/apt,2,1.0,1.0,208.5,2,428,5.31,4.88,0,0,24
39444836,Coveted Downtown Asheville Location with Balcony,28801,Entire home/apt,4,1.0,2.0,200.25,1,139,1.73,4.82,1,0,36
39456490,The Loft at Deer Crossing,28704,Private room,3,2.0,2.0,108.5,1,228,3.2,5.0,0,0,46
39461061,Asheville Mountain Bluebird Cottage,28805,Entire home/apt,4,1.0,2.0,157.0,2,123,1.55,4.99,0,0,48
39469831,"Artsy Apartment, walk to W. Asheville",28806,Entire home/apt,2,1.0,1.0,166.5,2,120,1.49,5.0,1,0,52
39487580,The River Nook✨A Tiny Refuge,28804,Entire home/apt,2,1.0,2.0,134.0,2,519,6.73,4.99,1,0,56
39601430,The Woodfin - Chateau de Bro & Chalet de Bae,28804,Entire home/apt,3,1.0,2.0,171.0,2,281,3.47,4.99,1,0,50
39716079,Asheville  Zen Cottage,28804,Entire home/apt,4,2.0,2.0,173.33,3,128,1.67,4.92,0,0,30
39794917,Bear Way to Heaven,28806,Entire home/apt,3,1.0,3.0,282.33,3,36,0.46,4.78,1,0,34
39811858,The Llama | Entire place West Asheville,28806,Entire home/apt,3,1.0,2.0,156.0,1,356,5.47,4.94,0,0,51
39829862,Serene Mountain Retreat Near Amenities & Views,28715,Entire home/apt,6,3.0,3.0,300.0,2,252,3.13,4.86,1,0,46
39849897,*POOL*Hot Tub*GameRoom*5 Miles to Dwntwn&Biltmore*,28803,Entire home/apt,13,4.0,8.0,699.0,1,363,4.56,4.96,1,0,66
39967545,Studio,28801,Private room,2,1.0,1.0,124.0,1,35,0.5,4.89,1,0,23
40024336,6 Min to Downtown - Stylish Asheville Home,28804,Entire home/apt,7,3.0,4.0,331.0,1,240,3.27,4.98,1,0,55
40030511,Cozy 2.5BR 1400 sq ft triplex in historic Montford,28801,Entire home/apt,4,2.0,2.0,98.75,24,17,0.21,5.0,1,0,54
40051281,Private Room,28801,Private room,2,1.0,1.0,91.0,1,273,3.49,4.84,1,0,18
40087092,Renovated Historic Getaway Near VA Hospital+Dwtn 1,28805,Private room,2,1.0,1.0,81.02,1,329,4.12,4.87,0,0,44
40091044,"King beds, hot tub, fire pit, 11 miles to downtown",28803,Entire home/apt,16,4.0,7.0,531.6,1,54,0.71,4.93,1,0,64
40132695,"Breathtaking Views, Close to Downtown",28805,Entire home/apt,7,3.0,4.0,234.0,2,67,0.84,4.88,0,0,48
40269719,Pet Friendly Super Comfortable Apt-Backyard Forest,28704,Entire home/apt,4,1.0,2.0,138.5,1,72,0.92,4.94,1,0,56
40273960,Bunk Bed at Sweet Peas Hostel,28801,Shared room,1,1.0,1.0,48.0,1,260,3.25,4.78,1,0,22
40274759,Pod at Sweet Peas Hostel,28801,Shared room,1,1.0,1.0,63.0,1,856,10.7,4.86,1,0,23
40323675,Mountain location. Five minutes to downtown,28805,Entire home/apt,6,3.0,3.0,405.37,30,119,1.51,4.93,1,0,69
40489327,Cozy with Nature in the Mountains,28806,Entire home/apt,4,2.0,2.0,157.5,1,76,1.33,4.92,1,0,48
40731388,"Hip, Atomic Getaway in Downtown Asheville",28801,Entire home/apt,2,1.0,1.0,143.0,2,263,4.16,4.98,1,0,58
40758073,Asheville Arts and crafts cabin on the river.,28804,Entire home/apt,6,3.0,3.0,471.0,2,62,0.79,4.74,0,0,46
40784083,THE HIVE | 6 BR | Hot Tub | Skee-Ball | Zipline,28803,Entire home/apt,16,6.0,9.0,511.5,2,388,5.23,4.92,1,0,68
40946975,Beautiful Asheville tiny home get-a-way..,28806,Entire home/apt,2,2.0,1.0,159.5,2,51,0.65,4.96,1,0,23
40986908,"South Slope View- private garage, pet friendly",28801,Entire home/apt,6,2.0,4.0,340.5,2,193,2.53,4.99,1,0,51
41084882,"Downtown Asheville Condo, Walkable to Everything!",28801,Entire home/apt,6,3.0,4.0,455.0,2,69,0.93,4.9,1,0,39
41195186,"Peaceful cottage by the river, 7 miles to downtown",28805,Entire home/apt,4,2.0,2.0,281.0,5,110,1.45,5.0,0,0,60
41292632,Downtown Asheville Loft in Historic S&W Building,28801,Entire home/apt,4,2.0,2.0,315.0,2,48,0.63,4.73,1,0,35
41292656,Downtown Asheville Apartment with Private Deck,28801,Entire home/apt,4,2.0,3.0,354.5,2,32,0.43,4.75,1,0,34
41316941,Charming Cottage-Convenient and Comfortable,28803,Entire home/apt,4,2.0,3.0,214.0,2,233,3.01,4.94,1,0,31
41343517,"Asheville is ready for you!  GreatView,Dog,DPLX B,",28805,Entire home/apt,3,1.0,1.0,197.0,2,34,0.43,5.0,0,0,39
41369383,Bright + Modern West Asheville Guest House,28806,Private room,2,2.0,2.0,242.0,2,93,1.18,4.99,1,0,33
41399818,Downtown Townhome with Private Elevator,28801,Entire home/apt,8,3.0,4.0,417.5,1,132,1.69,4.8,1,0,38
41430658,Blue Ridge Bungalow <10 Minutes to Downtown,28804,Entire home/apt,5,2.0,2.0,233.5,2,223,2.85,4.95,1,0,40
41452911,Modern Farmhouse Studio,28805,Entire home/apt,2,1.0,1.0,135.0,1,489,6.26,4.97,1,0,24
41462738,Wanna Stay in the Summer Forest? 7 min to downtown,28803,Entire home/apt,8,4.0,5.0,299.5,2,164,2.1,4.88,1,0,44
41509293,Quaint Carriage House in Historic District,28801,Entire home/apt,6,3.0,3.0,817.5,2,16,0.22,5.0,0,0,51
41521300,W. Ashe Cottage Near Downtown-Full Kitchen,28806,Entire home/apt,4,2.0,2.0,204.5,2,276,3.7,4.91,1,0,62
41535169,Luxury Asheville Cabin Hot Tub nr Biltmore views,28803,Entire home/apt,4,2.0,2.0,298.13,4,33,0.66,4.85,1,0,64
41552896,Downtown Asheville Condo with Private Rooftop,28801,Entire home/apt,6,3.0,3.0,571.5,2,66,0.9,4.77,1,0,39
41595531,Historic Moog Music Farmhouse! 5 mins to DT!,28804,Entire home/apt,13,4.0,5.0,397.33,3,159,2.06,4.89,1,0,54
41685614,CC's Cabin with Hot Tub,28806,Entire home/apt,4,2.0,2.0,371.0,1,68,1.84,4.97,0,0,61
41717325,Hot Tub Hideaway Near Downtown + Biltmore Pass,28804,Entire home/apt,10,3.0,6.0,497.0,2,32,0.48,4.75,1,0,60
41800927,City Access Country Charm w/ Hot Tub and King,28806,Entire home/apt,4,1.0,2.0,250.0,1,690,8.86,4.97,1,0,54
41801212,"Blue Ridge Retreat w/ Deck: Hike, Sip & Explore!",28804,Entire home/apt,4,2.0,2.0,231.5,2,52,0.71,4.88,0,0,32
41869751,Velvet Underground Asheville unique music inspired,28805,Entire home/apt,4,1.0,2.0,111.5,1,170,2.2,4.86,1,0,31
41947796,Fireplace and koi pond in Asheville,28805,Entire home/apt,4,2.0,2.0,208.5,2,14,0.31,4.86,0,0,54
42092425,Asheville Cottage*Hot Tub*Near Downtown & Biltmore,28806,Entire home/apt,8,4.0,5.0,336.5,2,105,1.37,4.91,1,0,57
42092691,*Comfy Smart Condo|10 mins to DT & Biltmore,28803,Entire home/apt,6,2.0,3.0,196.0,2,288,3.71,4.84,1,0,45
42115218,"Private Home, PetsOK – 10 Min to Downtown/Biltmore",28805,Entire home/apt,5,3.0,5.0,113.49,1,433,5.63,4.97,1,0,38
42116019,"Cozy Mountain Retreat -  Views, Fire Pit & Hot Tub",28704,Entire home/apt,4,1.0,2.0,625.0,2,109,1.4,4.97,0,0,37
42225770,"""Suite"" Record Room in walkable West Asheville",28806,Entire home/apt,2,1.0,2.0,131.0,1,325,4.22,4.98,1,0,47
42286550,Renovated Historic Getaway Near VA Hospital+Dwtn 2,28805,Private room,2,1.0,1.0,80.11,1,77,1.06,4.77,0,0,45
42299384,King Bed | Screened Porch | Back Deck| Fenced Yard,28803,Entire home/apt,6,3.0,3.0,178.02,3,215,2.79,4.87,1,0,55
42330339,#6 Magnolia Room at Oakland Cottage,28801,Private room,3,2.0,2.0,235.0,1,8,0.11,5.0,0,0,27
42333820,Downtown Oasis with Rooftop Terrace and Elevator,28801,Entire home/apt,6,2.0,3.0,388.5,1,83,1.13,4.94,1,0,48
42375834,"Water, Electric, WiFi, PETS Sleeps 11. Near Aville",28715,Entire home/apt,11,3.0,5.0,505.0,2,8,0.11,5.0,1,0,53
42411052,"Cabin of the Pines, Dog Friendly with Hot Tub",28805,Entire home/apt,4,2.0,2.0,276.0,1,158,2.14,4.91,1,0,64
42464524,West Asheville Town Home for simple living,28806,Entire home/apt,4,2.0,2.0,98.63,30,25,0.35,4.92,0,0,19
42464593,Convenient to Asheville and Hendersonville,28732,Entire home/apt,4,2.0,2.0,238.0,3,16,0.21,5.0,0,0,28
42473299,Princess Ridge Farm Getaway,28806,Entire home/apt,3,1.0,2.0,158.5,2,0,1.66,4.94,0,0,28
42492639,*NEW* Retreat to Stylish Condo |10Min DT Asheville,28803,Entire home/apt,6,2.0,3.0,144.5,2,178,2.31,4.78,1,0,43
42540321,Large Studio with Pool table,28704,Entire home/apt,3,1.0,1.0,211.12,1,304,3.95,4.93,1,0,53
42542129,Webb Cove Mountain Getaway,28804,Entire home/apt,4,2.0,2.0,249.5,1,126,1.7,4.87,1,0,33
42615531,Asheville Luxury-Game Room_SPA_Sleeps 19_PETS,28715,Entire home/apt,16,4.0,11.0,941.5,2,171,2.34,4.96,1,0,76
42739512,Luxury Manison 2 blocks from DWNTN Asheville,28801,Entire home/apt,8,4.0,4.0,1800.0,1,11,0.16,4.82,0,0,58
42800210,Kenilworth Apartment near Downtown and Biltmore,28803,Entire home/apt,2,1.0,1.0,171.0,1,255,3.38,4.98,1,0,25
42816017,Hillside Hideaway,28803,Private room,2,1.0,1.0,100.5,2,116,3.71,4.97,1,0,44
42831124,Romantic Getaway & Playroom w/Hot Tub!,28804,Entire home/apt,2,1.0,1.0,285.0,1,395,5.52,4.98,1,0,54
42916661,*NEW* Escape to Comfy Condo|10 Min-DT & Biltmore,28803,Entire home/apt,6,2.0,3.0,183.5,2,161,2.27,4.83,1,0,44
42927111,Beaver Lake Retreat,28804,Entire home/apt,2,1.0,1.0,127.5,2,150,2.04,4.92,1,0,33
42966700,Chic Retreat -Biltmore- Dwtwn - Near Tesla Charg.,28806,Entire home/apt,5,2.0,3.0,210.0,2,166,2.28,4.93,1,0,56
42980053,Tent Site #6 @The Baying Hound Campground,28806,Entire home/apt,4,2.0,1.0,32.0,1,77,1.05,4.88,1,0,19
42980378,The Flying Gogoplata @ The Baying Hound Campground,28806,Entire home/apt,2,1.0,1.0,38.0,1,124,1.67,4.76,1,0,18
42981397,Hammock Site @The Baying Hound Campground,28806,Entire home/apt,2,2.0,1.0,32.0,1,27,0.37,4.74,1,0,19
43047912,"The Snail House Near, Biltmore Village & Mission H",28803,Entire home/apt,4,2.0,2.0,176.0,1,23,0.31,4.91,0,0,70
43052245,Bear Me the Necessities,28806,Entire home/apt,6,3.0,2.0,31.06,180,17,0.24,4.82,1,0,45
43123763,Serene Mountain Retreat Near Amenities & Views,28715,Entire home/apt,6,3.0,4.0,268.5,2,231,3.2,4.88,1,0,46
43124217,Serene Mountain Retreat With Amenities and Views,28715,Entire home/apt,6,3.0,4.0,214.0,2,193,2.68,4.91,1,0,38
43140129,Mountain Serenity | Arras Vacation Rentals,28801,Entire home/apt,4,1.0,2.0,519.0,1,99,1.37,4.95,1,0,59
43140131,Endless Sunset Retreat | Arras Vacation Rentals,28801,Entire home/apt,4,1.0,2.0,556.0,1,73,1.0,4.93,1,0,59
43140136,Southern Exposure | Arras Vacation Rentals,28801,Entire home/apt,4,1.0,2.0,410.9,1,42,0.58,4.88,1,0,58
43140142,The Views Over Pack Square | Arras Vacation Rental,28801,Entire home/apt,4,1.0,2.0,429.9,1,39,0.53,4.82,1,0,56
43140149,Arras Altitude Adjustment | Arras Vacation Rentals,28801,Entire home/apt,4,1.0,2.0,532.0,1,49,0.68,4.88,1,0,58
43140161,Cloud 10 | Arras Vacation Rentals,28801,Entire home/apt,4,1.0,2.0,426.7,1,47,0.65,4.98,1,0,59
43140162,Mountain Gem | Arras Vacation Rentals,28801,Entire home/apt,4,1.0,2.0,532.0,1,48,0.66,4.94,1,0,58
43140167,Mountain Day Dream | Arras Vacation Rentals,28801,Entire home/apt,4,1.0,2.0,532.0,1,67,0.92,4.93,1,0,58
43221206,Peaceful Butterfly Cottage Sports in Appalachia,28805,Entire home/apt,2,2.0,1.0,108.29,7,33,0.46,4.88,1,0,50
43256573,Modern Cabin Retreat w/ Sauna,28806,Entire home/apt,4,1.0,3.0,222.0,1,461,6.47,4.95,1,0,22
43279322,Walkable West AVL— Newly Remodeled,28806,Entire home/apt,6,2.0,3.0,192.5,1,154,2.46,4.98,0,0,48
43325315,Cozy Queen in Historic B&B plus fireplace,28801,Private room,2,2.0,1.0,259.0,1,11,0.15,5.0,0,0,28
43325971,Spacious King Suite in Historic B&B with Fireplace,28801,Private room,3,2.0,1.0,353.0,1,2,0.03,5.0,0,0,20
43349933,Mountain Views Hot Tub Firepit @ Bluebird Cottage,28715,Entire home/apt,4,2.0,2.0,320.0,1,320,4.34,4.78,0,0,61
43403464,Immaculate Sanctuary  in North Asheville,28804,Entire home/apt,2,1.0,1.0,204.5,2,84,1.13,4.96,1,0,33
43412676,Cane Creek Valley Swim-Soak-Stay Near Asheville,28732,Entire home/apt,4,2.0,3.0,301.33,2,214,2.89,5.0,1,0,68
43473737,Peace of Paradise,28805,Entire home/apt,2,1.0,1.0,145.0,2,146,1.97,4.93,1,0,39
43525648,"In Town Cabin, Hot Tub, WiFi, Pets Ok!",28803,Entire home/apt,5,2.0,2.0,316.0,3,87,1.2,4.79,1,0,42
43557709,SweetHaus: Cool cozy cottage; AWESOME location,28804,Entire home/apt,6,2.0,3.0,225.0,1,412,5.61,4.99,1,0,55
43580801,Peacful/quiet Mountain Views at Willow Pond Cabin,28806,Entire home/apt,2,1.0,1.0,141.51,2,363,4.91,4.93,1,0,53
43615196,Downtown Digs with private entrance & parking,28801,Entire home/apt,4,1.0,2.0,161.0,1,606,8.25,4.94,1,0,44
43689886,Le Chateau D'Arce @ The Baying Hound Campground,28806,Entire home/apt,2,1.0,1.0,44.0,1,64,0.87,4.89,1,0,19
43731923,Townhome with Large Rooftop Terrace,28801,Entire home/apt,8,3.0,4.0,462.5,1,137,1.89,4.92,1,0,38
43731925,Modern Downtown Luxury with Balcony,28801,Entire home/apt,4,1.0,1.0,451.0,2,107,1.46,4.88,1,0,32
43747993,Fun and Roomy Close to Everything,28801,Entire home/apt,4,1.0,2.0,240.5,1,135,1.85,4.88,1,0,37
43789016,Downtown Condo with dedicated parking space,28801,Entire home/apt,2,1.0,1.0,203.0,2,220,3.05,4.7,0,0,29
43804580,Stylish and comfy- convenient south Asheville,28803,Entire home/apt,3,1.0,2.0,85.36,4,166,2.42,4.99,1,0,59
43813089,"East Asheville: Hot Tub & Game Room, 6 miles to DT",28805,Entire home/apt,13,4.0,7.0,404.0,2,156,2.14,4.92,1,0,50
43835750,W. Asheville Urban Oasis In the Heart of the City,28806,Entire home/apt,2,1.0,1.0,151.78,1,612,8.38,4.87,1,0,46
43865961,South Slope Suite,28801,Private room,3,2.0,1.0,174.0,1,60,0.84,4.78,0,0,36
43906817,North Asheville Art/Firepit/Porch/Rocking Chairs,28804,Entire home/apt,5,2.0,2.0,246.0,1,153,2.11,4.93,1,0,38
43912375,Bending Oaks Carriage House beautiful & convenient,28805,Entire home/apt,2,1.0,1.0,145.5,2,332,4.63,5.0,1,0,43
43945269,Cabin-themed Home in Asheville | Near Biltmore,28803,Entire home/apt,4,2.0,2.0,273.5,2,48,0.67,4.79,1,0,37
43959810,Beary Relaxing-Cozy Getaway -Pet Friendly,28704,Entire home/apt,6,3.0,4.0,301.0,2,227,3.12,4.96,1,0,57
44018348,Asheville Reserve - 10 Min To Downtown,28804,Entire home/apt,6,3.0,3.0,354.0,1,332,4.57,4.68,0,0,48
44105184,Serene Mountain Retreat Near Amenities & Views,28715,Entire home/apt,6,3.0,4.0,237.0,2,279,3.88,4.88,1,0,47
44131708,King Suite in Historic B&B with Fireplace,28801,Private room,2,1.0,1.0,412.0,1,6,0.09,5.0,0,0,21
44137590,"Asheville Escape, minutes to West Asheville",28806,Entire home/apt,5,3.0,3.0,101.4,30,13,0.19,4.85,0,0,32
44154406,Victoria's Cottage in the Paris of the South,28715,Entire home/apt,2,1.0,1.0,495.5,1,69,0.95,4.88,0,0,56
44160341,Spacious Queen with fireplace in Historic B&B,28801,Private room,2,2.0,1.0,286.0,1,1,0.88,5.0,0,0,21
44244512,Serene Mountain Retreat Near Amenities & Views,28715,Entire home/apt,6,3.0,4.0,294.43,2,315,4.39,4.88,1,0,47
44299517,*Mtn Views*3mi to Downtown*King Bed*Hot Tub*Sauna*,28804,Entire home/apt,12,4.0,6.0,602.5,1,397,5.53,4.97,1,0,68
44392508,"1920s bungalow near river, 8 min drive to AVL",28804,Entire home/apt,4,2.0,2.0,269.0,1,293,4.09,4.84,1,0,63
44404683,Asheville Journey Master Suite - King bed,28806,Private room,2,1.0,1.0,141.0,1,79,2.16,4.99,1,0,55
44505327,Pristine & private | washer/dryer | Dog friendly,28732,Entire home/apt,2,1.0,1.0,177.0,1,297,4.17,4.98,1,0,51
44556542,WALK DOWNTOWN: Beautiful private room in eco home,28801,Private room,1,2.0,1.0,75.57,30,96,1.34,4.81,1,0,24
44561631,Downtown Gorgeous Garden Homestay: Private Room,28801,Private room,1,2.0,1.0,213.0,1,84,1.17,4.8,1,0,24
44573884,Bohemian Paradise | Near Downtown | Monthly Stays!,28803,Entire home/apt,5,3.0,3.0,139.9,28,15,0.21,5.0,1,0,59
44597185,Downtown Gorgeous Garden Homestay: Private Room,28801,Private room,1,2.0,1.0,151.0,1,82,1.15,4.85,1,0,27
44597824,Downtown Gorgeous Garden Homestay: Private Room,28801,Private room,1,2.0,1.0,53.54,30,82,1.15,4.91,1,0,28
44632019,Lost Fox Sheep Farm at Bent Creek,28704,Entire home/apt,2,2.0,1.0,160.0,3,184,2.6,4.95,1,0,36
44665751,"Hop, Skip, Jump Studio★2 Min Walk to Hip West AVL!",28806,Entire home/apt,2,1.0,1.0,144.5,2,170,2.45,4.96,1,0,43
44678188,"*NEW* Cozy, Smart Condo| 10 mins to DT, Biltmore",28803,Entire home/apt,6,2.0,3.0,259.0,2,238,3.41,4.87,1,0,51
44762647,"Quiet, Long-Range MTN Views, 12 Mins to DT AVL",28704,Entire home/apt,8,3.0,3.0,332.65,1,83,1.17,4.93,1,0,60
45008963,Malvern Hills Hideaway,28806,Entire home/apt,5,2.0,3.0,185.44,2,204,3.17,5.0,1,0,60
45070056,Asheville Mt Home- Top Floor Only-3 mi to DT,28806,Entire home/apt,6,2.0,5.0,234.0,2,81,1.15,4.84,1,0,71
45098864,Spacious Elk Mountain Sanctuary w/ Deck & Views!,28804,Entire home/apt,10,4.0,6.0,542.67,3,12,0.19,4.83,0,0,40
45144763,Chickadees Cottage and Pottery,28704,Entire home/apt,5,2.0,3.0,250.0,1,51,0.73,4.98,0,0,64
45213684,Charming Cabin with Fire Pit,28704,Entire home/apt,8,3.0,5.0,348.5,1,104,1.48,4.6,1,0,39
45254379,Asheville Mt Home-2 Full Living Spaces -3 mi to DT,28806,Entire home/apt,13,3.0,8.0,345.0,2,63,0.92,4.89,1,0,70
45266904,Family Launch Pad,28803,Entire home/apt,12,4.0,6.0,457.0,1,135,1.93,4.87,0,0,60
45285765,Cozy AVL Treehouse – Sleep Among the Trees!,28806,Entire home/apt,2,2.0,3.0,193.5,2,237,3.42,4.95,1,0,44
45286326,Modern and Cozy Mountain  Getaway,28715,Entire home/apt,3,1.0,2.0,166.0,1,232,3.28,4.95,1,0,66
45349080,Wooded Retreat 10 min to Downtown!,28806,Entire home/apt,2,2.0,1.0,110.0,2,94,2.31,4.93,1,0,51
45363719,Newly Listed West Asheville Home Close to Downtown,28806,Entire home/apt,8,4.0,5.0,519.5,2,51,1.41,5.0,1,0,54
45394500,Candyland Cottage - New Hot Tub & No Pet Fees,28715,Entire home/apt,4,2.0,2.0,310.0,1,181,2.74,4.92,1,0,62
45402516,Country home minutes to Downtown Asheville,28806,Entire home/apt,8,4.0,4.0,428.0,2,108,1.55,4.91,1,0,54
45421363,Lofts at Woolworth in downtown Asheville NC! #207,28801,Entire home/apt,5,2.0,2.0,344.5,2,189,2.82,4.97,1,0,41
45438852,The Retreat in West Asheville,28806,Entire home/apt,4,1.0,2.0,155.0,1,414,5.93,4.99,1,0,45
45454004,Wooded Studio & Deck-Close to Biltmore & Breweries,28803,Entire home/apt,2,1.0,1.0,166.0,1,283,4.05,4.77,0,0,41
45533156,"AVL Bear Haven | Luxury, Romance, Views & City Fun",28804,Entire home/apt,2,1.0,1.0,373.58,2,147,2.48,4.99,1,0,51
45591120,Private n cozy little room,28704,Private room,2,2.0,1.0,120.0,3,49,0.71,4.65,0,0,31
45608234,Brewery District With Rooftop Terrace and Elevator,28801,Entire home/apt,6,2.0,3.0,368.25,1,54,0.79,4.96,1,0,45
45619526,"Walk to breweries, coffee, restaurants, bakeries",28806,Entire home/apt,2,1.0,1.0,89.5,2,203,2.92,4.97,1,0,27
45640979,Vista View-Cozy & Relaxing Get-Away Home-Candler,28715,Entire home/apt,6,2.0,2.0,225.0,1,77,1.12,4.9,1,0,61
45652885,"Charming 5-star bungalow! Convenient, Dog-frendly",28803,Entire home/apt,10,4.0,5.0,490.71,1,42,0.65,5.0,1,0,25
45657700,Mountain Cabin Near Downtown Asheville,28805,Entire home/apt,4,2.0,3.0,97.12,2,210,3.02,4.98,0,0,59
45683318,Oak Fern Cottage,28732,Entire home/apt,4,3.0,3.0,281.0,2,43,0.85,5.0,0,0,58
45717828,"Cute, Cozy, and Quiet",28806,Entire home/apt,1,1.0,2.0,44.73,30,0,1.66,4.94,0,0,29
45730926,"Mid-Century Modern Retreat, off Blue Ridge Parkway",28803,Entire home/apt,6,3.0,3.0,327.0,2,280,4.03,4.97,1,0,41
45734694,Spacious 4-Bedroom Arts & Crafts Home w/ Mtn Views,28803,Entire home/apt,11,4.0,6.0,428.0,3,88,1.33,4.94,0,0,56
45740790,Hot Tub Near Hiking Trails & Airport–Dog-Friendly,28704,Entire home/apt,4,2.0,2.0,189.2,1,107,1.54,4.94,1,0,63
45765322,Independent Unit w/ Parking,28715,Entire home/apt,2,1.0,2.0,111.0,7,68,1.0,4.93,0,0,41
45765329,AVL Round House - only 6 miles West of downtown,28806,Entire home/apt,6,2.0,3.0,201.99,1,456,6.58,4.95,1,0,53
45773379,Comfortable AVL retreat with hot tub+fireplace!,28806,Entire home/apt,6,3.0,4.0,220.0,2,165,2.38,4.93,1,0,55
45784291,Apartment with private deck in Downtown,28801,Entire home/apt,2,1.0,1.0,163.19,1,325,4.68,4.61,0,0,38
45829371,"Mountain Views, Firepit, By Biltmore, DT+WAVL+BRP",28805,Entire home/apt,5,1.0,2.0,228.5,2,139,2.04,4.94,0,0,57
45883972,"Private, quiet home 15 min to downtown, W/D, fence",28805,Entire home/apt,6,3.0,3.0,232.8,2,173,2.55,4.95,1,0,55
45892156,Modern Suite with Stunning Views!,28803,Entire home/apt,4,2.0,2.0,258.36,1,385,5.61,4.99,1,0,55
45893285,Shrimp Shack @ Baying Hound Campground,28806,Private room,2,2.0,1.0,39.0,1,85,1.23,4.92,1,0,16
45937183,Busbee Mountain Vista with Hot Tub and Game Room,28803,Entire home/apt,6,3.0,4.0,362.5,2,205,3.0,4.71,1,0,57
45996344,Cozy and convenient in the heart of West AVL,28806,Entire home/apt,2,1.0,1.0,206.0,1,341,5.05,4.99,1,0,54
46000284,Woodfin Cottage,28804,Entire home/apt,4,2.0,2.0,224.33,2,155,2.27,4.91,0,0,34
46005799,Two King Bedrooms in Downtown Asheville,28801,Entire home/apt,6,2.0,3.0,302.5,1,81,1.33,4.9,1,0,42
46049132,East Asheville Neighborhood Charm,28805,Entire home/apt,2,1.0,1.0,80.0,1,256,3.74,4.83,0,0,34
46196757,Unique Downtown Studio,28801,Entire home/apt,2,2.0,1.0,180.31,1,315,4.59,4.66,0,0,37
46234222,"Tranquility Base Suite. Clean, Comfy, & Private",28806,Private room,2,2.0,2.0,149.5,2,72,1.05,5.0,1,0,43
46260287,4 miles from downtown & on the MST trail,28803,Entire home/apt,3,1.0,1.0,188.0,2,30,0.6,4.83,0,0,46
46277556,Trendy & Spacious Apt on Chicken Alley. DT AVL,28801,Entire home/apt,4,1.0,2.0,171.18,1,526,7.81,4.93,1,0,42
46313780,Historic Montford 10-minute walk from the AVL Buzz,28801,Entire home/apt,2,1.0,1.0,191.03,1,363,5.33,4.99,1,0,48
46394561,"*NEW* Two Cozy Condos| 10 mins to DT, Biltmore",28803,Entire home/apt,8,4.0,6.0,929.33,3,0,1.66,4.94,1,0,28
46449865,The Blue Door ~guest house,28804,Entire home/apt,3,1.0,2.0,197.0,2,158,2.33,4.93,1,0,42
46513104,Dolly the Retro Camper (just south of Asheville)!,28704,Entire home/apt,3,1.0,2.0,79.0,1,128,1.96,4.89,0,0,47
46533293,Quiet idyllic riverfront bungalow near Asheville,28805,Entire home/apt,4,2.0,2.0,342.4,5,119,1.88,4.97,0,0,39
46562220,Weekender Cabin 3 Miles from Downtown Asheville,28806,Entire home/apt,2,1.0,1.0,177.0,1,358,5.3,4.99,1,0,35
46584746,"Hot Tub, King Bed, Grill, Fire Pit, Close to AVL",28806,Entire home/apt,5,2.0,2.0,198.0,1,355,5.23,4.94,1,0,69
46655499,Dual-Suite Condo w/ Mountain Views + Balconies,28801,Entire home/apt,6,2.0,2.0,374.5,1,96,1.45,4.85,1,0,38
46655501,Biltmore Avenue Balcony Condo,28801,Entire home/apt,6,2.0,3.0,283.75,1,95,1.42,4.83,1,0,40
46655502,Downtown Asheville Southwest Mountain Views,28801,Entire home/apt,4,2.0,2.0,384.0,1,132,1.98,4.89,1,0,35
46711740,"Game & Movie Room, Pet Friendly, BBQ Deck, Stylish",28806,Entire home/apt,10,4.0,5.0,498.0,2,168,3.43,4.99,0,0,59
46848077,"Charming, Cozy Cabin with Everything You Need.",28732,Entire home/apt,4,1.0,2.0,342.5,2,9,0.13,4.56,0,0,18
46901035,The Roost at Chicken Alley/StudioApt/Free Parking,28801,Entire home/apt,4,1.0,2.0,204.27,1,495,7.38,4.9,1,0,47
46939542,Two King Ensuite Bedrooms with Views,28801,Entire home/apt,6,2.0,3.0,341.5,1,122,2.12,4.92,1,0,36
46943925,Downtown Asheville Large Balcony Pet Friendly,28801,Entire home/apt,6,2.0,3.0,366.0,1,69,1.05,4.59,1,0,42
46943928,Enjoy City Views Around a Cozy Firepit,28801,Entire home/apt,4,1.0,2.0,258.5,2,94,1.41,4.93,1,0,35
47028331,Two Ensuite Bedrooms with Private Balconies,28801,Entire home/apt,6,2.0,3.0,321.5,1,78,1.17,4.85,1,0,34
47029478,Lofts at Woolworth in downtown Asheville NC! #208,28801,Entire home/apt,5,2.0,2.0,344.5,2,221,3.31,4.98,1,0,41
47058648,Walk to the Asheville River Arts District!,28806,Entire home/apt,8,4.0,6.0,227.69,30,8,0.12,5.0,0,0,66
47069470,Lofts at Woolworth in downtown Asheville NC! #204,28801,Entire home/apt,3,1.0,1.0,343.0,1,193,2.9,4.97,1,0,38
47096192,Lofts at Woolworth in downtown Asheville NC! #203,28801,Entire home/apt,4,1.0,2.0,349.0,1,170,2.54,4.92,1,0,40
47178939,Lofts at Woolworth in downtown Asheville NC! #202,28801,Entire home/apt,5,2.0,2.0,334.0,2,168,2.53,4.97,1,0,41
47183867,City and Mountain Views with Spacious Balcony,28801,Entire home/apt,6,2.0,3.0,348.0,2,106,1.61,4.92,1,0,34
47204256,#8 Rose Room - OaklandCottage B&B,28801,Private room,2,2.0,1.0,183.0,1,9,0.15,4.89,0,0,25
47237792,Luxurious Downtown Asheville Condo,28801,Entire home/apt,4,2.0,3.0,473.5,2,26,0.41,4.81,1,0,47
47330330,"The Bluebird (Tiny House, 5 mins to downtown AVL)",28806,Entire home/apt,2,2.0,1.0,149.0,1,535,8.03,4.96,1,0,34
47331141,Kimono Cottage-homestyle Zen in West AVL,28806,Entire home/apt,4,2.0,2.0,200.0,1,190,3.0,4.98,1,0,42
47405082,Asheville Cozy Cabin with fire pit,28704,Entire home/apt,3,1.0,2.0,180.0,1,362,5.45,4.93,1,0,46
47461928,Cozy Mountain Retreat near Downtown Asheville!,28803,Entire home/apt,9,4.0,5.0,450.0,2,35,0.55,4.91,1,0,41
47498196,"Cumberland Cottage, Chef's Kitchen, Walk to Town",28801,Entire home/apt,2,1.0,1.0,110.63,2,0,1.66,4.94,1,0,56
47714591,"Hide Out Camper, 5 min. to airport and Ag center",28732,Entire home/apt,5,1.0,4.0,137.0,1,142,2.16,4.92,1,0,44
47767006,*Cozy Tiny Cottage*  20 min to Downtown Asheville,28704,Entire home/apt,2,2.0,1.0,171.04,2,549,8.41,5.0,1,0,50
47843399,Lofts at Woolworth in downtown Asheville NC! #201,28801,Entire home/apt,3,1.0,1.0,343.0,1,169,2.63,4.98,1,0,40
47844976,Elegant + Edgy Loft,28801,Entire home/apt,4,2.0,2.0,393.0,1,202,3.11,4.95,1,0,49
47845490,Downtown Luxury Condo Walkable to Heart of AVL,28801,Entire home/apt,6,2.0,3.0,434.0,1,75,1.15,5.0,0,0,38
47871995,Lofts at Woolworth in downtown Asheville NC! #206,28801,Entire home/apt,5,2.0,2.0,314.5,2,162,2.57,4.98,1,0,42
47872540,Beautiful Guest Suite by Parkway and Bent Creek!,28806,Entire home/apt,4,1.0,2.0,111.67,3,45,0.69,4.93,1,0,43
47883934,Spacious 2BR retreat with Mtn view. Pets allowed,28732,Entire home/apt,4,2.0,2.0,195.0,2,127,1.95,4.86,1,0,47
47891085,Private Oasis in Downtown,28801,Private room,2,2.0,1.0,120.33,3,142,2.93,4.96,0,0,46
47927179,1mile to AVL/ KING Studio-Lil' Castle in the City,28801,Entire home/apt,2,1.0,1.0,201.5,2,77,1.34,5.0,1,0,48
47939690,Cozy 100+yr old home -  500 ft walk to UNCA,28804,Entire home/apt,6,3.0,3.0,232.8,2,40,0.7,4.83,1,0,49
47944926,South Slope Skyhaus with Rooftop Terrace,28801,Entire home/apt,6,3.0,3.0,410.5,1,82,1.27,4.84,1,0,42
47946151,Pet-Friendly | Fire Pit | Game Room | Parks Nearby,28806,Entire home/apt,13,4.0,6.0,389.0,1,320,4.9,4.98,1,0,61
47963232,Boutique Condo in the ❤ of Downtown Asheville,28801,Entire home/apt,6,2.0,3.0,365.0,2,196,3.02,4.95,1,0,57
48010459,Upstream Bachelor Sanctuary - New Wedding Venue,28806,Entire home/apt,16,7.0,11.0,1241.5,2,16,0.28,5.0,0,0,72
48017079,"Little Hickory Top - Views, Firepit, Close to AVL!",28715,Entire home/apt,6,2.0,3.0,302.41,2,249,3.84,4.99,1,0,64
48018838,Large Condo Near Biltmore Estate,28803,Entire home/apt,6,2.0,3.0,265.75,1,61,0.93,4.82,1,0,41
48028960,Historic Biltmore Area Renovated Condo,28803,Entire home/apt,8,2.0,4.0,365.0,1,68,1.04,4.82,1,0,41
48100107,Stone's Throw Studio★2 Min Walk to Hip West AVL!,28806,Entire home/apt,2,1.0,1.0,144.5,2,208,3.2,4.99,1,0,41
48105328,West Asheville Cabin with Hot tub,28806,Entire home/apt,2,1.0,1.0,330.5,2,275,4.23,4.99,0,0,54
48133895,Cozy Comfortable Asheville Couple's Getaway,28806,Entire home/apt,2,1.0,1.0,109.0,2,224,3.52,5.0,1,0,38
48167244,Monthly Rental Montford Basement Studio Apartment,28801,Entire home/apt,3,2.0,2.0,80.79,28,34,0.54,4.79,1,0,37
48254135,Peaceful Mountain bungalow minutes to the Parkway,28805,Entire home/apt,4,2.0,2.0,139.8,2,129,2.02,4.73,0,0,43
48264488,Serene and In Between Downtown and RAD,28801,Entire home/apt,2,1.0,2.0,154.06,1,48,0.87,5.0,1,0,60
48312219,Modern Retreat - Minutes to Downtown Asheville,28804,Entire home/apt,4,2.0,2.0,328.0,1,279,4.39,4.97,1,0,45
48327222,In the Trees of West Asheville w/ private deck,28806,Entire home/apt,2,2.0,1.0,134.0,1,289,4.59,4.94,1,0,47
48330527,Lofts at Woolworth in downtown Asheville NC! #205,28801,Entire home/apt,3,1.0,1.0,343.0,1,161,2.52,4.98,1,0,40
48355314,"Charming, Renovated and Convenient",28801,Entire home/apt,2,1.0,1.0,204.5,1,100,1.56,4.53,1,0,34
48366945,Lovely Private Studio in West Asheville,28806,Entire home/apt,2,1.0,1.0,137.0,2,121,3.21,5.0,1,0,56
48413314,Historic Oakland Cottage- Reserve the entire Inn!,28801,Entire home/apt,16,6.0,10.0,1394.0,1,1,0.02,5.0,0,0,56
48418084,"The Lodge · Game Room, Hot Tub · Sleeps 30",28803,Entire home/apt,16,9.0,20.0,1625.5,2,19,0.38,5.0,1,0,66
48422819,Close to downtown Asheville and Biltmore Estate,28715,Entire home/apt,4,2.0,2.0,200.0,3,3,0.05,5.0,1,0,14
48484474,Family Home w/ Views ~ 5 Mi to Downtown Asheville!,28804,Entire home/apt,8,3.0,5.0,314.5,2,149,2.35,4.97,0,0,42
48491502,Asheville Cottage 18-20,28805,Entire home/apt,2,1.0,2.0,63.8,30,3,0.05,5.0,1,0,47
48547583,Modern South Slope Condo EV Charger 2 Parkng Spots,28801,Entire home/apt,6,2.0,3.0,387.75,2,84,1.31,4.89,1,0,43
48547584,Downtown Condo City Center,28801,Entire home/apt,4,1.0,1.0,245.5,1,91,1.42,4.79,1,0,37
48569559,"Art Deco Penthouse + Biltmore Pass, Downtown AVL",28801,Entire home/apt,8,3.0,5.0,553.5,2,64,1.02,4.88,1,0,49
48569649,Family Retreat Near Asheville + Biltmore Pass,28803,Entire home/apt,6,3.0,4.0,397.67,3,15,0.27,4.87,1,0,54
48569663,"Hot Tub Cabin on 36 Acres +Biltmore Pass,12min AVL",28803,Entire home/apt,6,3.0,4.0,274.33,3,65,1.24,4.77,1,0,50
48623500,Modern & Bright | Near Town | Play Ground Access,28806,Entire home/apt,6,3.0,3.0,484.0,1,241,3.76,4.94,1,0,64
48639122,Private Apartment in Vibrant West Asheville,28806,Entire home/apt,5,2.0,3.0,227.09,1,188,2.93,4.94,0,0,34
48657021,Open Floorplan Ideal Location,28801,Entire home/apt,6,2.0,3.0,310.5,1,137,2.15,4.88,1,0,36
48661410,Mountain Modern- Blue Ridge Parkway luxury cabin,28805,Entire home/apt,4,2.0,3.0,325.5,2,239,3.81,4.97,1,0,49
48671276,"Luxe Loft - cozy, clean and serene!",28804,Entire home/apt,4,2.0,2.0,168.0,1,255,4.0,4.95,1,0,52
48763660,Asheville Downtown Condo,28801,Entire home/apt,4,2.0,2.0,606.5,2,2,0.8,3.5,0,0,17
48764233,Cozy Private Ranch Apt 5 Min From Biltmore,28803,Private room,2,2.0,1.0,153.0,2,61,0.96,4.89,0,0,51
48778803,Eco Cottage near river. 5 min drive downtown AVL,28804,Entire home/apt,6,2.0,2.0,304.69,1,189,3.02,4.95,0,0,63
48848898,11 min to Biltmore Sleeps 6,28803,Entire home/apt,6,3.0,3.0,157.86,2,78,2.71,4.86,1,0,58
48899534,Asheville Vacation Rental with Hot Tub,28803,Entire home/apt,8,3.0,4.0,285.0,2,44,0.71,4.84,1,0,40
48899543,Montford Cottage in Downtown Asheville,28801,Entire home/apt,4,2.0,3.0,182.33,7,2,0.04,4.5,1,0,38
48969877,Lofts of Asheville with a touch of elegance,28715,Entire home/apt,4,2.0,2.0,194.0,3,11,0.18,4.55,1,0,16
48971919,Downtown Pac-Man Condo 55 S Market St,28801,Entire home/apt,4,1.0,2.0,318.96,2,263,4.2,4.98,1,0,42
48972465,Blue Sky Charm,28806,Entire home/apt,6,2.0,3.0,314.0,1,96,1.55,4.98,0,0,58
48974282,"Whole Renovated Home 10 min to DT AVL, Fenced Yard",28803,Entire home/apt,13,5.0,8.0,336.0,1,211,3.34,4.92,1,0,62
49037064,Mountain House in the Woods close to Everything!,28805,Entire home/apt,8,3.0,4.0,448.0,2,147,2.44,4.98,0,0,36
49093110,Asheville Mountain View Retreat w City Amenities,28803,Entire home/apt,5,3.0,5.0,113.6,30,4,0.07,4.5,0,0,54
49198441,LEAF weekend rental only,28806,Entire home/apt,2,2.0,2.0,400.0,1,0,1.66,4.94,0,0,11
49198746,Light and Bright West Asheville Guest Suite,28806,Entire home/apt,3,1.0,1.0,88.0,2,116,1.98,4.95,0,0,41
49231039,"Woodsy Hideaway near Downtown, Parkway, Biltmore",28805,Entire home/apt,2,1.0,3.0,143.0,2,208,3.31,5.0,1,0,49
49232318,Asheville Cozy Tiny House with Hot Tub,28806,Entire home/apt,3,1.0,2.0,210.0,1,472,7.47,4.89,1,0,27
49232645,"Luxury Condo, Downtown Asheville",28801,Entire home/apt,4,2.0,2.0,488.0,1,74,1.18,4.93,1,0,38
49291580,"Elegant Colonial close to Omni, bakeries, parks",28801,Entire home/apt,6,4.0,4.0,830.21,7,7,0.15,5.0,0,0,66
49338161,"Cozy Mtn Home, 5*Views, Near Biltmore",28704,Entire home/apt,6,3.0,4.0,427.0,2,46,0.81,5.0,1,0,59
49361421,Elegant Retreat in Montford Victorian!,28801,Entire home/apt,2,1.0,1.0,157.0,2,232,3.7,4.98,1,0,25
49443439,"Azalea Cottage, BOHO hideaway",28704,Entire home/apt,3,1.0,1.0,112.33,2,85,1.37,4.85,1,0,41
49463884,Spacious Mid Century Home Close To Everything,28806,Entire home/apt,9,4.0,6.0,420.5,2,87,1.4,4.98,1,0,59
49467252,Bent Creek Beauty,28806,Entire home/apt,8,3.0,7.0,314.5,2,188,3.03,4.96,1,0,67
49468364,"Luxury Pet Friendly Condo, Heated Balcony",28801,Entire home/apt,6,2.0,3.0,364.5,1,142,2.26,4.87,1,0,51
49484290,Dogwood Cottage - Perfect couples escape,28704,Entire home/apt,3,1.0,1.0,145.0,2,58,0.93,4.9,1,0,34
49503229,"""Eastern Sky"" - Deck & Mountain Views""",28805,Entire home/apt,2,1.0,1.0,179.0,2,83,1.38,4.96,1,0,60
49589050,"Cozy, Quiet, Hot Tub in Grove Park Neighborhood",28804,Entire home/apt,2,1.0,1.0,197.0,2,109,1.77,4.92,0,0,68
49635615,RV Deluxe,28801,Entire home/apt,2,1.0,2.0,82.33,3,28,0.45,4.75,0,0,17
49635989,Lg StudioApt in updated 1905 home downtown,28801,Entire home/apt,2,1.0,3.0,181.0,1,33,0.56,4.94,1,0,26
49686300,Asheville lofts III with a touch of luxury,28715,Entire home/apt,4,2.0,1.0,194.0,3,2,0.03,5.0,1,0,36
49726452,Little Blue Farmhouse | Hot Tub + Pet-Friendly,28806,Entire home/apt,6,3.0,3.0,230.5,2,0,1.66,4.94,0,0,60
49729529,The heart of West Asheville.,28806,Entire home/apt,3,1.0,1.0,97.0,5,29,0.49,4.9,0,0,50
49752131,Cozy Wooded Escape w/ Firepit & Hot Tub,28803,Entire home/apt,6,3.0,4.0,399.0,2,57,0.92,4.96,1,0,57
49753340,The Black Bear Bungalow <10 mins to DT Asheville,28803,Entire home/apt,6,3.0,4.0,299.0,2,73,1.18,4.88,1,0,33
49761321,Stay In The Loop,28806,Entire home/apt,4,3.0,4.0,346.0,1,26,0.43,5.0,1,0,71
49789328,Brand new green built 2 bedroom duplex.,28804,Entire home/apt,4,2.0,1.0,127.5,2,149,2.48,4.93,0,0,38
49838245,Sunlit Suite w/ private bath in a Quiet Home,28806,Private room,2,2.0,1.0,161.31,2,89,1.58,4.94,0,0,59
49862390,"""Eastern Sunrise-Breath taking Mountain Views""",28805,Entire home/apt,2,1.0,1.0,195.33,3,37,0.61,5.0,1,0,60
49900559,Clean & cozy basement apartment in West Asheville,28806,Entire home/apt,2,1.0,1.0,92.0,1,609,9.85,4.96,1,0,55
49987126,“828 Escape” welcoming workers!,28804,Entire home/apt,4,2.0,3.0,245.36,2,94,1.54,4.95,1,0,55
49988121,"Walkable West Asheville,  Vacation or Work Remote",28806,Entire home/apt,4,2.0,2.0,222.67,3,26,0.49,4.92,0,0,60
50033430,South Slope Brewery District Townhome,28801,Entire home/apt,6,3.0,3.0,425.5,1,68,1.12,4.94,1,0,48
50035416,"Ginger’s Nature Nest (2br suite, great location)",28805,Entire home/apt,4,2.0,3.0,190.5,2,47,0.76,4.94,0,0,48
50042645,Quiet Cottage w/ Outdoor Oasis,28803,Entire home/apt,7,3.0,4.0,371.0,1,117,1.9,5.0,1,0,67
50112529,Cozy getaway near Biltmore Estate and downtown,28803,Entire home/apt,4,2.0,2.0,221.39,1,86,1.42,4.95,1,0,35
50125558,Sweet Bungalow 8 minutes to Downtown AVL,28804,Entire home/apt,4,2.0,2.0,370.0,1,108,1.79,4.97,1,0,64
50156368,Stunning Gem in the Heart of Asheville,28801,Entire home/apt,2,1.0,1.0,170.04,1,381,6.22,4.92,1,0,34
50168861,The Urban Cottage - Chic West Asheville Home,28806,Entire home/apt,2,1.0,2.0,90.87,30,16,0.27,4.88,0,0,50
50179678,Spacious Modern Getaway 10 Minutes From Downtown!,28806,Entire home/apt,7,3.0,4.0,286.44,1,295,4.81,4.63,0,0,46
50191232,"Hot Tub + Pet Friendly + Biltmore Pass, 5min AVL",28805,Entire home/apt,10,4.0,7.0,591.5,2,64,1.13,4.72,1,0,53
50196441,City View South Slope Townhome,28801,Entire home/apt,6,3.0,3.0,617.5,1,51,0.85,4.88,1,0,42
50241204,"Upscale well appointed, spacious retreat. Hot tub.",28803,Entire home/apt,9,4.0,8.0,631.67,3,74,1.3,5.0,1,0,76
50289737,Modern home - Mtn views-4 miles to Downtown AVL,28804,Entire home/apt,8,4.0,4.0,502.5,2,187,3.21,5.0,1,0,66
50301104,Your adventure starts here.,28732,Private room,2,2.0,2.0,114.5,2,17,0.28,5.0,0,0,42
50323786,"BearsDenAVL, modern 3 bed/2 bath in Asheville",28804,Entire home/apt,6,3.0,4.0,138.71,30,40,0.66,4.98,1,0,56
50375999,Private POOL & HOT TUB; Family-friendly Retreat,28732,Entire home/apt,8,4.0,4.0,427.0,3,92,1.52,4.9,1,0,66
50378909,Adorable Historic Renovation North of Downtown,28801,Entire home/apt,2,1.0,2.0,224.0,1,92,1.52,4.8,1,0,38
50378910,Historic Two Bedroom Charlotte Street Condo,28801,Entire home/apt,4,2.0,2.0,220.25,1,95,1.55,4.74,1,0,33
50382189,"Charming Montford Oasis, 5 Min. Walk to Downtown",28801,Entire home/apt,2,1.0,1.0,147.0,1,530,9.06,4.99,1,0,44
50422282,"Beautiful, cozy home just minutes to downtown.",28804,Entire home/apt,9,5.0,5.0,389.0,2,123,2.03,4.89,0,0,45
50451684,The Little House on Beaucatcher,28801,Entire home/apt,4,1.0,2.0,201.0,2,110,1.82,4.96,1,0,63
50454057,MTN VIEWS/ 1 Min to Downtown Asheville/ Peaceful,28805,Entire home/apt,3,1.0,2.0,323.0,2,44,1.2,5.0,1,0,44
50459172,3BR/2BA Short/Mid/Long-Term in West AVL & Dogs OK!,28806,Entire home/apt,6,3.0,3.0,295.36,1,85,1.4,4.92,1,0,43
50468375,Newly Remodeled Cheerful  Home Centrally Located,28803,Entire home/apt,5,2.0,3.0,338.0,1,53,0.89,4.81,0,0,53
50485379,NY Style-STR 3 mi to Mission & 1 Mi to Downtown,28801,Entire home/apt,2,1.0,2.0,152.33,3,11,0.23,5.0,0,0,59
50487679,Private Bedroom in Creekside Home,28806,Private room,2,2.0,1.0,178.5,2,3,0.05,5.0,0,0,50
50487811,Exceptional view home of Asheville!,28804,Entire home/apt,4,2.0,2.0,525.0,2,17,0.29,5.0,0,0,66
50587814,"Luxury Retreat w/ Hot Tub,Game Room +Biltmore Pass",28803,Entire home/apt,12,5.0,6.0,779.0,2,33,0.57,4.94,1,0,60
50597055,The Howell House,28806,Entire home/apt,4,2.0,2.0,250.5,2,88,1.46,4.99,1,0,55
50672066,Cozy Bedroom with private Bath in West Asheville,28806,Private room,2,2.0,2.0,80.0,1,150,2.51,4.91,0,0,47
50704896,Peaceful Cottage tucked away in Asheville,28803,Entire home/apt,4,1.0,2.0,183.0,2,108,1.86,4.97,0,0,44
50723495,Blue Ridge Getaway,28805,Entire home/apt,3,1.0,2.0,194.0,2,62,1.06,4.95,1,0,58
50749508,Upstairs Apartment with kitchenette,28806,Private room,2,2.0,1.0,123.0,1,159,2.63,4.92,1,0,48
50775740,A four bedroom gem in heart of downtown Asheville,28801,Entire home/apt,6,4.0,4.0,212.79,29,11,0.19,5.0,0,0,59
50785962,Cozy Mountain Cabin Close to Downtown!,28806,Entire home/apt,2,1.0,1.0,96.0,3,132,2.21,4.98,1,0,37
50787381,Mins to Asheville/Peaceful/Secluded/Large Groups,28803,Entire home/apt,9,4.0,5.0,281.5,2,133,2.23,4.94,1,0,62
50792341,Montford Bungalow,28801,Entire home/apt,5,1.0,3.0,211.5,1,154,2.62,4.97,1,0,43
50803225,Secluded Dog Friendly suite near AVL. Come escape!,28704,Entire home/apt,2,1.0,1.0,98.0,2,124,2.06,4.93,1,0,52
50813196,Historic Cottage in Montford | Walk to Downtown,28801,Entire home/apt,4,2.0,2.0,326.94,1,127,2.11,4.94,1,0,69
50893805,Cozy Bungalow 10 minutes from Downtown Asheville,28806,Entire home/apt,4,2.0,2.0,176.88,1,414,7.37,4.9,1,0,62
50901489,"Grandmamas Cottage - Convenient location minutes from Blue Ridge Parkway, Biltmore, Shopping, and more!",28806,Entire home/apt,4,2.0,2.0,222.0,1,290,4.82,4.86,1,0,46
50993973,"""Sol"" Your place in amazing West Asheville",28806,Private room,2,2.0,1.0,143.0,1,63,1.05,4.87,1,0,40
51065737,Charming Downtown 2nd Floor Unit,28801,Entire home/apt,2,1.0,1.0,143.0,1,215,3.58,4.41,0,0,34
51121890,Charming Historic Montford House.  Close to town.,28801,Entire home/apt,4,2.0,2.0,144.21,28,7,0.13,5.0,0,0,55
51125182,Cozy and Bright One Bedroom Condo,28801,Entire home/apt,2,1.0,2.0,210.5,1,43,0.72,4.67,1,0,39
51125183,Historic Charlotte Street Condo,28801,Entire home/apt,4,2.0,2.0,299.0,1,69,1.16,4.62,1,0,34
51144414,Downtown Asheville Loft - Steps to Dining & Shops,28801,Entire home/apt,4,2.0,2.0,421.0,1,135,2.3,4.96,1,0,34
51149286,"Monthly rental, Lovely Montford Home",28801,Entire home/apt,6,3.0,3.0,148.79,28,17,0.29,4.82,1,0,56
51213408,Biltmore Village Gem,28803,Entire home/apt,8,2.0,4.0,332.75,1,67,1.13,4.82,1,0,40
51252799,Amazing Town Mountain Getaway,28804,Entire home/apt,6,2.0,3.0,366.5,1,88,1.47,4.83,1,0,33
51309707,Modern South Slope Townhome with City Views,28801,Entire home/apt,6,3.0,3.0,707.0,1,85,1.43,4.96,1,0,40
51309708,Asheville Proud South Slope Townhome,28801,Entire home/apt,6,3.0,3.0,488.5,1,97,1.66,4.92,1,0,36
51410351,Cozy Haw Creek Retreat,28805,Entire home/apt,2,1.0,1.0,153.0,2,224,3.83,4.98,1,0,37
51482414,"Historic Montford,  Private Suite, walk to town",28801,Private room,2,1.0,1.0,191.5,1,129,2.45,4.95,1,0,42
51488337,Walkable West Avl Studio Apt with King Bed,28806,Entire home/apt,2,1.0,1.0,188.5,2,116,1.98,4.94,0,0,33
51534720,Hidden Hills Retreat | Hot Tub • Walk to Haywood!,28806,Entire home/apt,2,1.0,1.0,314.0,1,113,1.91,4.88,0,0,67
51691471,Hillcrest Hideaway-Entire Home 10 Minutes to DT,28804,Entire home/apt,6,3.0,3.0,254.5,2,97,1.66,4.87,1,0,52
51706509,North Asheville Guest House,28804,Entire home/apt,2,1.0,1.0,254.74,1,390,6.77,4.99,1,0,44
51707443,Classic Charm | Spacious 3 BR | Fenced for Fido,28803,Entire home/apt,6,3.0,3.0,479.0,1,80,1.37,4.8,0,0,55
51761922,Downtown Home in Walking Distance of City Center,28801,Entire home/apt,4,2.0,2.0,154.87,30,2,0.04,5.0,0,0,42
51771518,Charming 2-bedroom cottage minutes from downtown,28805,Entire home/apt,5,2.0,3.0,278.0,1,366,6.25,4.99,1,0,44
51796389,Asheville Best Mtn Retreat-5 mi. town! Spa. Dog ok,28804,Entire home/apt,8,4.0,4.0,714.0,1,56,1.02,5.0,1,0,65
51805099,Asheville Riverside Bungalow Close to Downtown+RAD,28804,Entire home/apt,5,2.0,3.0,200.5,2,152,2.6,4.93,0,0,57
51883226,Elevation Lofts Boutique Hotel - Unit 301,28801,Private room,4,2.0,2.0,560.0,2,6,0.12,5.0,1,0,56
51956702,Elevation Lofts Boutique Hotel- Unit 302,28801,Private room,4,2.0,2.0,774.5,2,0,1.66,4.94,1,0,57
51957373,Elevation Lofts Boutique Hotel - Unit 304,28801,Private room,4,2.0,2.0,640.5,2,7,0.13,5.0,1,0,56
51957729,Elevation Lofts Boutique Hotel - Unit 305,28801,Private room,6,3.0,4.0,547.5,2,7,0.12,5.0,1,0,48
51957993,Elevation Lofts Boutique Hotel - Unit 306,28801,Private room,4,2.0,2.0,711.0,1,29,0.5,4.97,1,0,54
52011289,Delightful Brewery District Three Bedroom,28801,Entire home/apt,6,3.0,3.0,436.5,1,73,1.28,4.9,1,0,41
52011291,Chic Southside Three King Bedroom Townhome,28801,Entire home/apt,6,3.0,3.0,452.5,1,58,0.99,4.83,1,0,45
52056409,Firefly Cove Guesthouse,28803,Entire home/apt,4,1.0,2.0,175.0,1,222,3.83,4.96,0,0,60
52090223,2B/1B Private entrance Suite in Sweet Location!,28806,Entire home/apt,4,2.0,2.0,208.5,2,5,0.11,4.8,0,0,41
52101450,West Asheville Garden Retreat,28806,Entire home/apt,2,1.0,1.0,123.25,2,99,1.73,4.86,0,0,55
52102809,Bent Creek Complete Apartment,28806,Entire home/apt,2,1.0,1.0,80.9,10,17,0.29,4.94,0,0,15
52112544,Art Deco Building Condo w/Private 50 ft Terrace,28801,Entire home/apt,6,2.0,3.0,407.5,1,88,1.54,4.92,1,0,36
52127768,Charming and Modern 1-bedroom Asheville Log Cabin,28704,Entire home/apt,2,1.0,1.0,96.1,10,7,0.14,5.0,0,0,16
52142496,Secluded 2 Bedroom yurt with a view- Bennets yurt,28805,Entire home/apt,4,2.0,2.0,158.06,2,329,6.19,4.95,1,0,39
52149843,Chic flat Walk to Downtown Fire-Pit Gardens,28801,Entire home/apt,4,2.0,2.0,228.24,1,496,8.7,4.94,1,0,88
52155553,Pet Friendly South Asheville Hot Tub Townhome,28704,Entire home/apt,8,3.0,4.0,232.25,1,110,1.92,4.84,1,0,39
52155554,Pet Friendly Contemporary Townhome Hot Tub,28704,Entire home/apt,8,3.0,4.0,230.25,1,94,1.64,4.84,1,0,39
52155555,Exceptional Downtown Condo,28801,Entire home/apt,4,2.0,2.0,598.47,30,34,0.59,4.85,1,0,32
52190407,"❀Nurses/WFH❀ Cozy Apt by RAD, Mission & Downtown",28801,Entire home/apt,2,1.0,1.0,72.22,30,15,0.28,4.8,0,0,38
52226257,River Cottage,28804,Entire home/apt,8,3.0,6.0,314.0,2,53,0.92,4.98,0,0,60
52232865,Spacious 4BR Cozy Home Near AVL Airport,28704,Entire home/apt,9,4.0,6.0,290.5,2,200,3.85,4.89,1,0,54
52240577,Sunset Retreat | Hideaway,28803,Entire home/apt,9,3.0,6.0,352.5,2,173,2.98,4.87,1,0,53
52333380,Perfect Downtown Pad!,28801,Entire home/apt,2,1.0,2.0,74.63,28,18,0.32,4.67,1,0,44
52366902,Lazy Daze Hideaway Comfortable 2 Bedroom Bungalow,28803,Entire home/apt,4,2.0,3.0,132.0,30,26,0.46,4.81,0,0,55
52367944,Mountain View Room A,28804,Private room,2,2.0,1.0,111.5,2,32,0.57,4.84,0,0,46
52368270,Mountain View Room B,28804,Private room,2,2.0,1.0,111.5,2,22,0.39,4.55,0,0,47
52370777,"Stylish 2 bedroom/2.5 bath, parking + huge yard",28806,Entire home/apt,4,2.0,2.0,133.5,28,16,0.31,5.0,1,0,58
52385221,Canvas Tent #0 @Baying Hound Campground,28806,Entire home/apt,2,1.0,2.0,52.0,2,19,0.33,4.47,1,0,17
52398541,Spacious Studio- Convenient to Hiking and Biking,28715,Entire home/apt,4,1.0,2.0,119.5,2,112,2.18,4.96,1,0,44
52399347,Arthouse Suite on Country Club,28804,Entire home/apt,4,1.0,1.0,225.0,2,9,0.16,5.0,0,0,69
52407559,Spacious 2-story Apt in Downtown AVL w/Mural,28801,Entire home/apt,6,2.0,3.0,151.5,1,303,5.49,4.86,1,0,47
52408697,"Relaxing Montford Retreat, 5 Min. Walk to Downtown",28801,Entire home/apt,2,1.0,1.0,130.09,1,377,6.52,4.99,1,0,43
52419566,Luxe Asheville Home w/ Stunning Mountain Views!,28806,Entire home/apt,8,4.0,4.0,610.83,3,57,1.01,4.96,0,0,39
52422900,Central to Asheville+Hendo+Biltmore,28704,Private room,3,2.0,2.0,61.46,30,59,1.03,4.9,1,0,54
52436930,"West Asheville Retreat, 4 bd, 3 bath, W/hot-tub,",28806,Entire home/apt,8,4.0,4.0,296.71,1,232,4.02,4.79,0,0,57
52471532,Pets Welcome at this Hot Tub Three Bedroom,28704,Entire home/apt,8,3.0,4.0,413.0,1,49,0.86,4.69,1,0,40
52474452,Fab South Asheville Townhome Hot Tub Pet Friendly,28704,Entire home/apt,8,3.0,4.0,400.0,1,114,2.0,4.79,1,0,40
52474453,Absolutely Amazing Downtown Condo,28801,Entire home/apt,4,2.0,2.0,382.5,1,115,2.0,4.93,1,0,33
52531680,Cozy Forest Hideaway with Private Patio,28805,Entire home/apt,2,1.0,1.0,189.44,2,0,1.66,4.94,0,0,14
52547361,Mountain Laurel Meadows • Sauna • 15 to AVL,28806,Entire home/apt,2,1.0,1.0,132.0,1,158,2.83,4.87,1,0,51
52547772,Blue Ridge Digs!,28805,Entire home/apt,4,2.0,1.0,206.0,2,4,0.07,4.75,0,0,28
52580691,Stylish home in GREAT location!,28806,Entire home/apt,5,2.0,2.0,1218.5,2,48,0.84,4.92,0,0,40
52608720,Romantic Yurt | Private Sauna | Fire Pit |,28803,Entire home/apt,2,1.0,1.0,158.5,2,200,3.52,5.0,1,0,54
52617199,Fun Family Home+GameRoom+Firepit+Mins to Downtown,28806,Entire home/apt,8,4.0,5.0,348.67,3,65,1.25,4.97,1,0,66
52668715,Bring Pets Fun South Asheville Hot Tub Home,28704,Entire home/apt,8,3.0,4.0,315.5,1,83,1.45,4.61,1,0,41
52688516,Getaway Available for Graduation and Memorial Day,28804,Entire home/apt,8,4.0,5.0,644.33,3,8,0.16,4.63,0,0,59
52705474,"Long Range Mtn Views, Fire Pit, 3 Ensuites, Quiet!",28805,Entire home/apt,6,3.0,3.0,314.38,1,82,1.44,4.91,1,0,65
52718800,Comfortable South Asheville Townhome W/ Hot Tub,28704,Entire home/apt,8,3.0,4.0,306.5,1,81,1.43,4.6,1,0,42
52736029,Elegant Central Ruby-2BDRMs/1 BATH-3 beds sleep 4,28805,Entire home/apt,4,2.0,3.0,317.0,2,11,0.19,5.0,0,0,50
52794539,"3 miles to downtown, fire pit, BBQ grill",28804,Entire home/apt,8,3.0,4.0,340.0,1,194,3.47,4.93,1,0,59
52809639,Tranquil Gem: Dog & EV friendly,28806,Entire home/apt,4,2.0,3.0,557.17,4,40,0.73,4.8,0,0,57
52827301,"""White Cottage Inn"" Charming, Cozy & Convenient!",28704,Entire home/apt,6,3.0,4.0,276.5,2,31,0.54,4.9,0,0,64
52833552,Top floor private suite with large deck & balcony.,28806,Entire home/apt,4,1.0,3.0,156.4,5,66,1.19,4.97,1,0,49
52879544,"Near Biltmore, Hiking, Breweries W/ Game Room",28732,Entire home/apt,12,4.0,5.0,499.0,2,140,2.51,4.99,1,0,71
52887058,Spacious 3BR Dog-Friendly house w/ Fenced Yard!,28806,Entire home/apt,8,3.0,4.0,260.67,2,182,3.24,4.92,1,0,69
52902548,West Asheville Gem | King Beds | Walk to Hotspots,28806,Entire home/apt,4,2.0,2.0,154.07,28,10,0.19,4.9,1,0,53
52903285,The Triangle @Baying Hound Campground,28806,Entire home/apt,4,1.0,2.0,37.0,1,57,1.0,4.67,1,0,19
52903885,May Acres Cottage - South Asheville,28732,Entire home/apt,4,2.0,3.0,286.0,1,87,1.58,4.94,0,0,57
52925881,"Bluebird Bungalow - Walkable, Cozy, & Fenced Yard",28801,Entire home/apt,4,2.0,2.0,557.5,2,34,0.64,5.0,1,0,61
52930950,"Trails | Pet-Friendly| Hot Tub, Sauna, Fire Pit",28806,Entire home/apt,12,5.0,7.0,838.0,1,234,4.28,4.97,1,0,74
52931930,A Quiet Getaway in Historic Grove Park - Asheville,28804,Entire home/apt,2,1.0,1.0,185.5,2,102,1.82,4.97,1,0,39
52947068,Entire Home 10 min to downtown Asheville,28804,Entire home/apt,6,3.0,2.0,320.72,2,159,2.86,4.85,0,0,60
52952113,North AVL Hideout - Close to Downtown and Parkway,28804,Entire home/apt,6,3.0,3.0,348.06,2,232,4.19,5.0,1,0,58
52962331,"Renovated Duplex, full kitchen by Biltmore/Mission",28803,Entire home/apt,2,1.0,1.0,75.8,30,10,0.19,4.9,1,0,48
52971784,Brand new Cozy home with a perfect view in the mountains.,28715,Entire home/apt,4,2.0,3.0,276.0,3,12,0.21,4.75,0,0,64
53030063,"Private, serene 1 bed apartment in the trees",28803,Entire home/apt,3,1.0,1.0,68.69,29,34,0.61,4.91,1,0,43
53092220,Mountain View Villa - Asheville,28806,Entire home/apt,16,9.0,9.0,1322.5,2,93,1.66,4.97,1,0,71
53125580,Eclectic Asheville Abode w/ Backyard Oasis!,28806,Entire home/apt,8,4.0,4.0,545.5,2,15,0.27,4.47,0,0,41
53142343,"South AVL home w/King beds, hot tub, firepit",28803,Entire home/apt,10,4.0,4.0,476.0,1,126,2.25,4.79,1,0,59
53144044,Hot Tub & Fire Pit: Chic Asheville Oasis,28806,Entire home/apt,6,3.0,3.0,402.5,2,81,1.44,4.81,0,0,49
53166782,The Eclaire | 4500sqft 3Story Home | 10 min dwntwn,28806,Entire home/apt,16,5.0,9.0,615.0,2,82,1.47,4.96,1,0,63
53179175,Willow Hill Cottage cozy 2BR in Asheville,28806,Entire home/apt,4,2.0,2.0,189.33,3,44,1.3,4.98,1,0,54
53212851,Elevated Elegance in this Luxe Condo with Views,28801,Entire home/apt,4,2.0,2.0,423.5,1,171,3.07,4.97,1,0,41
53268339,"8 mins to Downtown! Pool, Hot Tub, Theater, Games",28806,Entire home/apt,14,5.0,6.0,475.5,1,81,1.44,4.91,1,0,80
53273299,"The White Squirrel, Entire Residential Home, Arden",28704,Entire home/apt,5,2.0,2.0,208.0,1,180,3.4,4.94,0,0,55
53273726,"The Perch, off Elk Mountain",28804,Entire home/apt,4,2.0,2.0,139.8,2,168,3.04,4.91,1,0,52
53281129,Private 2BR Home w/ Yard. 10 min to DT!,28806,Entire home/apt,4,2.0,2.0,139.8,1,314,5.59,4.83,1,0,48
53290509,Home w/ Yard: 8 Mi to French Broad River Park,28806,Entire home/apt,4,2.0,2.0,227.6,2,113,2.02,4.98,0,0,46
53310406,Peaceful West AVL Retreat - Huge Fenced-In Yard!,28715,Entire home/apt,4,3.0,2.0,23.32,60,11,0.2,4.91,1,0,55
53310825,"2 King 1 Queen, 10 min to downtown",28803,Entire home/apt,6,3.0,3.0,374.5,2,211,3.84,5.0,1,0,65
53311173,"Five Star Suite, Prime Location",28804,Entire home/apt,2,1.0,1.0,205.5,2,37,0.7,4.97,0,0,41
53362876,"The Blue Door, cozy apartment with boho vibe.",28804,Entire home/apt,2,1.0,1.0,167.5,2,16,0.48,5.0,0,0,53
53395590,Penthouse Style Condo Atop Hotel Indigo,28801,Entire home/apt,4,2.0,2.0,542.5,1,60,1.08,4.7,1,0,43
53395592,Unbelievable Downtown Condo,28801,Entire home/apt,4,2.0,2.0,598.47,30,38,0.68,4.68,1,0,34
53417031,Cozy Kenilworth Retreat,28803,Private room,2,1.0,1.0,182.0,1,41,0.77,4.85,0,0,37
53457824,Asheville Downtown 2 BR 2BA Condo overlooking city,28801,Entire home/apt,6,2.0,3.0,187.57,30,8,0.15,4.88,1,0,52
53495721,The Cottage at Bent Creek,28806,Entire home/apt,4,2.0,2.0,169.5,2,259,4.67,4.94,1,0,62
53506726,Mountain home by river,28704,Entire home/apt,6,2.0,1.0,274.0,2,43,0.89,4.74,0,0,61
53508986,Lovely second floor 1 bedroom downtown,28801,Entire home/apt,2,1.0,1.0,143.0,1,188,3.38,4.51,0,0,34
53558640,"Walk to Breweries, Coffee, Restaurants, Bakeries",28806,Entire home/apt,2,1.0,1.0,153.49,2,127,2.51,4.98,1,0,41
53561074,5 mile DT. Lux. Hot Tub. FirePit. Games. Sleeps 8.,28803,Entire home/apt,8,3.0,5.0,293.0,1,262,4.75,4.96,1,0,68
53570070,"Comfy, beautiful Asheville Studio with Mnt Views!",28804,Entire home/apt,2,1.0,2.0,300.0,2,33,0.61,4.97,0,0,49
53606793,Stylish Retro Studio - Walk to New Belgium & RAD,28806,Entire home/apt,3,1.0,2.0,133.0,2,164,3.29,4.97,1,0,44
53630595,Dogs Welcome! 12 Minutes to Asheville!,28804,Entire home/apt,2,2.0,1.0,252.0,1,34,0.69,4.97,0,0,59
53643185,5 mins to Downtown! 3 bed/2 bath with office.,28805,Entire home/apt,6,3.0,3.0,195.57,1,53,0.96,4.89,1,0,53
53671909,Charming 3/2 Dog friendly home near Asheville,28732,Entire home/apt,6,3.0,4.0,250.0,3,55,1.0,4.87,0,0,54
53725477,Beautiful Asheville House in the Trees,28704,Entire home/apt,10,4.0,7.0,380.33,3,105,1.91,4.93,1,0,65
53742409,"Hot tub, fire pit, King bed, 4 mi to downtown AVL",28806,Entire home/apt,10,3.0,6.0,574.0,1,187,3.46,4.87,1,0,58
53753481,Near Asheville!  1 bedroom apartment w/ lake view,28715,Entire home/apt,4,1.0,2.0,232.33,3,61,1.17,4.95,0,0,42
53784992,West Asheville Blue Mountains Bedroom!,28806,Private room,1,2.0,1.0,50.81,7,94,1.72,4.93,1,0,35
53785541,"West Asheville Homestead Bedroom, with Queen Bed!",28806,Private room,1,1.0,2.0,68.5,2,82,1.5,4.89,1,0,30
53793198,Chic Modern Duplex by Biltmore/Mission sunset view,28803,Entire home/apt,2,1.0,1.0,68.97,30,18,0.35,4.78,1,0,50
53810860,5 Min to Biltmore | 10 Min to Downtown | Pet-Frdly,28803,Entire home/apt,6,3.0,3.0,235.0,2,175,3.21,4.84,1,0,52
53816978,Funky Garden Oasis in the heart of Asheville,28801,Entire home/apt,2,1.0,1.0,228.5,2,121,2.22,4.96,1,0,37
53832330,Modern Luxury in Downtown AVL - Free Parking - Condo 205,28801,Entire home/apt,4,1.0,2.0,240.0,1,293,5.47,4.94,1,0,51
53926572,"Asheville: Secluded with Pool, HotTub, & MovieRoom",28803,Entire home/apt,16,8.0,11.0,846.0,1,94,1.74,4.91,1,0,88
53951725,7000 SF • 10 min to Downtown • Hot Tub•Sauna•Bocce,28806,Entire home/apt,16,8.0,11.0,649.9,2,97,1.78,4.84,1,0,74
53982703,Bright & Tranquil Guest House!,28804,Entire home/apt,2,1.0,1.0,196.0,2,204,3.96,4.99,1,0,40
54011977,Comfortable Home Walkable to West AVL & River Arts,28806,Entire home/apt,4,3.0,3.0,126.17,29,23,0.44,5.0,1,0,62
54021424,Great Deal! Walkable Condo Near Greenway + Mission,28803,Entire home/apt,4,2.0,2.0,96.11,30,10,0.19,4.7,1,0,45
54044781,5 minutes to Biltmore and 10 to all of Asheville,28803,Entire home/apt,6,3.0,3.0,108.8,30,4,0.09,5.0,0,0,34
54050039,Fun & Sunny Getaway Close to Everything Asheville,28806,Entire home/apt,4,2.0,2.0,112.49,28,16,0.3,5.0,1,0,53
54119932,The Madera Madre - Made for Asheville Living,28804,Entire home/apt,3,1.0,2.0,171.0,1,186,3.59,4.94,1,0,61
54128805,"Cozy, peaceful suite in walkable West Asheville",28806,Entire home/apt,2,1.0,1.0,103.0,2,123,2.75,4.98,1,0,34
54213514,West Asheville private Escape.,28806,Entire home/apt,2,1.0,4.0,145.0,1,60,1.13,4.75,1,0,50
54232479,New King Bdrm Condo in River Arts District,28806,Entire home/apt,2,1.0,2.0,107.85,1,18,0.43,5.0,1,0,58
54260374,"Modern, Trendy, Dog Friendly Home in West AVL",28806,Entire home/apt,6,3.0,4.0,390.97,1,249,4.76,5.0,1,0,66
54276053,"Asheville Retreat, fire pit, fenced yard 4 dogs",28804,Entire home/apt,6,3.0,3.0,264.0,2,60,1.62,4.83,1,0,65
54279055,Cozy Home Near Asheville • Fire Pit • Dog Friendly,28704,Entire home/apt,6,3.0,4.0,245.5,2,59,1.15,4.95,0,0,47
54326499,cozy home 15 mnts to Downtown Asheville,28806,Entire home/apt,6,3.0,3.0,272.0,2,130,2.54,4.95,1,0,60
54385417,Sunny West Asheville Abode,28806,Entire home/apt,1,1.0,2.0,13.31,150,4,0.07,5.0,0,0,49
54406242,Sauna & long term bedroom with adjustable bed,28806,Private room,1,2.0,1.0,53.59,30,3,0.11,5.0,0,0,48
498553730281519631,There’s no place like home away from home!,28704,Entire home/apt,2,1.0,1.0,119.82,1,172,3.1,4.99,1,0,48
534015342005836604,Luxury Private Suite: Bedroom/Bath near Asheville!,28704,Private room,2,2.0,1.0,132.5,2,44,0.82,5.0,1,0,59
539829499436272502,Large 3 bedroom 3.5 Bath Downtown Condo,28801,Entire home/apt,6,3.0,3.0,482.5,1,68,1.3,4.85,1,0,42
545641753612291342,Modern Mountain Suite · Mins to Downtown AVL,28804,Entire home/apt,2,1.0,2.0,223.0,2,52,0.98,4.92,1,0,46
547272314069872257,Secluded 2BR Cabin | Hot Tub | 10 min to Asheville,28805,Entire home/apt,4,2.0,3.0,275.0,2,146,2.75,4.81,1,0,43
548708984302517493,Lovely Suite with Private Entrance in WAVL!,28806,Entire home/apt,3,1.0,1.0,149.5,2,38,0.81,4.97,1,0,47
549171551202496840,Cozy Home Away From Home,28704,Entire home/apt,4,2.0,2.0,228.81,2,120,2.25,4.91,1,0,49
549978484678641211,Bay Window Beauty Close to Everything,28801,Entire home/apt,2,1.0,1.0,210.5,1,99,1.86,4.66,1,0,39
551264073523811543,1980’s themed  arcade close to Biltmore & downtown,28803,Entire home/apt,4,1.0,3.0,383.0,1,75,1.48,5.0,1,0,44
552154644562670350,Luxurious 2BR Loft in Downtown Asheville,28801,Entire home/apt,4,2.0,2.0,199.13,7,5,0.11,5.0,1,0,33
556303216712717862,Beautiful Historic Home in Montford by Downtown,28801,Entire home/apt,6,2.0,3.0,190.01,1,67,1.26,4.97,1,0,54
556453561587092335,Private West AVL Studio,28806,Entire home/apt,2,2.0,1.0,183.0,1,58,1.09,4.97,0,0,43
558597394709287405,Craftman Home in Historic West Asheville,28806,Entire home/apt,4,2.0,2.0,234.0,5,24,0.52,4.88,1,0,60
560708497575441639,Bedroom with private bathroom. 15 min to Asheville,28704,Private room,2,2.0,1.0,80.0,1,184,3.55,4.98,1,0,34
561483905539593879,"A lovely one bedroom, quiet area, near downtown!",28704,Entire home/apt,4,1.0,2.0,217.0,3,3,0.06,4.33,0,0,42
561696274751615668,Five Bedroom Home Close to Downtown,28804,Entire home/apt,10,5.0,5.0,405.5,1,81,1.55,4.8,1,0,34
562151087989468295,Claude Jean Damme Van @Baying Hound Campground,28806,Entire home/apt,2,1.0,1.0,46.0,1,15,0.31,4.93,1,0,19
562346651544631806,Casa Negra Studio - Monthly rental,28806,Entire home/apt,2,1.0,1.0,58.52,30,23,0.44,4.78,1,0,50
563790988137644641,The Yellow Door,28805,Entire home/apt,2,1.0,1.0,153.0,1,49,1.86,5.0,0,0,27
565084527936137389,"Pet-friendly, downtown condo, secure parking",28801,Entire home/apt,6,2.0,3.0,337.0,1,131,2.63,4.92,1,0,60
565221046093678426,"Hot Tub + Biltmore Pass, 12min to Asheville",28806,Entire home/apt,8,4.0,5.0,409.5,2,53,1.04,4.79,1,0,57
566127397996398378,"King beds, hot tub, fireplaces, 7 mi to downtown",28805,Entire home/apt,14,6.0,8.0,740.0,1,120,2.3,4.93,1,0,55
567235228834537605,Private mountain retreat near downtown AVL.,28804,Entire home/apt,4,1.0,2.0,210.0,1,116,2.24,4.98,1,0,40
567374138287309304,"*New*Bright&Trendy 3bed Pad|10minDT,Biltmore,WAVL",28715,Entire home/apt,6,3.0,3.0,190.5,2,150,2.86,4.93,1,0,49
567444958220784708,Creekside in W AVL in fantastic walkable area!,28806,Entire home/apt,4,1.0,2.0,168.5,2,47,0.89,4.96,0,0,26
567933019816419619,Huge Asheville house Views Hot Tub & Sauna,28806,Entire home/apt,16,7.0,8.0,1197.0,1,86,1.64,4.95,1,0,76
568954337248450674,2 bed/2 bath Apt Mtn Views,28804,Entire home/apt,4,2.0,2.0,248.5,2,9,0.18,4.56,0,0,52
571027554473176486,Adventure and relaxation 5 miles from downtown AVL,28805,Entire home/apt,6,2.0,5.0,257.0,2,5,0.1,5.0,0,0,21
571846084759795576,3 to Biltmore | 4 to DT | 3 to Parkway,28803,Entire home/apt,6,3.0,5.0,267.0,1,146,2.78,4.94,1,0,57
572435736445977863,Pet Friendly Asheville Villa with Hot Tub,28804,Entire home/apt,8,4.0,4.0,467.0,2,26,0.56,4.92,1,0,42
572435754874186880,Little Sadie | Pet Friendly 4-Bedroom Villa,28804,Entire home/apt,8,4.0,5.0,384.5,2,33,0.68,5.0,1,0,46
572435769734677753,4BR Pet-Friendly Villa in Asheville with Hot Tub,28804,Entire home/apt,10,4.0,6.0,368.0,2,41,0.85,4.95,1,0,44
572435801484512661,Orange Blossom | Pet Friendly Asheville Villa,28804,Entire home/apt,8,4.0,4.0,422.5,2,35,0.73,4.89,1,0,43
572435816142415498,Shady Grove | Asheville Villa with Hot Tub,28804,Entire home/apt,8,4.0,4.0,353.5,2,34,0.71,4.94,1,0,44
572435835067697316,Southbound | Asheville Villa with Hot Tub,28804,Entire home/apt,8,4.0,5.0,365.0,2,24,0.51,4.92,1,0,45
572435867063700994,Pet Friendly Asheville Villa with Hot Tub,28804,Entire home/apt,10,4.0,5.0,439.5,2,34,0.74,5.0,1,0,45
572435879484786314,Weeping Willow | Near Downtown Asheville | Hot Tub,28804,Entire home/apt,8,4.0,6.0,389.5,2,33,0.71,4.91,1,0,43
572435903541837350,Pet-friendly 4BR Home | Asheville | Hot Tub,28804,Entire home/apt,8,4.0,5.0,378.0,2,57,1.23,4.98,1,0,43
573392220758899521,DT Asheville - Zurich MNT Chalet #9A/Low Cost Uber,28805,Entire home/apt,5,2.0,3.0,255.0,1,72,1.41,4.96,1,0,67
573788729255175815,"Asheville Mountain Home 5 BDRM Dog Frndly, Hot Tub",28803,Entire home/apt,10,5.0,5.0,713.5,2,47,0.91,4.94,1,0,52
574570250363828575,Big Oaks Cozy 2-bedroom home in West Asheville,28806,Entire home/apt,4,2.0,2.0,118.0,30,8,0.16,5.0,1,0,55
575371354475994344,"Cozy Studio, walking distance to downtown",28801,Entire home/apt,2,1.0,2.0,112.98,1,664,12.79,4.97,1,0,34
575374602222225785,"Quaint, Pet Friendly & 10Min to Downtown Asheville",28806,Entire home/apt,6,3.0,3.0,156.91,1,287,5.55,4.9,1,0,58
577481538891576408,"“Lady's House"" - cheerful 3 bedroom home",28704,Entire home/apt,6,3.0,4.0,295.67,3,69,1.34,4.97,1,0,40
577571570724983360,Quiet West AVL suite with city & mountain views,28806,Entire home/apt,2,1.0,1.0,137.0,1,210,4.67,4.98,1,0,44
578485700530755756,Walking Distance To Charming Downtown Asheville,28801,Entire home/apt,5,3.0,3.0,494.67,3,45,0.9,4.98,1,0,37
578762733048842826,DT Asheville - Zurich MNT Chalet #9B/Low Cost Uber,28805,Entire home/apt,4,1.0,1.0,243.0,1,35,0.7,4.94,1,0,66
578957859472340566,"West AVL Gem: Dining, Breweries & Outdoors",28806,Entire home/apt,2,1.0,1.0,150.67,2,69,1.41,5.0,0,0,40
579654615388569004,Cozy 3 bedroom home near Downtown Asheville,28805,Entire home/apt,8,3.0,6.0,314.67,3,41,0.81,5.0,0,0,59
580441849807734395,Bluebird Bungalow,28806,Entire home/apt,8,2.0,2.0,284.33,3,11,0.24,4.91,0,0,47
583243401554856728,Cozy suite with private entrance,28806,Private room,2,1.0,1.0,124.0,1,92,2.76,4.92,1,0,34
583496461835542412,Serene Getaway in S. Asheville Near Everything!,28803,Entire home/apt,6,2.0,2.0,316.0,2,164,3.26,4.98,1,0,63
583867686874028344,The Look Out Trail at River Row Suites,28806,Entire home/apt,4,2.0,2.0,212.0,1,27,0.52,4.67,1,0,31
584595916036589563,Grand Victorian home --walk to downtown,28801,Entire home/apt,8,3.0,4.0,1084.33,3,4,0.08,4.5,0,0,52
586139757720604161,Newly Renovated- 5min- Downt. /Biltmore Estate,28805,Entire home/apt,4,2.0,3.0,331.0,2,9,0.18,5.0,0,0,36
587875188664208473,Cozy 1 bedroom home in a great area,28704,Private room,1,2.0,1.0,109.0,1,8,0.16,4.75,0,0,37
588388462295176869,"Three King Bedrooms, Terrace, and Private Elevator",28801,Entire home/apt,6,3.0,3.0,806.5,1,70,1.36,4.97,1,0,43
588559050060230555,🔥 Tranquil Mountain Cottage in East Asheville ⛰,28803,Entire home/apt,4,2.0,2.0,252.5,2,40,0.78,4.78,0,0,43
590004989672538403,Hickory Hilltop Hideaway • Sauna • 15 to AVL,28806,Entire home/apt,2,1.0,1.0,155.0,1,256,5.18,4.96,1,0,47
591230873312834346,"4BR Home Minutes to Downtown, RAD & Biltmore",28704,Entire home/apt,8,4.0,5.0,296.0,1,108,2.35,4.77,1,0,36
591347919902153728,Kenilworth Tudor w/full kitchen near Biltmore,28803,Entire home/apt,3,1.0,2.0,132.0,2,212,4.29,4.99,0,0,57
591960600601075742,Modern Cottage mins to Biltmore House & Downtown,28803,Entire home/apt,4,2.0,3.0,257.0,1,281,5.58,4.98,1,0,62
591991014797767486,Historic Montford Home,28801,Entire home/apt,4,3.0,3.0,234.17,30,0,1.66,4.94,0,0,15
593332128562974077,Relax & Gather • 3 miles to Pkwy & Biltmore,28803,Entire home/apt,7,3.0,3.0,300.6,2,166,3.24,4.89,1,0,62
593399979902305782,Asheville Airstream & Hot Tub,28806,Entire home/apt,2,1.0,2.0,175.0,1,107,3.08,4.89,1,0,35
594880254323625379,Cozy Mountain Home in the Blue Ridge Near Biltmore,28704,Entire home/apt,6,3.0,3.0,296.5,2,42,0.83,4.83,0,0,57
596178008430855191,Adorable Detached Studio Minutes from Downtown,28804,Entire home/apt,2,1.0,1.0,157.0,2,107,2.09,5.0,0,0,30
598443680410978412,"Stunning, Light filled, 3-4 BR 3 Bath Luxury Home",28801,Entire home/apt,8,3.0,2.0,249.81,30,0,1.66,4.94,0,0,63
598540165238320862,"White Oak|3 Bed Pad|10min DT,Biltmore,WAVL",28715,Entire home/apt,6,3.0,3.0,181.5,2,193,3.76,4.96,1,0,51
598647640177093159,"Stylish, secluded cabin—5mi to Biltmore, downtown",28805,Entire home/apt,6,3.0,4.0,580.0,2,115,2.7,4.92,1,0,62
600576477040168354,The SWEET SPOT! Chill Near Downtown w/ Huge Porch!,28804,Entire home/apt,6,2.0,4.0,217.0,1,265,5.31,4.87,0,0,48
600689703786112609,Secluded Spacious Cottage w mtn views 1 mile to DT,28801,Entire home/apt,6,3.0,3.0,185.45,30,5,0.1,5.0,0,0,71
600860594490287044,"Beautiful, Family Friendly home! Walk to W AVL!",28806,Entire home/apt,8,3.0,4.0,137.17,30,20,0.4,4.95,0,0,77
602906967916854218,Hilltop Cottage- New! - Kitchen-Near Tesla Chg.,28806,Entire home/apt,4,2.0,2.0,216.0,2,104,2.06,4.93,1,0,51
604938226380337686,Hunnicutt Cabin,28805,Entire home/apt,4,2.0,2.0,228.24,1,146,2.93,5.0,1,0,54
607489019200529048,Bungalow #3 - Bright & Peaceful Retreat,28704,Entire home/apt,2,1.0,1.0,181.45,1,61,1.22,5.0,1,0,51
609923958765092547,5 Miles To Downtown Asheville W/Hot Tub,28803,Entire home/apt,6,3.0,3.0,372.0,1,216,5.42,4.9,1,0,66
610265461685785634,The Tremont House,28806,Entire home/apt,2,1.0,1.0,212.67,3,36,0.73,4.83,1,0,45
612905174746830489,Stylish Woodfin Home w/ Backyard & Fire Pit,28804,Entire home/apt,4,2.0,2.0,181.5,2,48,0.96,4.96,0,0,38
613153352121668654,Convenient Modern 4/2 w/ King Bed + Pet Paradise,28803,Entire home/apt,8,4.0,4.0,195.5,2,62,1.24,4.71,1,0,48
613700249253498876,"Beautiful farm-hiking kayaking, eats all close by",28704,Entire home/apt,8,3.0,4.0,425.5,2,13,0.27,5.0,0,0,42
616888515375292290,The Convenient Cottage/Asheville Abode,28806,Entire home/apt,4,2.0,2.0,134.66,2,219,4.35,4.95,1,0,53
617493282921278807,Blue Ridge Escape: Private Suite Near Downtown,28805,Entire home/apt,2,1.0,1.0,201.0,1,66,1.33,4.86,0,0,49
617915321080119810,Mountain Abode~10 Mins to Downtown AVL~Sleeps 6,28805,Entire home/apt,6,3.0,3.0,254.0,1,74,1.5,4.95,1,0,59
618110235047093838,"2 bdrm near Christ School, Sierra Nevada, Airport",28732,Entire home/apt,3,2.0,2.0,131.4,5,7,0.15,4.57,0,0,36
618615434156747025,"Private 1-BD Suite w/Patio, Center of Asheville!",28806,Entire home/apt,2,1.0,2.0,182.0,1,127,2.52,4.96,0,0,40
618713104861373049,Fantastic 2 bed 2 bath downtown condo,28801,Entire home/apt,4,2.0,2.0,598.47,30,63,1.26,4.97,1,0,32
618717801158457582,Cheerful 1-bedroom Tiny Home in South Asheville!,28704,Entire home/apt,2,1.0,1.0,165.5,2,58,1.17,4.97,0,0,54
619419707858005894,Explore Asheville! Secluded Couple’s Home w/ Deck,28804,Entire home/apt,2,1.0,1.0,196.0,2,28,0.56,4.93,0,0,31
619483022361673632,Beautifully Renovated Historic Bridle Path Inn,28804,Entire home/apt,14,4.0,4.0,564.0,2,59,1.22,4.9,1,0,54
620074697630345326,*NEW*The Rose Cottage|10 mins to DT and Biltmore,28803,Entire home/apt,6,3.0,3.0,221.0,2,185,3.68,4.93,1,0,54
623020462208497897,Asheville 8BR Lakefront w/ Hot Tub • Sleeps 24,28715,Entire home/apt,16,8.0,11.0,745.0,2,109,2.17,4.92,1,0,94
623153656813826582,Asheville Mountaintop Home with Unparalleled Views,28804,Entire home/apt,10,5.0,8.0,966.33,2,35,0.76,4.91,1,0,48
623181407416441491,Adorable guest suite with hot tub! Walk to DT!,28801,Entire home/apt,2,1.0,1.0,238.0,1,124,2.48,4.93,0,0,17
624853195725555494,West Asheville Bungalow - Close to Biltmore/LexAve,28806,Entire home/apt,8,3.0,4.0,313.0,2,72,1.47,4.74,0,0,68
625358586777386062,Downtown Condo with Two Ensuite King Bedrooms,28801,Entire home/apt,4,2.0,2.0,307.5,1,49,0.98,4.94,1,0,41
626335247692205325,Bungalow #1 - Bold & Cozy Retreat,28704,Entire home/apt,2,1.0,1.0,181.45,1,74,1.54,4.97,1,0,51
626718578774555759,"Clean, Modern Studio Apartment with Sauna!",28806,Entire home/apt,2,1.0,1.0,155.0,1,18,0.36,4.89,0,0,45
628105532636221295,Private Views with Hot Tub and Fire Pit,28806,Entire home/apt,6,3.0,3.0,357.5,2,94,1.92,5.0,1,0,63
628106526015180657,Cheery W.Asheville-Hot Tub-Porch-Fenced Yard-Pets,28806,Entire home/apt,6,2.0,2.0,193.6,1,278,5.62,4.92,1,0,66
628325548200165472,♦Country Feel ♦City Appeal 5 miles to Downtown,28804,Entire home/apt,6,3.0,4.0,328.5,2,93,1.88,5.0,1,0,54
628461064690284940,Entertainment & Hosting Dream: Amenities 6k+ sq ft,28806,Entire home/apt,16,6.0,11.0,1060.0,1,132,2.66,4.98,1,0,73
628846920167906161,3 BR/ 2 BA Wooded Bliss - 10 min to Asheville,28715,Entire home/apt,6,3.0,4.0,129.23,1,0,1.66,4.94,0,0,70
629657604334214852,River Arts District Hidden Gem II,28806,Entire home/apt,4,2.0,2.0,91.83,30,17,0.35,4.82,1,0,57
630472961938618312,Private Guest Suite in the Blue Ridge Mountains,28704,Private room,2,2.0,1.0,118.0,1,165,3.39,4.99,1,0,51
630897587250262308,West Asheville Cozy loft with fireplace,28715,Entire home/apt,3,1.0,2.0,104.61,3,44,0.9,4.95,1,0,55
631066632238704724,Relaxing Getaway,28804,Entire home/apt,2,1.0,1.0,171.5,2,84,1.68,4.99,1,0,42
631761067050806095,Impressive City Center Condo with EV Outlet,28801,Entire home/apt,4,2.0,2.0,341.5,1,49,0.99,4.86,1,0,41
633160111807551765,Luxury Log Cabin | Hot Tub*Kids*Pets*Hiking*Toys,28805,Entire home/apt,8,3.0,5.0,609.1,2,193,3.91,4.96,1,0,62
633454855694759366,Asheville Cabin Epic Fireplace One Acre Mid Mod,28704,Entire home/apt,4,2.0,2.0,228.24,2,222,4.48,4.97,1,0,58
633473670831270678,"Cozy Cottage for Couples, One Acre Forest",28704,Entire home/apt,2,1.0,2.0,214.0,2,187,3.77,4.95,1,0,50
633772538334050339,Walkable Home In Heart of W.Asheville Near Dwntown,28806,Entire home/apt,6,3.0,3.0,116.1,30,78,1.64,5.0,1,0,35
635453479167942216,The Haven -,28715,Entire home/apt,5,2.0,2.0,37.02,90,0,1.66,4.94,0,0,16
635479299986877171,Mountain and Lake Views in Asheville,28803,Entire home/apt,16,6.0,11.0,705.0,2,41,0.85,4.83,1,0,61
636940096232169939,"Designer Home near Biltmore Village, 10 to AVL",28803,Entire home/apt,8,3.0,4.0,367.5,2,259,5.23,4.94,1,0,64
637143277389380178,"Foster Burton Mountain , near river and downtown!",28804,Entire home/apt,6,3.0,3.0,286.0,1,87,1.76,4.93,0,0,54
637672772568626171,Cozy Love Nest 1BR - minutes to Downtown Asheville,28804,Entire home/apt,3,1.0,3.0,113.0,1,85,1.72,4.88,1,0,35
637846714210146834,"Peaceful Creekside Cottage, Dog friendly",28732,Entire home/apt,2,1.0,1.0,288.0,1,129,2.62,4.99,1,0,55
638599565124490140,Asheville Mod Cabin Mountains - 10 min to Downtown,28805,Entire home/apt,6,2.0,3.0,358.5,2,70,1.99,5.0,1,0,55
640420687296388472,New Eco Scandinavian Farmhouse in the Trees,28806,Entire home/apt,2,1.0,1.0,223.0,1,125,2.63,4.96,1,0,52
640473347103600209,Spacious Mt. Retreat + Fire Pit + Biltmore Pass,28805,Entire home/apt,8,4.0,5.0,393.0,2,28,0.6,4.96,1,0,53
641186582779309765,Contemporary Meets Turn of the Century Design,28801,Entire home/apt,4,2.0,2.0,598.47,30,67,1.37,4.91,1,0,36
641187095838712026,New! Relax at Blue Ridge Dream in Asheville,28803,Entire home/apt,10,5.0,5.0,449.0,1,16,0.33,4.88,1,0,68
641225233588116677,Contemporary Asheville home,28806,Entire home/apt,2,1.0,1.0,231.5,2,36,0.9,4.92,0,0,49
641408235896240100,Asheville loft escape w/ covered porch & BBQ,28803,Entire home/apt,5,2.0,3.0,186.58,2,80,1.67,4.81,1,0,52
642220518382224454,"Nearby Hiking Trails, Indoor Hot Tub & Fire Pit",28803,Entire home/apt,5,2.0,3.0,354.0,1,155,3.23,4.8,1,0,54
642676199912839483,"Walk to Breweries | King | Hot Tub | Firepit | 65""",28803,Entire home/apt,2,1.0,1.0,192.0,1,417,8.64,4.93,1,0,38
643552941190255158,Perfect | Hot Tub | Arcade l Fireplace | Grilling,28806,Entire home/apt,8,3.0,3.0,467.0,1,99,2.02,4.89,0,0,73
644989202418449713,"""BABY BLUE""  Our bright and sunny little cottage.",28804,Entire home/apt,3,1.0,1.0,245.35,1,150,3.07,4.87,1,0,51
645082046833169782,Spacious Two-Bedroom with a View on the East Side,28805,Entire home/apt,5,2.0,3.0,138.0,2,78,1.91,4.97,1,0,54
646209186010299913,Hip basement apartment less than 1 mi to downtown!,28801,Entire home/apt,2,1.0,1.0,184.67,1,75,1.53,5.0,1,0,35
647499312875397788,7 Mi to Dtwn Asheville: Apartment w/ Patio,28803,Entire home/apt,2,2.0,1.0,171.5,2,42,0.87,4.81,0,0,31
648391789873513026,Brookstone Lodge an Choice Ascend Collection Hotel,28803,Private room,4,1.0,2.0,165.0,1,90,1.84,4.64,0,0,30
648430620786268461,Brookstone Lodge Boutique Hotel Near City Center,28803,Private room,4,1.0,2.0,165.0,1,95,1.96,4.64,0,0,30
649159981874701169,Wellington Cottage | 2BR | Modern Boho,28804,Entire home/apt,4,2.0,2.0,225.0,2,29,0.59,4.79,1,0,39
649271498593305635,"Adorable ""little red"" house with kitchenette",28803,Entire home/apt,2,1.0,1.0,114.5,2,56,1.15,4.88,1,0,31
649917979938769946,Cozy House 2 Bedroom with Hot tub,28806,Entire home/apt,4,2.0,1.0,239.0,1,226,4.62,4.83,1,0,38
650894722794239718,Charming bungalow with barn and hot tub,28803,Entire home/apt,4,2.0,5.0,284.25,4,13,0.29,4.77,0,0,61
651471825772202562,❤️Couples Suite❤️-in the middle of it all!,28804,Entire home/apt,2,1.0,1.0,189.0,1,153,3.14,4.95,1,0,44
652311757396485871,"Flat, fenced backyard minutes to DT & the Outdoors",28704,Entire home/apt,6,3.0,3.0,314.0,2,31,0.65,4.9,0,0,56
654194009538201852,Fantastic Historic Montford near Downtown!,28801,Entire home/apt,1,1.0,1.0,79.8,30,0,1.66,4.94,0,0,34
656541516341155950,4-8 Guests. DOWNTOWN Asheville Eco Retreat House,28801,Entire home/apt,8,4.0,2.0,229.86,30,0,1.66,4.94,0,0,44
657798166209952221,"Adorable 1 bedroom suite, close to downtown, UNCA",28801,Entire home/apt,2,1.0,1.0,206.0,1,122,2.53,4.96,1,0,47
658017930165418486,Cheerful Arden home in Royal Pines with a Hot tub,28704,Entire home/apt,2,1.0,1.0,257.0,2,16,0.35,4.56,0,0,36
658106043154012154,May Acres Coop - adorable cottage amidst 15 acres,28732,Entire home/apt,2,1.0,1.0,166.0,1,140,2.89,4.99,0,0,45
658517258882985610,Panoramic Pack Square | Arras Vacation Rentals,28801,Entire home/apt,4,1.0,2.0,556.0,1,28,0.59,5.0,1,0,57
659312654584073121,A-frame Cabin Hotel with communal River Lodge,28806,Entire home/apt,4,1.0,2.0,219.0,1,28,0.61,5.0,1,0,46
660310339680082178,Charming Emma Bungalow,28806,Entire home/apt,4,2.0,2.0,286.0,1,66,1.38,4.89,0,0,35
660829391095210143,Cute Little Downtown Studio,28801,Entire home/apt,2,2.0,1.0,132.0,1,189,3.9,4.6,0,0,26
661017790664427303,Mill House - Quiet Neighborhood,28715,Entire home/apt,4,2.0,2.0,98.37,28,6,0.13,5.0,1,0,48
667240876916183414,Brookstone Lodge Hotel Easy Access I-40 Downtown,28803,Private room,4,1.0,2.0,165.0,1,34,0.71,4.5,0,0,30
667421156770491567,"Bright, open studio in East Asheville",28805,Entire home/apt,2,1.0,1.0,120.0,2,60,1.39,5.0,0,0,46
668081997613842660,Trout Lily Cottage-steps from downtown Asheville,28801,Entire home/apt,4,2.0,2.0,415.5,1,171,3.81,4.95,0,0,55
668106311195140820,10 Min to Downtown. Luxe finishes. Private HotTub!,28806,Entire home/apt,12,4.0,7.0,350.0,1,111,2.36,4.96,1,0,84
668880210547439250,Old World Elegance: Renovated Historic Landmark,28801,Entire home/apt,8,4.0,10.0,945.57,14,0,1.66,4.94,0,0,67
668951877642918112,"Serenity Sojourn:  Hot Tub, Fire Pit, & Views",28806,Entire home/apt,8,3.0,4.0,381.5,2,106,2.22,4.98,1,0,62
670215850701672135,Downtown Asheville Views + Restaurant. Bar. Gym.,28801,Private room,4,1.0,2.0,257.86,1,67,1.56,4.79,1,0,22
670243348550349110,"Fenced Yard, Home Office, & Covered Deck (Monthly)",28806,Entire home/apt,5,3.0,3.0,124.47,30,7,0.15,5.0,1,0,56
670778011104116657,House of Art 2 bed 2 bath with Sunroom,28704,Entire home/apt,6,2.0,4.0,237.0,2,1,0.12,1.0,0,0,22
671235890019920484,Eclectic 2 Bedroom West Asheville home.,28806,Entire home/apt,4,2.0,2.0,264.0,2,10,0.22,4.8,0,0,57
671623902125220796,Peaceful Getaway 10 Min to Downtown & 4 to Parkway,28803,Entire home/apt,2,1.0,1.0,199.0,1,250,5.32,4.99,1,0,52
674052062759182602,Oak and Ivey Cottage,28805,Entire home/apt,8,3.0,3.0,301.5,2,111,4.68,4.99,1,0,41
676759193993863114,Clean and Convenient West Asheville Homestay,28806,Private room,2,1.0,2.0,150.0,1,116,2.44,4.84,0,0,57
677353796235788057,Asheville Studio Oasis,28805,Entire home/apt,2,1.0,1.0,124.0,1,101,2.17,4.89,1,0,39
679809782098650720,Hot Tub • Fenced Yard • Near Downtown•EV•Game room,28805,Entire home/apt,14,5.0,11.0,635.5,1,75,1.68,4.99,1,0,65
683419374652644627,Woodland suite minutes to Biltmore House and Mtns,28803,Private room,2,2.0,1.0,120.0,2,85,1.85,5.0,1,0,40
685522508132856082,Screened Porch | Quiet Neighborhood near Biltmore,28803,Entire home/apt,6,3.0,3.0,345.78,2,121,2.58,4.92,1,0,36
686055814693911306,Garden getaway in downtown Asheville,28804,Entire home/apt,2,1.0,1.0,119.83,2,154,3.32,4.9,1,0,54
686088974677118082,High Above Asheville! Beautiful Long Range Views!,28803,Entire home/apt,4,1.0,3.0,142.0,2,93,1.97,4.97,1,0,37
688440633801136672,River Arts District Hidden Gem I,28806,Entire home/apt,4,2.0,2.0,88.5,30,0,1.66,4.94,1,0,57
688527920286591172,Downtown Chic Luxury Condo with Views,28801,Entire home/apt,6,2.0,3.0,351.0,2,93,2.03,4.96,1,0,48
688989188143447014,Diego's Cozy & Warm Bungalow,28806,Entire home/apt,6,3.0,3.0,147.5,30,3,0.07,5.0,1,0,65
689988576141953763,Be Our Guest! Comfortable 3 bedroom home!,28732,Entire home/apt,6,3.0,3.0,225.5,1,120,2.6,4.98,1,0,53
690077496342128940,West Asheville Backyard Oasis - private entrance,28806,Entire home/apt,2,1.0,2.0,164.0,1,195,4.18,4.91,1,0,43
690726025566206999,3 BR Charming W AVL Getaway,28806,Entire home/apt,6,3.0,4.0,210.0,2,152,3.28,4.88,1,0,44
692747310050859560,"Private, quiet family friendly 3Bd Rm",28805,Entire home/apt,6,3.0,3.0,209.33,3,15,0.55,4.93,1,0,53
693535146849398838,Happy Trails Hideaway - A Mountain Oasis,28806,Entire home/apt,4,1.0,2.0,257.0,1,75,1.62,4.99,1,0,54
694227287219400043,Eco-conscious Luxury Haven,28806,Entire home/apt,2,1.0,1.0,185.5,2,15,0.32,5.0,0,0,38
695008307440529296,"Adorable Suite with fireplace in Fletcher, NC",28732,Entire home/apt,3,1.0,2.0,128.0,2,111,2.38,4.97,1,0,42
696568972343201433,"Chalet with Hot tub, Sauna, & Firepit",28806,Entire home/apt,6,3.0,3.0,679.0,1,175,3.77,4.99,0,0,60
698725929556587296,Cheerful West Asheville home close to everything!,28806,Entire home/apt,4,2.0,3.0,123.53,30,8,0.18,4.75,0,0,49
699184242751473256,55 S Market St #212 - Downtown Asheville!,28801,Entire home/apt,4,1.0,1.0,285.29,1,197,4.29,4.99,1,0,60
699244524348422704,Adorable guest house in Asheville,28801,Entire home/apt,2,1.0,1.0,163.5,2,111,2.38,4.99,1,0,32
700134617928939908,Walk downtown  & stay in an amazing historic home,28801,Entire home/apt,8,4.0,5.0,194.03,29,5,0.12,4.6,0,0,59
700255410096550243,Downtown Asheville Guest Suite,28801,Entire home/apt,2,1.0,1.0,216.47,1,217,5.76,4.94,1,0,44
702056774494336876,"Escape w/ Hot Tub, Mtn Views: 5 Mi to Urban Trail",28804,Entire home/apt,9,4.0,5.0,530.67,3,85,1.85,4.94,0,0,45
702146320732345299,Dog Friendly 5 BR W/ Hot Tub & Fire Pit on 9 Acres,28715,Entire home/apt,10,5.0,6.0,525.0,2,51,1.1,4.98,1,0,61
704201021761597436,"Pet-Friendly Modern Loft,Walk toDowntown Asheville",28801,Entire home/apt,3,1.0,2.0,141.67,2,9,0.21,5.0,1,0,48
705350379570787090,"Bright Cozy Asheville House Near Downtown, Monthly",28801,Entire home/apt,4,2.0,2.0,118.53,30,2,0.08,5.0,1,0,52
705350435400572476,"Cozy New Asheville Guest Suite, Near Downtown",28801,Entire home/apt,3,1.0,2.0,237.0,2,50,1.27,5.0,1,0,47
705668629737875310,Asheville D.T. 2 Mi & 5 to Biltmore,28806,Entire home/apt,13,4.0,7.0,502.0,1,207,4.46,4.97,1,0,87
706494156839410838,Private Home ~West Asheville ~Biltmore ~River Arts,28806,Entire home/apt,6,3.0,3.0,270.0,1,105,2.39,4.99,1,0,64
707033402952057157,West Asheville Walkable Family Friendly Relaxing,28806,Entire home/apt,5,1.0,2.0,183.0,1,294,6.45,4.94,1,0,60
707223031567138922,Asheville Cabin*Blue Ridge*Biltmore*Firepit*Arcade,28803,Entire home/apt,10,4.0,9.0,596.5,1,53,1.16,5.0,1,0,61
707283217949702436,Spectacular Views!  Convenient-Fenced Yard-Hot Tub,28806,Entire home/apt,8,4.0,4.0,456.67,3,28,0.67,5.0,1,0,64
708114013451316676,"Spacious,DECK,Hiking, near DWTN Ashville &Biltmore",28803,Entire home/apt,9,4.0,4.0,409.0,2,44,0.96,5.0,1,0,56
710094782457879072,More Than a Stay: A Journey Into Nature & fun,28805,Entire home/apt,8,4.0,7.0,513.0,2,156,3.42,4.96,1,0,80
711249626704458217,"Historic Cozy Bungalow, 30 Day, Easy Walk to DTWN",28801,Entire home/apt,2,1.0,1.0,137.12,30,9,0.21,5.0,0,0,32
712360798735711174,Asheville River Cabins Garden Cabin w/ Hot Tub,28704,Entire home/apt,4,2.0,3.0,399.0,1,24,0.52,4.75,1,0,54
713624151554100780,Cheerful 1914 bungalow close to Dtwn/RAD/SthSlp,28801,Entire home/apt,4,2.0,2.0,132.07,28,5,0.11,5.0,1,0,57
714523729471504500,Perfect location for rest or recreation!,28806,Private room,2,2.0,1.0,80.5,2,44,0.96,4.98,1,0,48
714670482096384597,Hot Tub | Family Friendly & Yard | Near Biltmore,28803,Entire home/apt,8,3.0,4.0,511.0,1,100,2.22,4.93,1,0,67
715114759668615418,"The Hidden Gem in Asheville, NC.",28806,Entire home/apt,2,1.0,1.0,125.0,2,52,1.13,4.96,1,0,44
715845302265452266,Asheville River Cabins Riverview Cabin w/ Hot Tub,28704,Entire home/apt,4,2.0,3.0,415.0,1,27,0.59,4.85,1,0,57
715852949809222793,Asheville River Cabins Bunk Cabin w/ Hot Tub,28704,Entire home/apt,6,3.0,5.0,450.0,1,55,1.2,4.8,1,0,57
716596573978630523,Historic Hideaway w/ Fire Pit + Biltmore Pass,28806,Entire home/apt,4,2.0,2.0,245.0,2,31,0.68,4.55,1,0,52
717338236140443946,Cozy Cottage,28804,Private room,2,2.0,1.0,148.5,1,3,0.07,4.33,0,0,45
717483947483055729,Adorable newly renovated in-town oasis!,28806,Entire home/apt,2,1.0,1.0,183.0,1,83,1.83,4.82,1,0,38
718051160607923605,Leo's Place in historic Montford,28801,Entire home/apt,2,1.0,1.0,210.0,1,205,5.06,4.98,1,0,53
718069047508654436,Private Bungalow suite.,28803,Private room,2,2.0,1.0,124.0,2,58,1.28,5.0,1,0,36
718311061895949027,Cozy Asheville Cottage Available For Monthly Stays,28804,Entire home/apt,4,3.0,4.0,173.86,28,8,0.21,5.0,0,0,57
718734312042377715,Paris of the South - West AVL Studio,28806,Entire home/apt,2,1.0,1.0,156.0,1,94,4.39,4.99,1,0,40
719605170711816265,Hot Tub- Hillside Hideaway 15 min to DT & Biltmore,28803,Entire home/apt,8,3.0,4.0,321.0,2,109,2.44,4.96,1,0,64
720161564831875605,Way Downtown | Newly-built Asheville Villa!,28804,Entire home/apt,8,4.0,4.0,397.5,2,37,0.83,4.89,1,0,43
720169989167279784,Log Cabin,28805,Entire home/apt,2,1.0,1.0,224.93,30,0,1.66,4.94,0,0,50
720918444382057846,"Private Primary Bedrm + Ensuite Bath, W Asheville",28806,Private room,3,2.0,2.0,110.0,2,61,1.34,4.98,1,0,54
721907880901512266,A/C - Outdoor Shower - Pets - 8m to Dtwn Asheville,28805,Entire home/apt,3,1.0,2.0,110.5,2,156,3.45,4.96,1,0,58
721993461963622015,Sweet and welcoming studio  apartment,28806,Entire home/apt,4,1.0,3.0,120.0,1,451,9.92,4.91,1,0,59
722374129746452740,Ridge Valley by AvantStay | Chic Asheville Escape,28806,Entire home/apt,10,4.0,5.0,498.5,2,36,0.81,4.64,1,0,61
722540985613450332,"Cozy Arden Cottage, 2 Mi to Lake Julian Park!",28704,Entire home/apt,6,2.0,4.0,111.21,30,29,0.64,4.76,0,0,34
724499520908533591,Warm Asheville Home with beautiful outdoor deck,28806,Entire home/apt,4,2.0,2.0,173.07,14,0,1.66,4.94,0,0,19
724812786793812111,Cheerful 2-Bedroom home off the Blue Ridge Parkway,28805,Entire home/apt,4,2.0,2.0,114.5,1,154,3.42,4.81,1,0,36
726320552731902243,Private Cabin-Fenced Yard-Hot Tub-15 min to DT,28803,Entire home/apt,6,2.0,3.0,381.0,1,110,3.38,4.99,1,0,73
727716425054670664,Modern Hilltop Home - 5 minutes from Everywhere!,28803,Entire home/apt,5,2.0,3.0,407.5,2,20,0.44,5.0,0,0,56
728198095057330344,"Asheville Creekside, Hot Tub, Fire Pit, Dog Yard!",28804,Entire home/apt,4,2.0,3.0,281.34,2,133,3.68,4.87,1,0,73
729554998945769967,Sparkling Clean Asheville Live/Work/Play Condo,28806,Entire home/apt,3,1.0,2.0,30.83,90,11,0.25,5.0,1,0,55
729883698713955634,Walk to Cafés + Luxe Hot Tub!,28806,Entire home/apt,6,2.0,4.0,248.5,2,257,5.9,4.99,1,0,71
732034214286221500,"1bd/1ba 2 miles to dwntwn Asheville, hot tub.",28805,Entire home/apt,4,1.0,2.0,217.0,1,177,3.92,4.73,0,0,72
732068531393078498,Blue Ridge Mountain Cottage-Epic Mountain View,28805,Entire home/apt,4,2.0,2.0,228.5,2,138,3.08,4.99,1,0,57
732570591669613613,Lovely Private Apt w/ Hot Tub & King,28806,Entire home/apt,4,1.0,2.0,135.0,1,341,7.54,4.93,1,0,49
735578419438653716,Daisy Cottage in Asheville,28804,Entire home/apt,5,2.0,2.0,167.41,1,184,4.12,4.97,1,0,65
737702146773561596,Lovely studio apartment in amazing West Asheville,28806,Entire home/apt,2,1.0,2.0,61.39,30,74,1.7,4.76,1,0,49
739116609943778306,Elevation Lofts Boutique Hotel - Unit 303,28801,Private room,8,4.0,5.0,944.0,2,39,0.88,5.0,1,0,58
739222634773710782,New Luxury Condo - River Arts District,28806,Entire home/apt,4,2.0,2.0,134.6,30,6,0.14,5.0,1,0,47
739340943221084317,"Modern New Home Close to Biltmore, Downtown, Pkwy",28803,Entire home/apt,6,3.0,4.0,93.09,30,6,0.14,5.0,1,0,69
739833192373082278,Tranquil cabin w/ hot tub,28805,Entire home/apt,4,2.0,2.0,294.0,2,98,2.52,4.97,1,0,58
741832508092679422,"Hot Tub, Downtown 3-bedroom & EV charger",28801,Entire home/apt,6,3.0,5.0,384.86,7,4,0.09,5.0,1,0,37
742643748995522886,Kenilworth’s Best 3-bedroom Long-stay,28805,Entire home/apt,4,3.0,4.0,176.16,30,0,1.66,4.94,1,0,62
745583253920309322,"10 Min. to DTWN, HotTub & Sauna Bunks, 2 Acres",28806,Entire home/apt,16,5.0,8.0,789.69,1,78,1.76,4.95,1,0,67
746959677162494830,"Forest Oasis w Hot tub, outdoor sauna, & Privacy",28805,Entire home/apt,6,3.0,3.0,502.5,2,28,0.64,5.0,1,0,65
750218471903867145,Spacious Cozy Pet-Friendly Home,28803,Entire home/apt,4,2.0,2.0,163.14,30,6,0.15,5.0,0,0,54
750299912863718302,Century home in 5 Points,28801,Entire home/apt,4,2.0,2.0,245.5,2,135,3.22,4.99,1,0,38
750526187830005720,The Artist Haven - 4 Beds- Near French Broad River,28804,Entire home/apt,6,3.0,4.0,204.5,2,163,3.7,4.94,1,0,57
751419245457888371,Downtown Asheville Hideaway,28801,Entire home/apt,4,1.0,1.0,136.0,2,28,0.69,4.96,0,0,44
752121862983190185,Cheerful King Room Asheville,28806,Private room,2,1.0,1.0,125.0,2,14,0.32,4.79,0,0,55
752174290794940635,"The Garden Getaway in Asheville, King Suite",28804,Entire home/apt,6,3.0,4.0,133.66,30,22,0.5,4.82,0,0,54
752756257998723426,Colorful modern suite near Blue Ridge Pkwy,28704,Entire home/apt,2,1.0,1.0,157.5,2,73,1.67,4.96,1,0,51
752962513168096377,Mountain Lodge Living - Just a Quick Jaunt to Town,28804,Entire home/apt,6,3.0,3.0,231.16,3,43,1.03,4.93,0,0,67
755952376148639107,"The Nest, Off Elk Mountain",28804,Entire home/apt,4,2.0,2.0,234.91,1,125,2.84,4.86,1,0,55
757898715723200984,"Asheville Meadows | Pool, Hot Tub & Forest Views",28805,Entire home/apt,4,2.0,2.0,692.0,2,57,1.45,4.93,1,0,58
760853608588754168,Luxury Efficiency Suite,28804,Entire home/apt,2,1.0,1.0,199.71,1,24,0.56,4.92,0,0,44
762408080060331673,Country Cottage Escape Located Mins to Asheville,28715,Entire home/apt,6,3.0,4.0,246.0,2,138,3.17,5.0,1,0,62
763317696516555604,"Peaceful Stay 1 min from Biltmore, 3 miles from DT",28803,Entire home/apt,2,1.0,1.0,76.33,30,89,2.07,4.97,0,0,54
764465376699148409,Dog-Friendly House with Fenced Yard in Asheville,28806,Entire home/apt,2,1.0,1.0,151.5,2,67,2.31,4.97,1,0,50
764652071728217097,Amazing Views | Studio Apartment in Asheville,28806,Entire home/apt,2,1.0,1.0,248.5,2,72,1.66,5.0,1,0,50
765205166812515394,*4 miles to Downtown Asheville *2 Kings* Hot Tub*,28804,Entire home/apt,10,4.0,7.0,674.0,1,184,4.22,4.99,1,0,61
770229270654622365,Charming Marigold House in West Asheville,28806,Entire home/apt,5,2.0,2.0,245.5,2,27,0.63,4.93,1,0,60
772322471090299421,"Downtown Penthouse +Biltmore Pass, Pet-Friendly",28801,Entire home/apt,6,3.0,3.0,476.0,2,14,0.36,4.71,1,0,49
773788380430567812,West Asheville Studio,28806,Entire home/apt,2,1.0,1.0,79.37,32,54,1.25,4.87,0,0,64
774545010096556204,Lovely Park Home with Scenic Views,28806,Entire home/apt,4,2.0,2.0,224.0,1,192,4.44,4.81,1,0,50
774781482022487824,West Asheville Studio Cottage,28806,Entire home/apt,2,1.0,1.0,147.0,1,129,3.01,4.97,1,0,35
775404892024131437,James' and Ada's View,28803,Entire home/apt,4,2.0,3.0,159.0,2,86,2.15,4.99,1,0,40
776014861241735902,The Nest | Home Office & 5 Min. to Downtown AVL!,28805,Entire home/apt,3,2.0,2.0,121.11,28,2,0.1,5.0,1,0,35
781736140016379106,Mountain Retreat: Duplex Haven on 4 Acres,28804,Entire home/apt,4,2.0,2.0,261.0,2,4,0.16,5.0,1,0,53
781736147243212925,"Mountain Majesty: Luxe Lodge on 4 Acres, Asheville",28804,Entire home/apt,9,3.0,6.0,329.56,2,9,0.34,4.78,1,0,54
782690732521177969,Countryside cottage 10 min to downtown,28805,Entire home/apt,2,1.0,1.0,142.65,2,100,2.36,4.86,1,0,48
785082616651050507,Yoga Studio Apt-Jacuzzi/Private Entrances,28732,Private room,6,2.0,1.0,150.0,1,40,0.99,4.98,1,0,92
785575328057748301,Sleeps 20 | Grand AVL Lodge • Hot Tub + Sauna,28804,Entire home/apt,16,5.0,11.0,1109.5,2,67,1.58,4.81,1,0,58
786308508636297203,Walker's Paradise,28801,Entire home/apt,4,1.0,1.0,147.2,30,2,0.08,4.5,0,0,38
786730754311109964,Radiant Arden Home - 10 Mi to Biltmore!,28704,Entire home/apt,4,2.0,3.0,196.0,2,41,1.01,4.85,0,0,28
786858671294872745,Tranquil River Home-5 miles to Biltmore,28804,Entire home/apt,8,3.0,4.0,431.0,1,72,1.81,4.96,0,0,53
788284791294189813,Modern Candler Home w/ Deck & Yard!,28715,Entire home/apt,6,3.0,4.0,299.0,2,16,0.38,4.94,0,0,35
789275713131287156,Asheville Getaway Entertainment Galore 5k+ sq ft,28806,Entire home/apt,16,5.0,12.0,1257.0,1,126,3.07,4.98,1,0,74
790620302367439295,Art House Furnished Room Rentals,28715,Private room,2,4.0,1.0,57.34,30,2,0.06,5.0,1,0,70
790816914345274713,Black Bear 1,28804,Private room,3,2.0,1.0,143.0,1,28,0.7,4.93,0,0,54
791217133919040660,"Sophisticated, modern, & unique. 5 miles downtown",28804,Entire home/apt,8,3.0,6.0,690.0,1,170,4.08,4.97,1,0,59
791259136214392480,Sleeps 18! Spacious & Min from DT AVL and Biltmore,28806,Entire home/apt,16,5.0,11.0,760.0,1,128,3.02,4.98,1,0,70
791273631100844517,Walkable W. AVL *2 Full Baths* Convienent Location,28806,Entire home/apt,2,1.0,1.0,138.0,1,217,5.17,4.98,1,0,55
793310877280708097,Davenport Cottage | Pet Friendly | Walk to Town,28806,Entire home/apt,4,2.0,3.0,318.23,28,1,0.05,5.0,1,0,36
793314656060612567,"Cottontail Cottage | Pet-friendly, Fire Pit",28803,Entire home/apt,6,3.0,4.0,443.0,2,18,0.46,4.83,1,0,43
793535631103106347,Art-Inspired Retreat | 3BR | Free Tickets,28803,Entire home/apt,6,3.0,3.0,301.0,2,24,0.61,4.96,1,0,42
795605256242705845,Biltmore Hideaway Villa,28803,Private room,6,2.0,5.0,519.5,2,8,0.2,5.0,0,0,55
796514547683159610,"Modern Cozy Cabin • Near Biltmore, Downtown, Hikes",28805,Entire home/apt,11,4.0,8.0,330.18,3,49,1.23,4.96,0,0,59
797222852321624594,Asheville Snazzy apart 5 Minutes to Downtown.,28805,Entire home/apt,6,3.0,4.0,153.0,2,152,3.67,4.78,0,0,50
797946469100872622,LUX Mountaintop yet 5 minutes to downtown!,28804,Entire home/apt,4,1.0,2.0,328.5,2,94,2.28,4.91,1,0,56
798410495128541811,Modern Treehouse Near Asheville (30+ Day Stay),28801,Entire home/apt,6,3.0,4.0,207.4,2,6,0.17,5.0,1,0,55
800167085445702991,Cozy Cabin•2BR•10 min to Downtown• L2 EV Charger,28806,Entire home/apt,6,2.0,2.0,280.0,2,64,1.56,4.98,1,0,51
800938240982982725,Cozy sophistication West AVL,28806,Entire home/apt,2,1.0,1.0,212.0,1,174,4.5,4.99,1,0,42
803707023095655942,South Asheville Getaway II,28704,Entire home/apt,6,3.0,3.0,192.33,2,68,1.66,4.9,1,0,53
804187166923032224,Village People Vacations,28803,Entire home/apt,6,2.0,2.0,456.67,3,1,0.06,5.0,0,0,36
804250124275427800,"Downtown Townhouse w/ elevator, 3 BR's & 3.5 baths",28801,Entire home/apt,6,3.0,3.0,676.33,3,50,1.22,5.0,1,0,45
806430918323857030,Cozy Home in Quiet Village Community,28804,Entire home/apt,6,3.0,3.0,283.0,30,0,1.66,4.94,0,0,67
806482933460486626,"Asheville, NC Escape | Private Stay Near Downtown",28803,Entire home/apt,6,3.0,3.0,417.0,2,1,0.12,5.0,0,0,66
811026130816354743,Sunny Ridge Retreat,28804,Entire home/apt,6,1.0,3.0,260.5,2,35,0.92,4.91,0,0,52
813629571765258523,River Mist Retreat,28804,Entire home/apt,10,4.0,4.0,334.75,3,10,0.25,5.0,0,0,59
813906334016229973,Cottage with Mountain Views | 15 min to Downtown,28806,Entire home/apt,6,2.0,3.0,219.68,1,299,7.33,4.93,1,0,69
815057977590094192,Sleep well in a cozy North AVL home,28804,Private room,2,2.0,1.0,91.5,2,5,0.37,5.0,0,0,46
815428632272085329,The Kenilworth Apartment,28803,Entire home/apt,2,1.0,1.0,143.0,1,16,0.44,4.94,0,0,19
816651955599520669,"Mtn Views, Walkable Location: Asheville Retreat!",28804,Entire home/apt,6,2.0,4.0,299.5,2,83,2.01,4.9,0,0,38
816833876868671890,3 miles to downtown AVL- Riverside House,28804,Entire home/apt,8,4.0,6.0,431.0,1,69,1.69,4.86,0,0,50
816841447039098290,3 miles to downtown AVL- Sage House,28804,Entire home/apt,6,3.0,4.0,409.0,1,36,0.9,4.94,0,0,46
818359277182559055,MidWay. Mountain Views. Spacious! 2 Drives!,28806,Entire home/apt,6,3.0,3.0,200.5,2,91,2.28,4.91,0,0,56
819599495422272012,Mountain Modern Eco-House (30+ day only),28801,Entire home/apt,4,3.0,2.0,160.09,30,1,0.13,5.0,0,0,65
821030675435216627,Mountaintop Villa 8 min to Downtown!,28804,Entire home/apt,5,2.0,2.0,297.0,2,120,2.95,4.98,1,0,58
821285421345961579,"Asheville Home: Hot Tub, Sauna & Dogs Welcome",28806,Entire home/apt,12,5.0,11.0,627.0,2,121,2.98,4.98,1,0,83
823075195848107845,Meadow Lounge | Pool | Hot Tub | 10 Min to DTN,28715,Entire home/apt,16,6.0,10.0,689.0,1,151,3.71,4.9,1,0,66
823143613030338927,Trail's End Cabin in Bent Creek,28806,Entire home/apt,13,4.0,9.0,402.0,2,24,0.62,4.88,1,0,24
823959205779601736,Hilltop Cabin | Cozy & Equipped | 10 to AVL,28804,Entire home/apt,2,1.0,1.0,67.28,28,17,0.43,4.41,1,0,47
825415053290113653,4 mile DT AVL | 3 Mile Parkway | 2 King Beds,28803,Entire home/apt,6,3.0,3.0,276.0,1,106,2.89,4.96,1,0,55
825426380707389742,4 to DT | 3 to Parkway | Views | 2 King Beds,28803,Entire home/apt,6,3.0,3.0,205.0,1,70,1.76,4.91,1,0,56
826162182781186712,Harmony Hideaway-Hiking & Sunny Mountain Views,28715,Entire home/apt,4,2.0,3.0,177.0,2,14,0.34,4.93,0,0,59
827009519256274127,Walkable West Asheville Apartment,28806,Entire home/apt,5,2.0,3.0,257.0,1,182,4.46,4.99,0,0,51
827599653801923303,Pet Friendly - Tranquility Suite,28804,Entire home/apt,4,1.0,2.0,172.0,1,74,1.9,4.92,1,0,57
828469601962924727,Pet Friendly - Relaxed Apt,28804,Entire home/apt,5,2.0,2.0,177.0,1,34,0.89,4.74,0,0,52
828558764470227964,Bungalow #2 - Fresh & Modern Retreat,28704,Entire home/apt,2,1.0,1.0,182.0,1,60,1.47,5.0,1,0,52
828957064823370406,Spacious Loft w/Mural in DT AVL,28801,Entire home/apt,2,1.0,2.0,193.0,1,29,0.75,4.93,1,0,37
829737607287146165,Asheville Cozy apart 5 minutes to downtown,28805,Entire home/apt,4,2.0,2.0,155.0,2,109,2.72,4.5,0,0,26
830456448676584755,Private bedroom in West Asheville,28806,Private room,2,2.0,2.0,69.0,1,26,0.71,4.81,0,0,53
831978562322702951,Parker House Apt A I 5 Min from Downtown AVL!,28801,Entire home/apt,4,2.0,2.0,106.2,28,8,0.21,4.88,1,0,33
831980203296811461,Parker House Apt B I 5 Min from Downtown AVL!,28801,Entire home/apt,4,2.0,2.0,106.2,28,6,0.16,4.67,1,0,34
834188475826652543,"Sunrise Views and Hot Tub, close to W Asheville",28806,Entire home/apt,8,4.0,4.0,437.5,2,70,1.76,4.96,1,0,60
836224189571898631,Blue Ridge Bungalo,28804,Entire home/apt,6,3.0,3.0,320.0,2,57,1.44,4.95,1,0,48
836257564163931688,Cozy Mountain Retreat • King Bed • 12 Min Downtown,28803,Entire home/apt,2,1.0,1.0,173.0,2,28,0.71,4.93,1,0,40
836467932275012094,"HiddenSpeakeasy, HotTub, Sauna, Biltmore 15 min",28805,Entire home/apt,12,5.0,7.0,512.0,1,86,2.16,4.9,1,0,72
837617435139917268,Pet-Friendly Luxe + Biltmore Pass (Near AVL),28804,Entire home/apt,8,4.0,4.0,1055.5,2,33,0.88,4.91,1,0,60
837893599833571233,Cozy Montford Studio | King Bed & Near Downtown,28801,Entire home/apt,4,1.0,2.0,172.0,2,94,3.29,4.95,1,0,43
838340147724104160,Colorful Biltmore Getaway,28803,Entire home/apt,2,1.0,1.0,204.0,1,31,1.07,5.0,1,0,43
838442591755554297,Bent Creek Retreat | Fire Pit & Trails,28806,Entire home/apt,6,3.0,3.0,484.0,1,120,3.01,4.99,1,0,66
839353043419162021,Haw Creek Hideaway,28805,Entire home/apt,6,3.0,3.0,370.0,1,2,0.06,5.0,0,0,49
840607331908560244,Ivy Cottage - Backyard Escape,28704,Entire home/apt,3,1.0,1.0,162.5,2,67,1.69,4.9,1,0,46
841302116274633964,Cozy boho lower level,28806,Entire home/apt,3,2.0,2.0,191.5,2,45,1.16,4.96,1,0,37
841304513878963200,"Home+ studio, Heart of Asheville with Views",28806,Entire home/apt,6,4.0,4.0,277.28,30,3,0.09,5.0,0,0,60
843025015795756302,Pranic Life too,28804,Entire home/apt,2,1.0,1.0,231.8,5,19,0.48,4.89,0,0,48
843579221824479246,Comfy home stay private entrance,28806,Private room,2,1.0,1.0,81.67,2,93,2.34,4.9,1,0,13
844365634518032786,Asheville River Cabins Premium Riverview Cabin,28704,Entire home/apt,4,2.0,3.0,484.0,1,8,0.2,4.88,1,0,57
845585735787474631,LUX Walk to AVLs TOP restaurants,28806,Entire home/apt,8,2.0,6.0,460.0,2,37,0.93,4.92,1,0,61
847297156579855046,2 BR 2 BA Getaway near Biltmore,28803,Entire home/apt,4,2.0,2.0,117.5,30,3,0.08,5.0,1,0,26
849321992635002028,Car Spot @ BayingHoundCampground,28806,Entire home/apt,4,2.0,1.0,27.0,1,22,0.78,5.0,1,0,11
849871123553076278,Charming 2BR Retreat • Close to DT & Biltmore,28806,Entire home/apt,4,2.0,2.0,198.56,2,124,4.69,4.95,1,0,45
850666818338598615,Romantic Jacuzzi Suite w/ King Bed near Biltmore,28803,Entire home/apt,2,1.0,1.0,131.24,2,55,1.4,4.91,0,0,45
852162004910058932,Modern 1BR w/ Workspace | Walk to Shops + Parks,28801,Entire home/apt,2,1.0,1.0,54.67,30,6,0.21,4.67,1,0,38
852203626491264021,Comfy Asheville Vacation Rental w/ Hot Tub!,28803,Entire home/apt,6,2.0,3.0,217.67,2,56,1.45,4.82,0,0,37
852753902699444231,"Pet-Friendly Views + Biltmore Pass, Near Asheville",28805,Entire home/apt,8,3.0,4.0,373.5,2,30,0.77,4.77,1,0,51
856550832635722499,The Royal Fern,28732,Entire home/apt,8,3.0,5.0,385.0,1,288,7.32,4.97,1,0,59
856678083000821060,Mins to Asheville/Studio w/Fire pit/Pet friendly,28806,Entire home/apt,4,1.0,2.0,246.0,1,65,1.67,4.82,0,0,42
856827826416481785,Relaxing spacious Home in Asheville,28806,Entire home/apt,8,4.0,4.0,276.74,2,89,2.33,4.93,1,0,54
857164271085722596,Luxury Mountain Retreat with Hot Tub and Fire Pit,28704,Entire home/apt,16,6.0,10.0,579.5,2,36,0.95,4.92,1,0,42
857918213730778256,"Guest suite. Charming, near town. Kitchenette",28805,Entire home/apt,2,1.0,1.0,149.0,2,4,0.11,5.0,0,0,55
858924168933977089,Cozy Getaway in South Asheville,28704,Entire home/apt,5,2.0,3.0,177.67,3,93,2.46,4.86,1,0,56
860118544528692769,3 BR w/Private Baths • Sleeps 6 • Mins to Biltmore,28803,Entire home/apt,6,3.0,3.0,327.0,1,215,5.49,4.97,1,0,54
860248606740825386,"""Ritz Carlton of Airbnb's"" Chic Cottage + Hot Tub",28804,Entire home/apt,5,2.0,3.0,583.14,1,141,3.68,5.0,1,0,77
860366256930678018,Cheerful Private Room Asheville,28806,Private room,2,2.0,1.0,80.0,2,13,0.37,4.38,0,0,52
861562729483207247,Kim's Cottage- Historic Montford,28801,Entire home/apt,3,1.0,2.0,192.37,7,4,0.11,5.0,1,0,38
861621337723825671,LUX 3 Acrs Retreat | Game Room/Hot Tub/BBQ/FirePit,28732,Entire home/apt,10,4.0,6.0,635.0,2,70,1.8,4.97,1,0,76
861784147951896334,Asheville Mauna/Mountain House,28806,Entire home/apt,6,2.0,2.0,154.5,2,51,1.31,4.9,1,0,53
863122077574641935,5 min 2 Downtown Asheville w/Hot Tub~Dogs Welcome,28804,Entire home/apt,4,2.0,2.0,310.57,2,180,5.02,4.99,1,0,62
864662791083152036,Simple Downtown 1 Bedroom,28801,Entire home/apt,2,1.0,1.0,149.0,1,114,2.93,4.44,0,0,29
865225666104756420,West Asheville Hideout,28806,Entire home/apt,3,1.0,2.0,154.5,2,62,1.59,5.0,1,0,49
865361508560617025,7k SqFt Estate - Epic Amenities & Fun - Sleeps 20,28803,Entire home/apt,16,6.0,14.0,959.0,2,93,2.42,4.96,1,0,74
866570797047292576,AVL Monthly Retreat w/ Expansive Mountain Views,28804,Entire home/apt,4,2.0,2.0,154.11,29,5,0.14,5.0,0,0,54
868082230911607347,"Asheville luxury estate-Hottub, GameRoom & Sauna",28806,Entire home/apt,15,7.0,9.0,1337.46,1,95,2.49,4.93,1,0,95
868110638120292455,Mountain Time,28806,Entire home/apt,2,1.0,1.0,106.0,2,7,0.19,4.86,0,0,34
868699412050432804,The Bee Hive,28704,Entire home/apt,4,2.0,2.0,251.33,2,111,2.93,5.0,1,0,65
870527312327340177,Walnut Cove GC - Biltmore Championship PGA!,28704,Entire home/apt,4,2.0,2.0,211.5,2,60,1.6,4.98,1,0,64
870889896669576615,Dog Friendly Private Retreat Asheville,28704,Entire home/apt,6,3.0,3.0,256.0,2,86,2.27,4.98,1,0,56
873874443853153665,The Farmhouse,28806,Entire home/apt,6,3.0,3.0,297.0,2,108,2.86,4.93,1,0,36
874725103753806598,Mountain Views + Biltmore Pass | Pet-Friendly Gem,28803,Entire home/apt,8,4.0,5.0,534.0,2,14,0.39,4.57,1,0,58
874725704041286705,"Hillside Hideaway +Biltmore, 12min to Asheville",28804,Entire home/apt,8,4.0,4.0,670.0,2,23,0.67,4.91,1,0,61
874726602931216913,Luxury Retreat w/Chef’s Kitchen+ Hot Tub,28704,Entire home/apt,8,4.0,5.0,431.0,2,29,0.81,4.93,1,0,55
874727281081505772,"Pet-Friendly Asheville Retreat, Walk to Downtown",28801,Entire home/apt,4,2.0,3.0,175.07,2,3,0.09,5.0,1,0,48
875400629375636096,Quaint Private Room in Oakley,28803,Private room,2,1.0,1.0,137.0,2,14,0.37,4.71,0,0,10
876812545083823268,The Hard Times Inn,28806,Entire home/apt,6,2.0,4.0,278.0,2,125,3.24,5.0,1,0,62
877551972813715839,2BD/2BA Condo Near Biltmore Estate and Downtown,28803,Private room,6,2.0,3.0,369.0,1,792,20.77,4.72,0,0,52
878022456989537209,Mins 2 DT/Biltmore|HotTub|GameRm|1GB|4K NFLX|Pets,28806,Entire home/apt,6,3.0,4.0,325.0,1,112,2.97,4.85,1,0,66
878342497859586024,Carved Tree Getaway,28806,Entire home/apt,6,3.0,4.0,185.44,2,165,4.4,4.96,1,0,51
879109424040368993,The Roost,28803,Entire home/apt,3,1.0,2.0,183.0,1,155,4.06,4.92,1,0,42
881126631375398353,Pet Lovers Dream-Guests Rave Super Clean,28804,Entire home/apt,4,2.0,2.0,216.5,1,9,0.24,5.0,0,0,61
884613041906381054,Modern Escape Near Biltmore + Discovery Pass,28803,Entire home/apt,6,3.0,3.0,528.0,2,16,0.44,4.81,1,0,51
886378373066837454,Luxury Rental! 10 min to Asheville!,28806,Entire home/apt,12,3.0,5.0,514.0,1,34,0.91,4.97,0,0,38
887010558188010995,Asheville Cozy Room near Downtown,28803,Private room,1,2.0,1.0,121.0,2,27,0.75,4.96,1,0,59
887061719314888767,Blue Ridge View Cottage,28806,Entire home/apt,6,2.0,4.0,149.0,1,85,2.34,4.86,0,0,73
889025015578616597,Walk to downtown from our new guest house!,28801,Entire home/apt,4,2.0,2.0,226.53,2,109,2.91,4.95,1,0,44
889935277414203190,Modern | 2 Kings | Movie Theater | Near Biltmore,28803,Entire home/apt,7,3.0,4.0,330.5,2,134,3.54,4.97,1,0,63
891353208032146142,Not Your Grandpa's Cabin,28805,Entire home/apt,4,1.0,1.0,106.06,30,6,0.17,5.0,0,0,54
891567522553682064,Mid-century Modern Remodel near Pisgah & Asheville,28806,Entire home/apt,8,4.0,6.0,364.0,2,72,1.92,4.9,0,0,70
892020508004232135,Purple Cottage 10 Mins From DT.,28804,Entire home/apt,4,1.0,2.0,222.0,1,41,1.11,4.68,0,0,46
892113107850098005,Views 1 mile from downtown!,28804,Entire home/apt,6,2.0,2.0,270.28,30,5,0.14,5.0,0,0,35
892249126068143189,"Countryside Retreat: Pickleball, Hot Tub &Fire Pit",28704,Entire home/apt,12,3.0,8.0,356.0,2,93,2.57,4.98,1,0,72
893716421577154531,"Asheville Chalet: Cinema, Hot Tub, Sleeps 20",28806,Entire home/apt,16,6.0,10.0,802.0,2,108,2.89,4.99,1,0,79
894851756791575144,NEW! Treehouse Scandi Log Cabin *Pets*Hike*Retreat,28805,Entire home/apt,4,1.0,2.0,463.5,2,94,3.09,4.98,1,0,51
894851798212440384,Luxe Treetop Cabin*Hot Tub*Views,28805,Entire home/apt,8,3.0,5.0,729.5,2,61,1.63,4.97,1,0,63
896399886172098431,Peaceful Asheville Getaway Mtn/Valley Views,28803,Entire home/apt,2,1.0,1.0,148.5,2,200,6.19,5.0,1,0,52
896899207791125247,Hike and Bike from the Farm.,28704,Entire home/apt,9,3.0,5.0,528.5,2,57,1.56,5.0,1,0,61
897012842531200206,NEW Easy Access Condo Walkable to Asheville's best,28801,Entire home/apt,4,1.0,2.0,274.0,1,168,4.49,4.88,1,0,39
897855294734413073,Bob Lewis Ballpark-10 min! Putting green! Hot tub!,28806,Entire home/apt,8,3.0,5.0,440.0,1,120,3.27,4.98,1,0,69
899874137909865477,Misty Mountain Retreat,28806,Entire home/apt,2,1.0,1.0,95.0,1,49,2.01,4.96,1,0,28
900105062585449125,Sweet bungalow in popular W. Asheville,28806,Entire home/apt,4,2.0,2.0,102.87,30,0,1.66,4.94,1,0,22
901439717910084309,Asheville Guest Apartment,28801,Entire home/apt,2,1.0,1.0,112.07,28,0,1.66,4.94,0,0,10
902039232279530268,The Barn,28804,Entire home/apt,8,4.0,4.0,1505.67,3,2,0.06,5.0,0,0,58
903072595055952281,Mountain & Lake View. Pet-friendly. Heated Pool!,28804,Entire home/apt,2,1.0,1.0,371.29,30,0,1.66,4.94,1,0,69
903828418284489253,Asheville River Cabins Accessible Cabin w/ Hot Tub,28704,Entire home/apt,4,1.0,2.0,433.0,1,42,1.13,4.76,1,0,58
905154333114072297,Cypress Sycamore | Near Downtown + Biltmore Estate,28803,Entire home/apt,9,3.0,5.0,316.5,2,19,0.45,4.74,1,0,50
905154358245611560,"Magnolia Sycamore | Near Downtown, Biltmore Estate",28803,Entire home/apt,8,3.0,4.0,311.32,2,31,0.69,4.74,1,0,54
905154408774749090,6 Min to Downtown Asheville | Fire Pit + Patio,28803,Entire home/apt,9,3.0,5.0,400.92,2,14,0.32,4.93,1,0,50
905154432097807523,Sweetgum Sycamore | Near Downtown + Grove Park Inn,28803,Entire home/apt,8,3.0,4.0,311.5,2,13,0.3,5.0,1,0,48
905154484554673235,Red Bud Sycamore | Near Downtown + Grove Park Inn,28803,Entire home/apt,8,3.0,4.0,330.0,2,6,0.13,4.83,1,0,53
905785209912274618,Cozy Cottage in Montford for 30-Day+ Stays,28801,Entire home/apt,2,1.0,1.0,61.95,30,0,1.66,4.94,0,0,33
906558735828371317,Steph's Place,28805,Entire home/apt,4,2.0,2.0,176.0,2,45,1.33,4.98,1,0,28
907246055069667619,The Oasis-Entire Home-12 min to Downtown Asheville,28806,Entire home/apt,10,3.0,5.0,342.5,1,85,2.32,4.94,1,0,38
907933203969939408,Spacious w/ Game Room + Hot Tub | Mins to Downtown,28804,Entire home/apt,12,5.0,7.0,732.5,2,99,2.71,4.97,1,0,72
907970414270132974,3 Private Suites • Sleeps 6 • Minutes to Biltmore,28803,Entire home/apt,6,3.0,4.0,316.0,1,211,5.7,4.98,1,0,57
908463326021223147,West Asheville Private 2 bedroom Getaway,28806,Entire home/apt,6,2.0,2.0,164.33,1,319,8.72,4.89,1,0,60
908515528408361637,The Fox Den. Artistic!Stylish! Minutes to Downtown,28803,Entire home/apt,6,2.0,3.0,273.0,1,107,3.0,4.87,0,0,40
908883275096331436,Rice Pinnacle Retreat,28806,Entire home/apt,4,2.0,2.0,341.21,1,184,5.03,4.95,1,0,31
909430637865426557,Luxury Estate + Hot Tub + Biltmore Pass,28732,Entire home/apt,8,4.0,4.0,1130.0,2,9,0.25,4.78,1,0,55
910236251610012703,Convenient Quiet Location AVL,28806,Private room,1,1.0,2.0,136.0,1,22,0.6,4.64,0,0,8
910246575940347861,Micro Studio Downtown,28801,Entire home/apt,2,2.0,1.0,132.0,1,68,2.04,4.44,0,0,7
911446741074991676,The Asheville House,28806,Entire home/apt,12,4.0,7.0,627.67,3,74,2.15,4.99,1,0,75
912556149336364754,Rare Gem: Steps to Lake-Minutes to Downtown | NAVL,28804,Entire home/apt,2,1.0,1.0,119.0,1,199,5.41,4.96,0,0,53
913155025675993877,Garden Oasis near Downtown and River Arts District,28801,Private room,2,2.0,1.0,143.0,1,99,2.71,4.76,0,0,36
913639609236218890,New Build~Luxury~15 mins to dtown~Firepit~Hot Tub,28803,Entire home/apt,8,3.0,4.0,502.5,2,55,1.51,5.0,1,0,72
913737146291379712,Tiny Home w/ Fire Pit: Trail Access On-Site!,28805,Entire home/apt,2,2.0,2.0,162.0,2,4,0.13,4.5,0,0,20
914459090622383604,Hubbard's Hideaway,28732,Entire home/apt,4,2.0,2.0,165.5,2,22,0.6,4.77,0,0,56
915869907017060972,West Charmer 5-10min to Main Attractions,28806,Entire home/apt,2,1.0,1.0,103.0,3,8,0.61,4.88,0,0,22
917403805499746391,Be the 1st! Brand New~Luxury~Hot Tub/Resort-Style,28803,Entire home/apt,6,2.0,3.0,574.0,2,97,2.71,4.99,1,0,68
919001786154332854,Retro Harmony-8 min to Downtown!,28804,Entire home/apt,2,1.0,1.0,77.91,30,14,0.42,4.93,1,0,47
920404877481860676,Cypress & Willow Buyout by AvantStay | Sleeps 16,28803,Entire home/apt,16,6.0,10.0,748.5,2,17,0.48,5.0,1,0,48
920413920053955949,Luxury sleeps 12! 10 Min to Downtown AVL!,28806,Entire home/apt,11,3.0,5.0,224.33,1,44,1.25,4.89,0,0,42
923210724512697789,New-Modern Private Luxury Suite with King Bed,28806,Entire home/apt,2,1.0,2.0,184.87,1,159,4.44,4.99,1,0,42
925281327366164699,Getaway w/ Fire Pit: 3 Mi to River Arts District!,28806,Entire home/apt,7,3.0,4.0,344.5,2,86,2.41,4.98,0,0,41
925968228721793207,*NEW* The Maple Cottage,28803,Entire home/apt,8,3.0,5.0,393.0,1,141,3.93,4.85,1,0,47
926674700646385055,*New* Cozy Haven|10 min to DTW & Biltmore,28803,Entire home/apt,8,3.0,4.0,371.0,1,95,2.64,4.82,1,0,50
926832854595626519,6 miles to Asheville-Fenced yard-EV charger-Grill,28732,Entire home/apt,6,3.0,4.0,361.0,1,56,1.56,5.0,1,0,60
927578061672342952,"Pool W/ a View Hot Tub, Fire Pit, and More",28806,Entire home/apt,6,3.0,3.0,494.5,2,91,2.52,5.0,1,0,63
929079995393281579,"Creekside Cabin w/ sauna, hot tub & fire pit",28806,Entire home/apt,6,2.0,3.0,312.0,1,144,4.01,4.89,1,0,59
929228082299378218,"Cozy Home Hot Tub, Pet Friendly, 15min to DT-AVL",28804,Entire home/apt,4,2.0,2.0,199.33,3,122,3.42,4.9,1,0,57
933834867254845799,Symphony of Luxury by 5 Seasons Homestays,28806,Entire home/apt,14,4.0,7.0,1060.0,1,120,3.37,4.96,1,0,81
934275202717613061,"Upstairs Apt-King bed, kitchen, 6 mi to downtown",28803,Entire home/apt,6,2.0,3.0,283.0,1,73,2.13,4.96,1,0,46
935567410171977529,"Stylish Ranch + Biltmore Pass, 8min to Asheville",28803,Entire home/apt,7,3.0,4.0,423.0,2,69,1.93,4.96,1,0,54
937635084114386852,Peace Among the Pines,28806,Entire home/apt,2,1.0,1.0,165.5,1,31,0.87,4.94,0,0,45
938262848303063581,"2 Rooms in Ultra-Convenient, Private Zen Oasis",28732,Private room,5,2.0,3.0,169.0,1,24,0.67,4.83,1,0,91
940440797741865839,Home Sweet Asheville Getaway,28803,Entire home/apt,4,1.0,2.0,136.0,2,31,0.91,4.97,1,0,29
940492283292597065,Asheville Urban Retreat,28804,Entire home/apt,4,1.0,3.0,160.0,2,35,1.0,5.0,0,0,52
941181143521798221,"Zenith | Forest Lux | Hot Tub | Fire Pit, 10 2 DT",28806,Entire home/apt,3,1.0,2.0,337.0,1,302,8.48,4.89,1,0,44
941405417225779197,"The Nest at the Overlook, Your Escape in Asheville",28805,Entire home/apt,4,1.0,2.0,185.5,2,41,1.17,4.93,1,0,50
941986228114776472,"Outdoor Oasis! Spacious, Dog Friendly, Fire Pit",28803,Entire home/apt,6,3.0,3.0,186.5,2,97,2.8,4.97,1,0,63
942157457050611710,"Indoor Hot Tub, fire pit, 6 mi to downtown AVL",28803,Entire home/apt,11,4.0,6.0,481.0,1,35,1.06,4.77,1,0,54
942757778590638140,Private Garden Studio near Biltmore and Downtown,28803,Entire home/apt,2,1.0,1.0,131.0,1,69,2.0,4.9,1,0,49
942858349908946356,Le Petite Biscuit Pied-a`-terre!,28804,Entire home/apt,2,1.0,1.0,105.82,28,0,1.66,4.94,0,0,53
944099436117551075,Cute cottage in Asheville,28805,Entire home/apt,2,1.0,1.0,65.27,30,3,0.1,4.33,0,0,31
944339687971561205,The Lucinda on beautiful Montford Ave.,28801,Entire home/apt,2,1.0,1.0,163.0,2,50,1.43,4.98,1,0,42
944814894478944448,Baker House,28806,Entire home/apt,6,2.0,3.0,285.0,1,77,2.23,4.92,1,0,53
945593472202424241,Contemporary Asheville Home w/ Panoramic Views!,28804,Entire home/apt,6,3.0,3.0,177.29,30,2,0.13,5.0,0,0,41
945632598248985674,Mansion on Private Mountain | Minutes to Asheville,28732,Entire home/apt,16,8.0,13.0,1024.5,2,56,1.64,4.93,1,0,93
946414823768431243,Bent Creek Haven,28806,Entire home/apt,4,1.0,1.0,166.0,1,3,0.43,5.0,0,0,33
946942152314059431,"Asheville Blue Ridge Parkway Home, hot tub, grill",28704,Entire home/apt,10,1.0,7.0,480.0,2,1,0.03,5.0,0,0,56
947655534552526991,Heart of West Asheville,28806,Entire home/apt,4,1.0,1.0,168.5,2,73,2.18,5.0,1,0,47
948712417630720639,Cozy Modern Mountain Apartment,28806,Entire home/apt,4,1.0,2.0,94.26,28,14,0.42,5.0,1,0,58
949359350190076397,Serenity in Asheville center,28803,Entire home/apt,4,2.0,2.0,111.2,30,9,0.29,4.89,1,0,40
949938972628207213,2 Houses! Sleeps 22! 10 Min to DTW Asheville,28806,Entire home/apt,16,6.0,10.0,627.67,3,15,0.5,5.0,0,0,42
950041853346200508,Modern Loft Style Guest House,28803,Entire home/apt,2,1.0,2.0,103.27,1,1,0.05,5.0,0,0,44
951995612084594204,Modern Asheville Retreat •Biltmore Park Arboretum,28704,Entire home/apt,6,3.0,3.0,311.0,2,5,0.36,5.0,0,0,40
952756503328038675,"Barn Suite, King bed, claw foot tub, farm animals!",28806,Entire home/apt,2,1.0,1.0,129.0,1,139,4.2,4.77,1,0,48
952889664707070763,3B Log Cabin Mountaintop Sunset Views | Asheville,28803,Entire home/apt,6,3.0,3.0,255.5,2,29,0.87,5.0,1,0,74
954199869409361501,{Cheryl's Blackstone Retreat} Comfort and Style!,28804,Entire home/apt,10,3.0,6.0,297.0,1,119,3.41,4.81,0,0,66
956136699566538884,Bent Creek - Hot Tub + Games!,28806,Entire home/apt,6,3.0,4.0,390.0,3,74,2.18,5.0,1,0,64
957177933130670351,"Peaceful Private Lane, Near Airport & Ag Center",28732,Entire home/apt,4,2.0,2.0,198.0,1,145,5.37,5.0,1,0,64
958767950041380450,Summer Break Awaits: Fully Loaded w/HotTub&FirePit,28805,Entire home/apt,6,3.0,4.0,366.0,1,133,3.83,4.96,1,0,61
959293048175371033,Asheville Amazing Tiny House & Hot Tub,28806,Entire home/apt,2,1.0,1.0,228.24,1,119,3.44,4.74,1,0,34
960090157496125101,Bent Creek Retreat | Trails + Biltmore Pass,28806,Entire home/apt,6,3.0,3.0,409.5,2,12,0.36,5.0,1,0,55
963058466309364460,Cozy 2BR Townhouse w/ Deck | Walk to W. Asheville,28806,Entire home/apt,4,2.0,2.0,87.75,30,4,0.13,5.0,1,0,51
963721505306368285,"Ashevilla | Hot Tub, Views & 1 Mi. to Downtown AVL",28804,Entire home/apt,8,4.0,5.0,334.13,28,1,0.75,5.0,1,0,41
963824260733841709,Pivate 1 bd 1 ba Biltmore Village,28803,Private room,2,2.0,1.0,113.0,2,22,0.66,4.95,1,0,35
964576233970271176,Sunset Perch over Asheville,28801,Entire home/apt,4,2.0,3.0,471.33,2,100,2.92,5.0,1,0,55
964677706441318207,WALK-BIKE to Biltmore Village3BR,28803,Entire home/apt,6,3.0,3.0,143.12,30,2,0.08,4.0,1,0,49
965271264541734186,Heart of Asheville,28801,Private room,1,2.0,2.0,103.0,1,9,0.26,5.0,1,0,9
965941791310687323,"White Pine Retreat | Pet-friendly, Views, Near AVL",28704,Entire home/apt,10,6.0,7.0,725.67,3,6,0.33,5.0,1,0,42
966626242656896927,Swim & Bike at Bent Creek,28806,Entire home/apt,6,2.0,4.0,183.67,21,0,1.66,4.94,0,0,31
967615701891020277,Porch & Pine Asheville,28704,Entire home/apt,6,3.0,2.0,300.0,2,20,0.6,5.0,0,0,61
968006354295930995,Five Bedroom Gameroom Hot Tub StarLink,28804,Entire home/apt,12,5.0,6.0,894.5,1,48,1.42,4.79,1,0,41
968770924518536928,Hemlock Hideaway - Urban Oasis near Downtown,28805,Entire home/apt,2,1.0,1.0,155.0,1,245,7.31,4.96,1,0,56
970168506820404750,"Mountain Views + Biltmore Pass, Pet-Friendly",28803,Entire home/apt,8,4.0,4.0,432.0,2,45,1.32,4.89,1,0,55
970174092615153471,"Bungalow w/Hot Tub, Fire Pit, Dog Friendly (fee)",28803,Entire home/apt,4,2.0,3.0,346.0,1,196,6.1,4.98,1,0,61
970203919819096564,Blissful Bungalow - Entire House,28704,Entire home/apt,3,2.0,2.0,75.86,28,8,0.26,5.0,1,0,37
971943099569006967,Cabin w/ Mountain & Farm Views -10 min to downtown,28804,Entire home/apt,6,3.0,4.0,228.0,2,102,3.04,4.91,1,0,62
973228266529164041,Guest suite in Candler,28715,Entire home/apt,2,1.0,1.0,143.0,1,203,6.1,4.96,1,0,41
973945946707624089,Serenity in East Asheville,28805,Entire home/apt,2,2.0,1.0,128.5,2,54,1.64,5.0,1,0,48
974302574899708640,"Charming, serene West Asheville bungalow",28806,Entire home/apt,4,2.0,2.0,209.0,2,126,3.81,5.0,1,0,47
974633354076328901,The Garden Apartment,28806,Entire home/apt,2,1.0,1.0,240.79,1,55,1.62,4.98,1,0,53
974702800945736173,Creekside Mountain by AvantStay | Private Sauna,28805,Entire home/apt,8,3.0,5.0,346.77,2,20,0.42,4.85,1,0,56
974702927031905040,Riverside Ranch by AvantStay | Mins to Downtown,28704,Entire home/apt,8,4.0,5.0,308.22,2,89,1.46,4.84,1,0,53
974702983897728033,"Modern Escape | Hot tub, Firepit, Views, near AVL",28806,Entire home/apt,12,3.0,7.0,478.23,2,87,1.88,4.93,1,0,65
974732802212932299,Cherry Blossom by AvantStay | 6 Min to Downtown,28803,Entire home/apt,10,3.0,5.0,366.7,2,16,0.43,4.88,1,0,50
974732919722285986,Little Sycamore by AvantStay | Premier Location,28803,Entire home/apt,10,3.0,5.0,366.7,2,21,0.56,4.86,1,0,49
975211414909665659,Cheerful Cottage Retreat + Quick Downtown Access,28804,Entire home/apt,5,2.0,3.0,236.67,2,46,1.36,4.83,0,0,52
975267360115953090,Near Biltmore | Cozy Escape + Biltmore & Fire Pit,28803,Entire home/apt,6,3.0,4.0,379.5,2,12,0.37,4.92,1,0,52
975268861656323863,Asheville Escape + Biltmore Pass | 4BR w/ Fire Pit,28803,Entire home/apt,8,4.0,5.0,500.5,2,10,0.31,4.9,1,0,50
975271192219936936,Cozy Studio | Near Downtown AVL + Biltmore Pass,28803,Entire home/apt,2,1.0,1.0,240.5,2,7,0.21,4.86,1,0,45
977115434784328645,Pleasant Hill,28806,Private room,2,3.0,1.0,68.47,1,0,1.66,4.94,0,0,14
978886552213942803,Arden Home,28704,Entire home/apt,6,3.0,4.0,257.0,2,36,1.09,4.92,1,0,48
978965916068667978,Creekside Charm minutes to Asheville,28806,Entire home/apt,4,2.0,2.0,157.0,2,89,2.69,4.99,1,0,61
978973990911199880,"New Fenced Yard for Dogs Near AVL,Airport,Biltmore",28704,Entire home/apt,6,2.0,3.0,248.5,2,77,2.33,4.87,1,0,56
979699801443079761,"Carriage House, 10 Miles to Asheville & Biltmore",28704,Entire home/apt,2,1.0,1.0,126.0,2,113,3.38,4.88,1,0,45
981041698709597947,Creekside Cabin,28805,Entire home/apt,4,2.0,2.0,200.0,1,243,7.21,4.94,1,0,39
981163890605149741,"Mountain Views, Game Room + Biltmore Pass",28806,Entire home/apt,6,3.0,4.0,361.5,2,26,0.79,4.92,1,0,62
981196268342208181,Quaint Blue Mtn Parkway Studio,28805,Entire home/apt,2,1.0,1.0,171.0,1,46,1.38,4.87,1,0,46
982844657289641009,Pearl Shipping Container Tiny Home,28704,Entire home/apt,2,1.0,1.0,171.5,2,78,2.33,4.86,1,0,41
982865812494991455,Onyx Shipping Container Tiny Home,28704,Entire home/apt,2,1.0,1.0,171.5,2,114,3.4,4.84,1,0,39
983937204393341862,Wisteria Cabin,28806,Entire home/apt,4,3.0,3.0,382.5,2,2,0.23,5.0,0,0,62
984810272396820466,Blue Ridge Mountain Retreat: Deck & Sunroom!,28732,Entire home/apt,10,4.0,7.0,373.5,2,86,2.56,4.97,0,0,44
985475537758698607,"Cloudberry Cottage at Elk Mtn - Hot Tub, Mtn Views",28804,Entire home/apt,3,1.0,1.0,467.89,2,25,0.77,5.0,1,0,53
985603215386469690,Private room in a cozy social hostel,28804,Private room,2,2.0,1.0,91.0,1,6,0.18,5.0,1,0,52
985733574075227409,"Asheville Downtown: Style, Comfort, Workspace",28801,Entire home/apt,5,2.0,2.0,308.5,2,16,0.48,4.81,0,0,42
985751848271531215,Boutique hostel private room with ensuite bathroom,28804,Private room,2,1.0,1.0,125.0,1,6,0.18,5.0,1,0,51
986200452120333347,"Quiet country home,screened front porch,hot tub",28806,Entire home/apt,6,3.0,3.0,309.0,1,109,3.3,4.98,1,0,64
988414333535438539,Serenity Suite at Elk Mtn - Whimsical Mtn Views,28804,Entire home/apt,2,1.0,1.0,308.92,1,9,0.28,4.78,1,0,53
988994884451649697,Cozy bunk in smaller 4-bed dorm,28804,Shared room,2,1.0,4.0,68.0,1,32,0.97,4.97,1,0,51
989824435216148231,Orchards Nest,28803,Entire home/apt,4,2.0,2.0,272.0,1,28,0.85,4.96,1,0,59
993577781842464127,Mid-Century Boho with Private Patio & King Bed,28804,Entire home/apt,3,1.0,2.0,127.0,1,161,4.87,4.97,1,0,53
994159110756261681,"West AVL Snugglepod w Private Entry, Patio & Bath",28806,Private room,2,1.0,1.0,107.5,2,31,0.95,4.84,1,0,35
995088706348537572,The Fort @ Baying Hound Campground,28806,Entire home/apt,2,1.0,1.0,55.0,2,8,0.24,5.0,1,0,20
995250968805613866,"The Green House @ Winding Rd, Near Biltmore",28803,Entire home/apt,4,1.0,2.0,106.67,3,11,0.47,4.82,0,0,65
995526459863483646,"Spacious Horse Barn Suite, King bed, 8 miles to DT",28806,Entire home/apt,2,1.0,1.0,275.0,1,157,4.75,4.87,1,0,43
995911712178669545,Hot tub|fire pit|Arcade game|King bed|6 mi to DT,28805,Entire home/apt,16,5.0,8.0,577.0,1,79,2.43,4.81,1,0,66
996185947198254167,Stone's Throw Farmhouse | Near AVL | Dog-Friendly,28803,Entire home/apt,10,4.0,6.0,395.75,2,76,2.35,4.99,1,0,60
996270414184195438,"Cozy Cottage for Two | Asheville, NC",28804,Entire home/apt,2,1.0,1.0,161.48,2,79,2.39,4.97,1,0,49
998408541452672847,Treehouse w/ Mtn Sunset Views 1 Mile from Dwntwn,28801,Entire home/apt,2,1.0,1.0,186.5,2,248,7.62,4.99,1,0,54
999943947740090590,"Washer, dryer, dishwasher, no checkout chores",28804,Entire home/apt,3,1.0,2.0,144.0,3,82,2.52,5.0,1,0,58
1000762258749813139,La casa en River Arts,28801,Entire home/apt,4,2.0,2.0,197.0,1,132,4.33,4.95,1,0,40
1001660376867267583,All Female Bunk Bed Hostel Room - Clean & Safe,28804,Shared room,8,1.0,1.0,63.0,1,20,0.61,4.95,1,0,51
1002888154025527130,Birchwood Manor,28806,Entire home/apt,12,4.0,9.0,701.67,3,24,0.95,4.96,1,0,65
1002955022936612156,New home with privacy and views,28704,Entire home/apt,8,4.0,4.0,432.62,21,9,0.28,5.0,1,0,56
1003167972548646535,"Farm Suite, King bed, firepit, BBQ grill, animals!",28806,Entire home/apt,2,1.0,1.0,147.0,1,146,4.56,4.84,1,0,46
1003809402121973417,Beautiful Mountain Home,28704,Entire home/apt,10,4.0,5.0,628.0,1,7,0.29,5.0,0,0,34
1005201460767370712,"Asheville 5BR Retreat GameRoom, Hot Tub, Fire Pit",28806,Entire home/apt,14,5.0,7.0,827.0,1,62,1.92,5.0,1,0,79
1005421953440270080,"Avery’s Creek: 4 Bedroom, 3 Bath, Deck & Hot Tub",28704,Entire home/apt,7,4.0,5.0,262.67,3,34,1.23,5.0,1,0,54
1008772230903306548,West AVL Monthly Rental w/ Game Room +Pet Friendly,28806,Entire home/apt,6,3.0,3.0,147.71,2,4,0.14,4.5,1,0,53
1008796516473933302,Hot Tub | Fenced Yard | 15 mins to DT | Firepit,28806,Entire home/apt,13,5.0,7.0,652.5,1,104,3.65,4.99,1,0,81
1009690618237475245,"Farm Suite, BBQ grill, fire pit, farm animals!",28806,Entire home/apt,6,2.0,3.0,227.0,1,121,3.76,4.82,1,0,48
1009696350646566156,"Tiny House on the farm, King bed, firepit & grill",28806,Entire home/apt,2,1.0,1.0,135.0,1,236,7.29,4.88,1,0,44
1011574313403421518,King room with City View at Kimpton!,28801,Private room,2,1.0,1.0,342.15,1,227,7.22,4.97,1,0,22
1011646740978772855,Romantic Escape w/ Hot Tub + Biltmore Pass,28805,Entire home/apt,8,3.0,3.0,435.0,2,22,0.68,4.77,1,0,60
1011756765325293519,10 Mins to Downtown • Deck w/ Fire Pit | Bradford,28806,Entire home/apt,6,3.0,3.0,350.5,2,37,1.16,4.97,1,0,51
1013940615100135123,Creekside Unit in heart of RAD!,28806,Entire home/apt,2,1.0,1.0,143.71,28,0,1.66,4.94,0,0,54
1013949858008669237,Restored Historic Victorian Manor with Creek,28803,Entire home/apt,9,3.0,5.0,564.0,1,51,1.6,4.94,1,0,44
1016640853512861175,Hip Studio In Heart of Downtown Asheville,28801,Entire home/apt,2,2.0,1.0,209.98,1,251,8.04,4.98,1,0,50
1017293471564733475,Wayward Moose Lodge,28805,Entire home/apt,16,8.0,1.0,1198.5,2,16,0.54,4.94,1,0,54
1017503562207553626,Private West Asheville Getaway,28806,Entire home/apt,2,1.0,1.0,193.0,1,20,0.66,4.75,1,0,41
1018872416436325829,"Fireplace, Hot Tub, and Pet-friendly",28804,Entire home/apt,6,3.0,3.0,445.0,2,30,1.07,4.87,1,0,55
1018982479207111681,Perry's Home Studio South,28805,Entire home/apt,4,2.0,2.0,104.0,30,1,0.03,5.0,0,0,56
1019645896631068005,Modern Retreat Near Biltmore,28803,Entire home/apt,3,1.0,1.0,132.77,30,6,0.24,5.0,0,0,47
1019750955436579079,Modern Asheville 1-BR Suite in Quiet Kenilworth,28803,Entire home/apt,3,1.0,2.0,137.0,2,59,1.91,4.97,1,0,35
1021740978026768033,Peaceful Mountain Sanctuary (Entire Home),28804,Entire home/apt,6,3.0,2.0,140.82,28,6,0.22,5.0,0,0,37
1023053614954754762,"Hot Tub, Pet Friendly, Fenced yard, 10 min to DT",28806,Entire home/apt,10,4.0,5.0,435.5,2,65,2.07,4.98,1,0,77
1023111129937009121,Adorable space with hot tub,28804,Entire home/apt,2,1.0,1.0,183.0,1,70,2.21,4.99,1,0,46
1024008343348248280,Whole hostel rental in West Asheville,28801,Entire home/apt,15,6.0,17.0,958.67,3,1,0.04,5.0,1,0,27
1024107364692372252,"Asheville Privacy Close to DT, Parkway, Biltmore",28803,Entire home/apt,6,4.0,4.0,485.0,2,0,1.66,4.94,0,0,69
1024933602083067392,"Sweet, vintage 3/2 cottage",28806,Entire home/apt,3,2.0,2.0,112.83,30,0,1.66,4.94,0,0,10
1025322140564650455,Walkable W. Asheville Comfort Oasis,28806,Entire home/apt,2,1.0,1.0,240.0,1,68,2.25,4.99,1,0,55
1026663761984876970,"Relax at Spivey Chateau Central Asheville, NC",28806,Entire home/apt,6,2.0,2.0,195.5,2,12,0.4,4.92,0,0,60
1027469258600133330,"Fun & Funky Asheville Home with Pool Table, Darts",28704,Entire home/apt,4,2.0,2.0,265.19,1,49,1.55,5.0,1,0,56
1027839785701959994,Cozy Garden Studio Apt in West Asheville,28806,Entire home/apt,4,2.0,2.0,185.0,1,280,9.03,4.91,1,0,44
1028373519062345783,Peaceful Cottage 5 miles from DT,28806,Entire home/apt,2,1.0,2.0,144.0,1,123,3.87,4.94,1,0,31
1031675507236706203,"Asheville 7/4 Mansion, Views, Pool, Spa, Gameroom",28805,Entire home/apt,15,7.0,16.0,1542.87,1,78,2.58,4.97,1,0,103
1033176414550850101,"Clean, quiet, comfortable in lush landscape",28804,Entire home/apt,4,3.0,1.0,318.0,1,7,0.23,5.0,1,0,61
1033925565822325233,King Bed•Private Patio•Fire Pit•15 Min to Dwntwn,28806,Entire home/apt,2,1.0,1.0,126.0,2,21,0.71,4.86,1,0,52
1034186705943431014,"Cabin, Hot Tub, Fire Pit, 4 miles to Downtown AVL",28806,Entire home/apt,4,1.0,2.0,323.0,1,129,5.84,5.0,1,0,57
1034749347600878501,"Dog Friendly, Hot Tub & Fire Pit",28715,Entire home/apt,6,3.0,1.0,351.67,2,17,0.55,5.0,1,0,61
1034769334270386943,River City Oasis,28704,Entire home/apt,3,1.0,2.0,185.5,2,0,1.66,4.94,0,0,34
1040697919408440213,"5 min to Airport, pool table, arcade game, firepit",28732,Entire home/apt,13,4.0,9.0,500.0,1,52,1.71,4.88,1,0,55
1040977176558506687,Travelers Rest,28704,Entire home/apt,2,1.0,1.0,98.33,3,6,0.25,5.0,0,0,43
1042809291090816535,"Historic Montford, 2 blocks from downtown",28801,Entire home/apt,5,2.0,3.0,91.26,28,4,0.14,4.75,1,0,43
1042880340309253114,NEW! Hot Tub | King Beds | Near AVL and Asheville,28704,Entire home/apt,12,4.0,5.0,555.0,1,79,3.03,4.99,1,0,56
1049279811384841842,"Mntn View, Hot Tub, Arcade, Yoga",28805,Entire home/apt,12,5.0,9.0,826.0,2,125,4.1,4.99,1,0,76
1050005312401840832,Walk to everything local in historic asheville,28801,Entire home/apt,8,4.0,5.0,212.48,29,0,1.66,4.94,0,0,28
1050267417464929867,East Asheville Private Entrance,28803,Entire home/apt,3,1.0,1.0,109.0,1,83,2.75,4.88,1,0,31
1055869734822673649,Safe quite mountain get away,28715,Entire home/apt,6,3.0,3.0,219.67,3,14,0.47,4.79,0,0,37
1056690572008869959,Alpine Artistry Estate-HotTub-Theater-15mins Dwtn,28806,Entire home/apt,16,6.0,11.0,592.5,2,66,2.19,5.0,1,0,78
1059744933504117045,Entire Home with Yard & Fire Pit,28803,Entire home/apt,7,3.0,3.0,232.0,2,30,3.7,4.93,1,0,51
1061140658101319304,"Panoramic Mountain View, Hot Tub,Close to Downtown",28806,Entire home/apt,8,4.0,7.0,560.5,2,37,1.26,4.89,1,0,39
1061746632204999158,Gorgeous Asheville Home - 6 Miles to Downtown!,28806,Entire home/apt,7,3.0,4.0,295.5,2,104,3.57,4.95,1,0,31
1062424332590119834,Cozy Asheville Getaway w HotTub 8 min to downtown!,28805,Entire home/apt,8,4.0,5.0,455.5,2,17,0.6,5.0,0,0,62
1064485693887390341,"Hot Tub + Views, Pet-Friendly + Biltmore Pass",28806,Entire home/apt,8,4.0,5.0,410.5,2,44,1.53,4.91,1,0,51
1066227135747511542,"CozyEscape: Hot Tub,Fireplace, Firepit, Sleeps 14!",28704,Entire home/apt,14,4.0,10.0,799.33,3,40,1.35,4.88,1,0,71
1066250395675918548,"Modern home, private getaway",28806,Entire home/apt,2,1.0,2.0,214.54,1,140,4.96,4.94,1,0,40
1066609093454799038,"1906 Eclectic Escape, Hot Tub, 5 Mins to Downtown",28806,Entire home/apt,12,5.0,6.0,445.15,1,74,2.63,4.99,1,0,65
1067898469939242429,Fern Creek Cottage,28732,Entire home/apt,4,1.0,2.0,178.6,2,87,2.95,4.91,1,0,28
1069515470215476314,8 min to Downtown • 6000 SF • Sauna • Hot Tub,28806,Entire home/apt,16,7.0,2.0,767.68,2,60,2.05,4.9,1,0,68
1069550651622332421,Cedar Hill-KING Bed-Hot Tub-LOFT,28806,Entire home/apt,2,1.0,1.0,235.0,1,101,3.56,4.93,1,0,56
1073348836769885053,"""Magical, One of a Kind"" Mirror House + Hot Tub",28804,Entire home/apt,3,1.0,2.0,615.09,1,106,6.33,5.0,1,0,69
1073912763968675562,Asheville Gem Close to Downtown - Large Studio Apt,28801,Entire home/apt,2,1.0,1.0,66.4,30,9,0.38,5.0,1,0,45
1073931580023972948,Asheville Gem close to town - Large One Bedroom,28801,Entire home/apt,2,1.0,1.0,82.07,30,2,0.07,5.0,1,0,52
1073943518672094222,Asheville Gem close to downtown - Small Studio.,28801,Entire home/apt,2,1.0,1.0,62.13,30,2,0.09,5.0,1,0,49
1073995697146084846,Asheville Charm 2 bedroom 2 bath,28715,Entire home/apt,4,2.0,2.0,190.33,3,0,1.66,4.94,1,0,40
1077528094627332766,The SKY Box,28804,Entire home/apt,4,3.0,3.0,324.09,2,10,0.38,4.9,0,0,45
1078088849770058479,Cozy west side suite,28715,Entire home/apt,2,1.0,1.0,117.0,1,50,1.75,4.78,0,0,39
1079202602274958365,"Creekside Cottage: Hot tub, fire pit & fenced yard",28805,Entire home/apt,6,2.0,3.0,306.0,1,64,2.24,4.92,1,0,59
1081211640998163225,Pet-Friendly Fletcher Home - 13 Mi to Asheville!,28732,Entire home/apt,6,3.0,3.0,193.5,2,45,1.65,4.6,0,0,40
1081855131172113900,Minute to Asheville airport and Ag center,28732,Entire home/apt,8,4.0,4.0,362.5,2,21,0.73,5.0,0,0,49
1085609285092036087,Sunset Views • Cozy Cottage • 10 min to AVL • Pets,28804,Entire home/apt,6,2.0,4.0,256.0,2,52,1.86,4.88,1,0,63
1086271098101271224,Close to downtown Asheville,28715,Entire home/apt,4,2.0,2.0,205.67,3,0,1.66,4.94,1,0,8
1086979614913199846,Downtown Asheville Comfort for 30+ Day Stays,28801,Entire home/apt,8,4.0,6.0,251.88,2,3,0.17,4.0,1,0,54
1086995912647214372,"Entire Home Hot Tub, Dog Friendly and Fenced Yard",28704,Entire home/apt,6,3.0,3.0,469.0,1,85,2.97,4.98,1,0,53
1088655356737778927,Walkable Haven: Perfect for Remote Work!,28801,Entire home/apt,4,2.0,2.0,127.23,30,1,0.55,5.0,0,0,49
1089233688286298978,5 Minutes to Biltmore - Blue Ridge Guest House,28803,Entire home/apt,2,1.0,1.0,230.0,1,37,1.29,4.97,0,0,58
1089894573681052646,15 mins to DT Asheville Pool Hot Tub Game Room,28806,Entire home/apt,14,5.0,8.0,598.39,2,32,1.17,4.69,1,0,67
1089912514634788042,Terrace w/Outdoor Dining + BBQ | Close to Downtown,28804,Entire home/apt,8,3.0,2.0,283.67,2,37,1.3,4.68,1,0,55
1090468787440504910,New Gorgeous Home Walk Downtown!,28801,Entire home/apt,7,3.0,4.0,236.27,28,7,0.26,5.0,1,0,49
1091622995627457030,Luxury View Retreat + Biltmore Pass | Near AVL,28803,Entire home/apt,6,3.0,3.0,544.5,2,9,0.32,5.0,1,0,58
1091916592653043100,Tip Top | Hot Tub Sauna Fire Pit 15 to AVL,28804,Entire home/apt,4,1.0,2.0,210.0,1,188,6.6,4.91,1,0,53
1092904396414982213,Fire Pit • Sleeps 12 • Creekside • Wooded Retreat,28806,Entire home/apt,12,5.0,7.0,551.0,2,5,0.29,5.0,1,0,56
1093655008115583344,"Pet, King Bed, Fire Pit, Grill, Close to Asheville",28715,Entire home/apt,7,3.0,4.0,288.0,1,149,5.25,4.98,1,0,62
1094040237007350806,3 Miles to Asheville | Pets | Quiet | Hidden Gem,28805,Entire home/apt,6,2.0,3.0,385.77,1,90,3.22,4.97,1,0,66
1094320819839793191,Park View at Richmond Ridge,28804,Entire home/apt,4,2.0,2.0,311.0,2,13,0.47,4.92,1,0,60
1094991021334796575,"River Rock Cabin, Game Room, 12 mins. to Downtown",28805,Entire home/apt,4,2.0,2.0,499.5,2,9,0.36,5.0,0,0,33
1096706710539734311,Mountain View Duplex,28732,Entire home/apt,6,2.0,3.0,120.5,1,156,5.58,4.93,1,0,40
1098043953186885736,Charming Asheville Pied-à-Terre,28806,Entire home/apt,6,2.0,4.0,223.0,2,20,0.8,4.75,0,0,47
1098704690578460169,Golden Holler: A Mountain Retreat in Asheville,28804,Entire home/apt,16,7.0,11.0,511.0,2,26,0.96,4.85,1,0,62
1099338764851587284,Eowyn's Outpost | Forest Adjacent + Fragrance Free,28804,Entire home/apt,4,1.0,2.0,219.0,1,25,1.02,4.96,1,0,68
1103585603162212807,"Mountain Retreat: Hot Tub, Arcade & Fire Pit",28803,Entire home/apt,10,4.0,5.0,391.5,2,57,2.09,4.95,1,0,63
1104990964840498582,Massive Mountain Retreat | 12 Mi to Asheville,28715,Entire home/apt,14,7.0,7.0,595.5,2,77,2.83,5.0,1,0,62
1105833278225412833,Quiet House in The Woods - Right in Town,28804,Entire home/apt,3,2.0,2.0,99.57,30,4,0.15,5.0,0,0,39
1105967498747853332,Modern Charm house in Asheville,28806,Entire home/apt,6,3.0,3.0,119.87,30,0,1.66,4.94,0,0,11
1108806938002895940,Black Bear 2,28804,Entire home/apt,5,2.0,2.0,200.0,1,5,0.19,5.0,0,0,16
1109504839414037131,"Farm Suite-Sauna, hot tub, King bed, jacuzzi tub",28806,Entire home/apt,2,2.0,1.0,256.0,1,49,1.8,4.92,1,0,61
1111445217722843198,Hyde Park Suite,28801,Private room,2,2.0,1.0,305.6,1,2,0.22,5.0,0,0,12
1111446565682527769,Grosvenor Square Suite,28801,Private room,2,1.0,1.0,307.2,1,1,0.12,5.0,0,0,11
1111504409264979850,Secluded Mountain Dream,28704,Entire home/apt,12,5.0,6.0,1370.0,1,0,1.66,4.94,0,0,18
1111667291326880182,Loaded 27 p Private Estate on 5.2 acres,28806,Entire home/apt,16,8.0,16.0,1656.99,1,83,3.07,5.0,1,0,88
1111774075253821352,"Upper-level guest suite, deck, central AC",28715,Entire home/apt,6,3.0,3.0,304.29,2,4,0.27,4.0,0,0,28
1112187072383059351,*2 Kings* Hot Tub* Game Room* 5 Miles to Downtown,28806,Entire home/apt,12,5.0,6.0,474.66,1,79,3.65,4.96,1,0,65
1112299290980602772,"Huge 3 Bedroom Condo, Central Downtown Asheville",28801,Entire home/apt,6,3.0,3.0,572.5,1,16,1.26,4.81,1,0,38
1112393364963513812,Pet-Friendly 1900 Vanderbilt Cottage | Biltmore,28803,Entire home/apt,2,1.0,1.0,337.0,2,2,0.08,5.0,1,0,37
1112399592090943838,"Modern & Cozy, Minutes to Airport & WNC Ag Center",28732,Entire home/apt,2,1.0,1.0,178.0,1,158,5.7,4.99,1,0,68
1112445244145100269,*New* West Asheville Cozy Hideaway,28806,Entire home/apt,6,2.0,3.0,191.15,2,87,3.17,5.0,1,0,61
1115670087747030006,Treehouse Studio East Asheville,28805,Entire home/apt,2,1.0,1.0,165.5,2,6,0.24,5.0,0,0,46
1116530083839474055,Cozy West Asheville cabin quiet but close to town,28806,Entire home/apt,4,2.0,2.0,209.0,2,52,6.42,4.98,1,0,43
1116549280321071592,Calling Concert Lovers! outdoor sauna+cold plunge,28804,Entire home/apt,4,1.0,2.0,206.0,1,170,6.19,4.98,1,0,57
1120308602478756039,Cozy Downtown Apartment,28801,Entire home/apt,2,1.0,1.0,52.48,1,0,1.66,4.94,0,0,46
1120815162638729736,Asheville’s Hillside Hideaway,28801,Entire home/apt,2,1.0,1.0,53.47,30,6,0.27,5.0,1,0,30
1123198917564922122,The Hideaway,28804,Private room,2,1.0,1.0,173.46,1,18,0.68,5.0,0,0,43
1126214701946453604,Wildwood Chalet -NEW- 5 Stars.,28732,Entire home/apt,8,3.0,5.0,300.7,1,94,3.56,4.96,1,0,50
1127470915490454399,"Dog-friendly home, large yard, firepit, porch",28806,Entire home/apt,8,3.0,5.0,379.09,2,20,0.44,4.8,0,0,32
1127586026125675491,NEW Quiet Retreat | Near Biltmore & DT | MTN Views,28805,Entire home/apt,7,3.0,4.0,268.75,2,33,1.4,4.91,1,0,58
1128211272689465889,Mountain Dream | Gorgeous Mountain Views & Hot Tub,28704,Entire home/apt,14,5.0,8.0,880.5,2,7,0.28,4.57,1,0,58
1131153045338729700,Bachelorette Paradise -Hot Tub*Near Dwntn*Fire Pit,28806,Entire home/apt,9,3.0,6.0,385.5,2,34,1.28,4.91,1,0,60
1133280027627894980,Lakefront Guest House • 2BR • Close to Downtown,28805,Entire home/apt,4,2.0,2.0,354.0,1,13,0.51,5.0,0,0,38
1133475370492017382,"Big Stylish Downtown Loft ""Wolf Den""",28801,Entire home/apt,5,2.0,2.0,396.0,1,86,3.27,4.98,1,0,54
1136212694806131253,"The Heron - Walkable, Roof Deck, Elevator, Mural",28801,Entire home/apt,4,2.0,2.0,341.0,1,70,2.89,4.96,1,0,56
1136289595241131332,"25 Min to Asheville ~ Game Room, Fire Pit, Hot Tub",28704,Entire home/apt,12,3.0,7.0,462.0,2,59,2.28,4.9,1,0,70
1137002171004628098,Asheville River Cabins Premium Looking Glass Cabin,28704,Entire home/apt,2,1.0,1.0,434.0,1,21,0.81,5.0,1,0,45
1137757360345546494,Exquisite Retreat Near Downtown w/ Firepit & Views,28803,Entire home/apt,6,3.0,3.0,348.44,2,12,0.77,4.83,1,0,48
1138406969372332085,"Asheville Farm Retreat, hot tub, King bed, firepit",28806,Entire home/apt,14,5.0,7.0,779.0,1,4,0.2,4.75,1,0,64
1138594593135864758,Lutheridge House,28704,Entire home/apt,8,4.0,5.0,326.6,1,49,1.97,4.94,1,0,58
1139927869800943187,"Lux 3BR Retreat w/ Firepit, BBQ, 3 mi to Downtown",28803,Entire home/apt,6,3.0,3.0,409.69,2,29,1.45,4.9,1,0,50
1139936303364990348,"2 New Homes, 6 BR & 4+ BA, Conjoined Yard/Firepits",28803,Entire home/apt,12,6.0,6.0,971.0,2,16,0.78,4.94,1,0,52
1140676404871175772,The farmers garden,28806,Entire home/apt,2,2.0,2.0,343.0,1,0,1.66,4.94,1,0,10
1140694685580089658,The Cardinal cottage,28806,Entire home/apt,2,1.0,1.0,371.0,1,0,1.66,4.94,1,0,16
1143430354978354145,6BR Chalet: Sauna • Hot Tub • Game Room • SunRoom,28806,Entire home/apt,16,6.0,8.0,532.0,1,76,3.0,4.76,1,0,80
1143589797550662372,Asheville's 5-Star Club On The Doorstep 2 Downtown,28803,Entire home/apt,8,3.0,5.0,289.33,2,55,2.17,4.98,1,0,60
1144967463013299876,Modern 2 Bedroom House,28803,Entire home/apt,4,2.0,2.0,127.23,30,2,0.13,5.0,0,0,44
1147232630882314041,Bungalow #4 - Sophisticated Mountain Retreat,28704,Entire home/apt,2,1.0,1.0,182.0,1,8,0.32,5.0,1,0,51
1147401142112141014,"Min to DNTN, Biltmore-HTub-Theatre-Game Rm-Yoga",28806,Entire home/apt,8,4.0,4.0,618.0,2,61,2.41,5.0,1,0,75
1147689290711150081,Asheville Escape* Hot Tub*Near Downtown & Biltmore,28806,Entire home/apt,2,1.0,1.0,263.0,1,46,1.77,4.85,1,0,29
1147717049216160130,Tiny cozy home in West Asheville,28806,Entire home/apt,2,1.0,1.0,110.63,30,0,1.66,4.94,0,0,34
1147817249478980952,Asheville River Cabins Looking Glass Cabin,28704,Entire home/apt,2,1.0,1.0,387.0,1,21,0.85,4.86,1,0,46
1147962022595077169,Maddie’s Cottage,28805,Entire home/apt,5,2.0,4.0,236.33,2,59,2.34,4.98,1,0,60
1148064582274075710,Cozy space steps from preserve,28704,Entire home/apt,4,1.0,4.0,142.67,3,9,0.35,5.0,0,0,41
1148671313339940241,"Private home mtn view, hot tub",28806,Entire home/apt,8,3.0,5.0,417.33,2,20,0.8,5.0,1,0,55
1152937073914268513,Tranquility and Elegance awaits!,28806,Entire home/apt,2,1.0,1.0,177.0,1,100,4.05,4.99,1,0,49
1153741398844278125,Asheville bungalow - Space for everyone,28804,Entire home/apt,8,4.0,2.0,603.5,2,33,1.29,4.97,1,0,65
1158061220859586300,Charming & Cozy mountain Getaway,28732,Entire home/apt,4,1.0,2.0,205.0,1,87,3.43,4.99,1,0,53
1158243323424518799,Comfort,28806,Entire home/apt,6,3.0,3.0,326.0,1,31,1.22,4.97,1,0,58
1158817717490627613,Welcome Back to Asheville! Private One Bdrm Apt.,28805,Entire home/apt,2,1.0,1.0,174.5,2,29,1.19,5.0,1,0,42
1159658987419044096,Biltmore-Mission Hosp-DT-1 BR+loft,28801,Entire home/apt,2,1.0,1.0,175.0,1,13,0.54,5.0,1,0,57
1162317166487841192,"Pickleball Court, Spa Room, Newly Remodeled Home!",28806,Entire home/apt,16,4.0,8.0,975.67,2,50,2.06,4.94,1,0,57
1163542023666256933,Hang Your Hat @ Blue Ridge Condo,28805,Private room,1,2.0,1.0,15.43,2,0,1.66,4.94,1,0,53
1163866545576729660,Asheville Mountain View Retreat,28805,Entire home/apt,12,4.0,8.0,993.0,2,15,0.66,4.93,1,0,58
1165248112754845396,A Little Slice of Awesome-Walk Downtown Asheville!,28801,Entire home/apt,6,2.0,3.0,188.3,2,34,1.46,4.82,1,0,38
1165935818980723441,The Art & Pottery House,28806,Entire home/apt,14,6.0,2.0,813.25,1,3,0.13,5.0,1,0,16
1166005423709991863,Asheville’s Creekside Getaway,28804,Entire home/apt,6,2.0,3.0,143.83,30,2,0.09,4.5,1,0,52
1166135820550558154,Forest haven escape,28806,Entire home/apt,6,3.0,3.0,284.5,2,45,1.83,4.93,0,0,39
1166746827488449399,Walk to DT West Asheville & RAD!,28806,Entire home/apt,6,3.0,4.0,138.22,28,1,0.12,5.0,0,0,48
1167603290229739526,House in Arden,28704,Entire home/apt,8,3.0,4.0,513.67,3,0,1.66,4.94,0,0,8
1168725855790303940,Cozy Apt close to UNCA Asheville & Grove Park Inn,28804,Entire home/apt,4,1.0,2.0,186.67,3,32,1.3,5.0,1,0,63
1171015633197762202,Asheville 'n' Chill | Pet Friendly & Mountain View,28805,Entire home/apt,8,3.0,4.0,582.63,2,5,0.2,5.0,1,0,47
1172521731482426634,Cozy Cabin w/Hot tub 3.7 miles from Biltmore House,28803,Entire home/apt,2,1.0,1.0,305.5,2,4,0.18,5.0,1,0,55
1172804081991231845,Asheville Oasis Walk to Downtown,28801,Entire home/apt,6,3.0,4.0,167.86,2,2,0.18,5.0,0,0,16
1173253031210510957,Cozy 1-Bedroom Cabin with Hot Tub Escape,28803,Entire home/apt,2,1.0,1.0,305.5,2,5,0.58,5.0,1,0,55
1173292568574156075,Romantic getaway for 2 w/hot tub,28803,Entire home/apt,2,1.0,1.0,305.5,2,0,1.66,4.94,1,0,54
1173351583193683392,Iconic Luxe AVL Retreat: Views|HotTub|Sauna|Cinema,28804,Entire home/apt,16,6.0,9.0,1393.5,2,12,0.52,5.0,0,0,58
1173852389710471416,Perfect Honeymoon cabin w/hot tub,28803,Entire home/apt,2,1.0,1.0,305.5,2,6,0.27,5.0,1,0,55
1173857081675204815,Cute lil cabin w/hottub overlooking the trout pond,28803,Entire home/apt,2,1.0,1.0,332.5,2,4,0.17,4.75,1,0,54
1173876690558626418,Honeymoon cabin for 2 w/hottub 6mi to DT Asheville,28803,Entire home/apt,2,1.0,1.0,305.5,2,4,0.22,4.5,1,0,55
1173880569889474842,Romantic getaway w/hot tub,28803,Entire home/apt,2,1.0,1.0,305.5,2,6,0.28,4.83,1,0,55
1173894873306661011,Authentic log cabin near Biltmore House,28803,Entire home/apt,2,1.0,1.0,265.0,2,4,0.21,5.0,1,0,50
1173899514582069296,Peaceful cabin in the mountains /w hot tub,28803,Entire home/apt,4,2.0,3.0,315.5,2,0,1.66,4.94,1,0,53
1173911579158962295,Cute family cabin w/hot tub 3.7 mile from Biltmore,28803,Entire home/apt,6,2.0,4.0,333.0,2,1,0.1,5.0,1,0,55
1173955724879472461,6 miles from Downtown Asheville cabin w/hot tub,28803,Entire home/apt,6,2.0,3.0,333.0,2,0,1.66,4.94,1,0,54
1173960246669847864,Greg's Getaway w/nice hot tub,28803,Entire home/apt,6,2.0,4.0,333.0,2,0,1.66,4.94,1,0,55
1173976316148594294,Hidden Gem in the mountains w/hot tub,28803,Entire home/apt,6,2.0,4.0,333.0,2,2,0.11,5.0,1,0,55
1173979561020810411,Perfect family mountain cabin w/hot tub,28803,Entire home/apt,6,2.0,4.0,327.0,2,0,1.66,4.94,1,0,55
1173996189274163396,Ranch style cabin 3.7 miles from Biltmore House,28803,Entire home/apt,6,2.0,3.0,333.0,2,0,1.66,4.94,1,0,56
1174004675750728449,Minutes from everything Miles from the Crowds,28803,Entire home/apt,6,2.0,4.0,333.0,2,1,0.15,5.0,1,0,55
1176718608710740958,9 Forested Acres| Hot Tub| 4 miles to DT Asheville,28806,Entire home/apt,4,2.0,2.0,357.23,3,83,3.4,4.99,1,0,56
1176721268398169970,9 Acre Oasis | Hot Tub | 4 miles to DT Asheville,28806,Entire home/apt,2,2.0,1.0,206.0,3,87,3.56,4.98,1,0,49
1176856707256799493,"The Kingfisher - Mural, Elevator, WFH Setup",28801,Entire home/apt,4,2.0,2.0,390.0,1,57,2.33,4.98,1,0,59
1176897817161929241,Cute family cabin w/hot tub,28803,Entire home/apt,6,2.0,4.0,333.0,2,0,1.66,4.94,1,0,55
1176912458237934279,Darling cozy cabin w/hot tub,28803,Entire home/apt,6,2.0,4.0,333.0,2,0,1.66,4.94,1,0,55
1176915997782696951,"The Sparrow - Dogs, Rooftop Mural, Elevator",28801,Entire home/apt,4,2.0,2.0,469.0,1,52,2.13,4.98,1,0,58
1177500088166826440,"The Finch- Dogs, Mural, Elevator, WFH Setup",28801,Entire home/apt,4,2.0,2.0,391.0,1,73,3.02,4.99,1,0,58
1177502123309538621,Cozy mountain cabin w/hot tub,28803,Entire home/apt,6,2.0,4.0,333.0,2,0,1.66,4.94,1,0,55
1177561993257575344,Attractive 2 bedroom cabin w/hot tub,28803,Entire home/apt,6,2.0,3.0,333.0,2,1,0.05,4.0,1,0,55
1177567923106094415,Cozy 2 bedroom cabin w/hot tub,28803,Entire home/apt,6,2.0,3.0,333.0,2,2,0.12,5.0,1,0,55
1177575308939557693,Near PGA TOUR Asheville | Mountain Cabin,28803,Entire home/apt,8,3.0,5.0,374.5,2,17,0.89,5.0,1,0,55
1177581096065801084,Hot Tub & Cool Mountain Air-Asheville NC,28803,Entire home/apt,8,3.0,5.0,365.5,2,2,0.1,5.0,1,0,55
1177589201647607131,Stay Near Asheville's PGA TOUR Event,28803,Entire home/apt,8,3.0,5.0,365.5,2,2,0.24,4.0,1,0,55
1178623843989258994,Mountain joy 5 BR home! Hot tub/game room/fire pit,28806,Entire home/apt,16,5.0,9.0,792.5,2,55,2.29,4.98,1,0,63
1179069921485447000,Unleash the Adventure,28803,Entire home/apt,4,1.0,2.0,281.0,1,123,5.03,4.95,1,0,44
1180422042271790473,Biltmore Forest Retreat! Sauna Hot tub Game Rm,28803,Entire home/apt,16,6.0,11.0,978.0,3,59,2.42,5.0,1,0,64
1181013319181676364,"Heated Pool & Spas, Bar, Poker, Billiards, Theatre",28804,Entire home/apt,16,4.0,10.0,1056.0,1,101,4.13,4.94,1,0,73
1182611615301483702,Welcome to Carol's Castle!,28806,Entire home/apt,8,4.0,4.0,314.0,2,61,2.54,5.0,1,0,52
1182711320920974110,Favorite mountain cabin overlooks trout pond,28803,Entire home/apt,5,2.0,3.0,360.5,2,5,0.33,5.0,1,0,54
1184991067074019719,New and fully Walkable West Asheville Home,28806,Entire home/apt,6,2.0,2.0,305.5,1,61,2.55,4.98,1,0,56
1186871066379406298,Charming Walkable W Asheville Haven | DeckMtn View,28806,Entire home/apt,5,2.0,2.0,239.0,1,53,2.21,4.94,1,0,44
1187071304056798313,AVL Retreat w/ Stunning Patio,28805,Entire home/apt,4,1.0,2.0,154.5,2,42,1.77,5.0,1,0,45
1191192981081781787,Modern Asheville Cottage Getaway,28806,Entire home/apt,6,2.0,3.0,222.0,1,108,4.76,4.94,1,0,21
1191371883124896092,Hidden Creek Craftsman Retreat,28805,Entire home/apt,16,7.0,11.0,1355.0,3,31,1.67,4.97,1,0,61
1192111098367987866,Vintage Camper @ Sharky's Hostel,28806,Private room,1,1.0,1.0,47.0,1,65,2.75,4.8,1,0,14
1193035810033595352,Under the Blue Ridge Mountains!,28803,Entire home/apt,8,4.0,4.0,442.5,2,28,1.24,4.93,1,0,52
1195836118520563722,NEW! Asheville Bungalow | Fully fenced backyard,28806,Entire home/apt,2,2.0,2.0,141.47,30,5,0.24,5.0,1,0,37
1196628567796749574,Mins 2 Asheville/Fire Pit/Gameroom/Arcade/LRG Yard,28704,Entire home/apt,10,3.0,6.0,374.0,2,56,2.37,4.95,1,0,50
1196657513698684675,"Chic AVL Hideaway w/ Hot Tub, Fire Pit. Location!",28803,Entire home/apt,5,3.0,4.0,359.33,2,19,0.84,4.95,1,0,58
1198397997585403570,A Forest Sanctuary Above the City,28806,Entire home/apt,3,1.0,1.0,224.5,2,30,1.31,4.93,1,0,34
1199916143070656038,"NEW King, Stylish Mod and next to Downtown",28801,Entire home/apt,2,1.0,2.0,22.29,90,1,0.04,5.0,1,0,43
1201515052071858554,The Cardinal Cottage near Asheville Airport/Hiking,28704,Entire home/apt,5,3.0,3.0,177.5,2,66,2.9,4.98,1,0,55
1202337916592323720,The Wildwood Duplex | B,28732,Entire home/apt,2,1.0,1.0,187.5,1,14,0.63,4.86,1,0,35
1202449383740894659,"Zen Bungalow - Hot Tub, Fire Pit, Massage Chair",28806,Entire home/apt,4,2.0,2.0,232.0,2,106,4.83,4.81,1,0,45
1202483882455302154,"Gamers Paradise - Game Room, Hot Tub, Fire Pit",28806,Entire home/apt,4,2.0,2.0,217.5,2,90,4.12,4.73,1,0,49
1202785276146195002,Award-Winning 3bd Mountain Home • Hot Tub,28806,Entire home/apt,6,3.0,3.0,318.49,30,4,0.23,5.0,0,0,60
1202925339475967687,Whole Dorm @ Sharky's Hostel,28806,Private room,6,1.0,6.0,200.0,2,1,0.17,4.0,1,0,15
1202980352305991396,Blue Ridge Haven,28804,Entire home/apt,10,4.0,5.0,440.0,3,34,1.48,5.0,1,0,69
1203002634386652368,Goldberry's Sanctuary | for Women Who Wander,28804,Private room,2,2.0,1.0,182.0,1,21,1.16,4.86,1,0,72
1203142722144809196,"Farm Suite, King bed, overlooking horse pasture!",28806,Entire home/apt,4,2.0,2.0,165.0,1,11,0.53,4.82,1,0,43
1203489499460006942,Cozy Mtn Retreat close to Downtown AVL & Trails!,28803,Entire home/apt,6,3.0,4.0,229.76,3,14,0.98,5.0,1,0,53
1203852216574211394,"Asheville Escape - Hot Tubs, Game Room, Fire Pit",28806,Entire home/apt,8,4.0,4.0,421.0,1,14,0.65,5.0,1,0,40
1204391096186438847,AVL Mountain & River View Retreat Hot Tub & Sauna,28805,Entire home/apt,10,3.0,5.0,417.0,2,92,3.98,4.95,1,0,66
1206075690531103928,Mountain view cottage,28804,Entire home/apt,2,1.0,1.0,132.74,28,0,1.66,4.94,0,0,10
1207493363346090423,Experience Asheville Like a Local - West Asheville,28806,Entire home/apt,2,1.0,1.0,176.0,1,142,6.54,5.0,1,0,48
1208082499959756013,West Asheville Central,28806,Entire home/apt,2,1.0,1.0,254.0,2,32,1.45,5.0,1,0,29
1211609956790938819,Luxury Asheville Escape | Sauna | Movie Theater,28806,Entire home/apt,16,6.0,10.0,591.0,2,84,3.68,4.98,1,0,74
1212594776924636471,The Mural Room,28805,Private room,2,2.0,1.0,80.0,1,27,1.25,4.96,1,0,29
1213917928627117567,Cozy Private Luxury Apartment - 15m to Downtown,28806,Entire home/apt,3,1.0,1.0,169.0,2,12,0.54,5.0,1,0,22
1215498881504347078,*NEW* Private Gem in AVL!,28806,Entire home/apt,2,1.0,1.0,230.0,1,117,5.13,5.0,1,0,38
1217575879696314427,Asheville Red Gate,28801,Entire home/apt,2,1.0,1.0,142.0,2,81,3.7,4.93,0,0,38
1217606280442779092,Modern Mtn Cabin w/ Views • 3mi to Downtown,28804,Entire home/apt,6,3.0,3.0,649.5,2,77,3.38,4.99,1,0,60
1217685629320409852,Hot Tub + Fire Pit | West Asheville Retreat,28806,Entire home/apt,6,2.0,2.0,501.0,1,34,1.78,4.97,1,0,67
1217732121468217555,Stunning Patton Avenue Condo,28801,Entire home/apt,7,2.0,2.0,684.0,2,1,0.05,5.0,1,0,34
1217739410842214966,All New Downtown Condo,28801,Entire home/apt,7,2.0,2.0,684.0,2,1,0.05,5.0,1,0,34
1217765262493298951,The Very Heart of Downtown Asheville,28801,Entire home/apt,7,2.0,2.0,684.0,2,2,0.11,5.0,1,0,33
1217773496278366638,Awesome Location Newly Renovated,28801,Entire home/apt,6,2.0,4.0,684.0,2,0,1.66,4.94,1,0,32
1218155955305091648,Cottage · Hot Tub · Treetop Deck · Fireplace,28806,Entire home/apt,6,2.0,3.0,334.4,1,29,1.31,5.0,1,0,62
1218220756631981065,Cabin w/ Hot Tub · Fireplace · EV Charger,28806,Entire home/apt,6,2.0,3.0,337.4,1,31,1.46,4.97,1,0,62
1218848260974533273,Cottage · Hot Tub · EV Charger · Fire Pit,28806,Entire home/apt,4,1.0,2.0,274.8,1,29,1.32,4.97,1,0,63
1218902084774592051,Hot Tub · Fire Pit · EV Charger · Near Asheville,28806,Entire home/apt,4,1.0,2.0,274.8,1,43,1.95,5.0,1,0,63
1218996989132218541,4 Cottages · 4 Hot Tubs · Fire Pit · Nr Biltmore,28806,Entire home/apt,16,6.0,10.0,1316.0,1,0,1.66,4.94,1,0,62
1219717420542932945,Asheville Downtown Stay #202,28801,Entire home/apt,2,1.0,1.0,400.0,2,10,0.45,4.9,1,0,40
1220526872304353783,Asheville Downtown Stay #201,28801,Entire home/apt,2,1.0,1.0,429.0,2,14,0.63,4.93,1,0,50
1220529687338691078,Cozy Cork Cottage Private Secure Quaint,28704,Entire home/apt,4,2.0,2.0,148.75,4,19,1.34,5.0,1,0,52
1221107648061902763,Historic Home With a Fresh Face!,28806,Entire home/apt,6,3.0,3.0,113.24,29,3,0.14,5.0,0,0,29
1221157327501550305,Secluded Suite Near Biltmore,28803,Entire home/apt,4,1.0,2.0,105.0,1,182,8.4,4.97,1,0,42
1221172237296209570,Modern Asheville Escape_Brand New!,28803,Entire home/apt,3,1.0,2.0,175.5,2,92,4.06,5.0,1,0,46
1226802329869639936,"Year-Round Heated Pool, Hot Tub, Mtn View, Sleep16",28805,Entire home/apt,16,5.0,8.0,975.5,2,54,3.01,4.98,1,0,72
1228472453700588666,NEW BUILD Blue Ridge Tree House 4 mi DT Asheville,28803,Entire home/apt,5,2.0,3.0,242.5,2,43,1.95,4.98,1,0,42
1228967763073842361,Luxe Retreat w/5star Beds & min from DT & Biltmore,28806,Entire home/apt,6,2.0,4.0,427.0,1,74,3.75,4.95,1,0,61
1229884029804031798,Asheville Sunset | 10min to Asheville + Ping Pong,28804,Entire home/apt,12,5.0,7.0,513.54,2,30,1.37,4.97,1,0,54
1229905229801471635,"Lamplighter House: Games, Hot Tub, Firepit, Movie",28715,Entire home/apt,15,4.0,8.0,760.0,1,74,3.42,5.0,1,0,72
1231491668243178618,Asheville Downtown Stay #302,28801,Entire home/apt,2,1.0,1.0,425.0,2,6,0.27,5.0,1,0,36
1234748296503132740,Downtown Asheville Retreat | Private Backyard+Deck,28801,Entire home/apt,2,1.0,1.0,226.0,1,117,5.4,4.96,0,0,50
1237178439398095901,The Hiker’s Hideaway: No cleaning fee+pet-friendly,28805,Entire home/apt,2,1.0,1.0,163.19,1,159,10.37,4.99,1,0,49
1239022058626497369,Asheville Cottage Retreat,28801,Entire home/apt,5,3.0,3.0,150.41,17,0,1.66,4.94,0,0,53
1242704755987416183,Asheville Living,28806,Entire home/apt,6,3.0,3.0,228.33,3,0,1.66,4.94,0,0,12
1242901062868373371,Sweet West Asheville home,28806,Entire home/apt,6,3.0,3.0,371.0,1,10,0.67,5.0,0,0,24
1244328260579852114,~Stylish Cottage in Asheville~,28806,Entire home/apt,4,2.0,2.0,261.0,1,79,3.86,4.94,1,0,58
1244908972206383183,Chic Downtown AVL Retreat 1BD/BA Apt,28801,Entire home/apt,2,1.0,1.0,69.25,30,0,1.66,4.94,0,0,17
1245194756240285754,Wildwood Corner Cabin near AVL ~ Two King Beds,28732,Entire home/apt,6,2.0,4.0,231.5,2,17,0.83,5.0,1,0,52
1245610550586605727,"Walk Downtown, Grocery & Trails!",28801,Entire home/apt,4,2.0,2.0,119.47,30,0,1.66,4.94,0,0,14
1248552489535688154,Saunchu : Bohemie FloraHouse,28806,Private room,1,2.0,2.0,74.5,2,9,0.42,5.0,0,0,38
1249470298638374383,Romantic Asheville Log Cabin w/ Hot Tub & Gym,28806,Entire home/apt,4,2.0,2.0,352.0,1,40,3.38,4.95,1,0,56
1252151257103495650,Creekside Mountain Getaway-5 Miles To Town-FirePit,28806,Entire home/apt,4,1.0,2.0,231.89,1,81,5.2,5.0,1,0,48
1253725997008599474,Hilltop Mtn Views | Hot Tub + Game Room | 10m AVL,28806,Entire home/apt,8,3.0,4.0,617.0,1,86,4.43,4.99,1,0,77
1257325237054121990,The Longview,28806,Entire home/apt,10,5.0,5.0,514.0,2,24,1.34,5.0,1,0,57
1257379250206639047,"NewConstruction, Walk to Haywood",28806,Entire home/apt,4,3.0,3.0,147.5,30,1,0.06,5.0,0,0,34
1261093045726044474,Hot Tub~5 Mi DT AVL~Walk To West AVL,28806,Entire home/apt,8,2.0,2.0,419.0,1,62,2.99,4.77,1,0,75
1265219448926140178,"Creekside Joy- Beautiful Home,20 Min to Asheville",28704,Entire home/apt,5,2.0,2.0,174.9,2,22,1.06,4.91,1,0,55
1266164445989986304,"5BD,3BA Private Pool | Hot Tub",28704,Entire home/apt,12,5.0,6.0,517.0,2,52,2.73,4.96,1,0,55
1268816623204715967,Broadway Apartment 201 in Downtown AVL,28801,Entire home/apt,2,1.0,1.0,140.5,30,1,0.11,5.0,0,0,29
1270267569228108661,Modern A-Frame Cabin | Panoramic Views | Hot Tub,28804,Entire home/apt,14,5.0,10.0,957.75,2,62,3.24,5.0,1,0,62
1271059902921034094,Asheville Home Near Biltmore Estate with Hot Tub,28803,Entire home/apt,8,4.0,4.0,304.5,2,33,1.71,4.94,1,0,41
1271884521325461012,Comfy Retreat: Asheville Haven!,28806,Entire home/apt,6,4.0,6.0,461.86,7,0,1.66,4.94,0,0,13
1274215229687377300,Downtown Chic Condo 30 day rate,28801,Entire home/apt,4,2.0,3.0,134.6,30,2,0.11,5.0,1,0,46
1275492147198060008,Log Cabin | Wood Stove | 15 min to DT Asheville,28704,Entire home/apt,2,1.0,1.0,186.0,2,70,3.57,4.9,1,0,37
1278451710502397375,Charming Cottage Near Downtown Asheville,28803,Entire home/apt,4,3.0,3.0,136.03,28,4,0.22,5.0,1,0,44
1279020283152518728,Luxurious 30+ day Rental in Asheville!,28803,Entire home/apt,4,2.0,2.0,106.79,28,1,0.07,5.0,1,0,45
1279693898910315133,Modern Mountain Living,28803,Entire home/apt,2,1.0,1.0,140.0,2,18,0.95,4.89,1,0,44
1279769004562621224,"24-Sleeper, HotTub, Sauna, Game Rm, Dome, Biltmore",28704,Entire home/apt,16,7.0,12.0,920.5,2,59,3.08,4.93,1,0,56
1280432630567900398,"Cozy Log Cabin, Mountain View",28806,Entire home/apt,4,2.0,2.0,309.0,1,97,5.03,4.97,1,0,40
1282154675821412561,2 mi. to Downtown•Game Room•Sauna•HotTub•FirePit,28806,Entire home/apt,16,4.0,9.0,789.0,1,48,2.64,5.0,1,0,82
1282868492428948355,Mountain Cottage close to everything 3bdrm2bthWiFi,28732,Entire home/apt,6,3.0,4.0,232.67,3,7,0.38,4.86,0,0,26
1285577657010117494,Biltmore Village-2 King Suites Sleeps 10 • Parking,28803,Entire home/apt,8,2.0,5.0,411.0,1,19,0.99,4.79,1,0,16
1286857882281258679,Cozy apartment convenient location,28715,Entire home/apt,4,2.0,3.0,160.0,2,21,1.1,4.95,1,0,33
1287100084801309727,"Family/Pet-Friendly, Hot Tub + Mins from Downtown!",28804,Entire home/apt,10,5.0,7.0,475.0,2,39,2.15,5.0,1,0,67
1288400388501786015,"Upscale, renovated AVL cottage",28803,Entire home/apt,2,1.0,1.0,112.47,30,0,1.66,4.94,0,0,43
1289447681574391279,Blue Jay Getaway - 5 Minutes to Downtown!,28806,Entire home/apt,7,3.0,4.0,233.5,2,70,3.63,4.96,1,0,56
1292720514964057828,Vicky Lou's  Pad,28801,Entire home/apt,4,3.0,2.0,112.23,30,5,0.31,5.0,1,0,50
1293477638024171121,Creekside Delight-Lovely! 20 min to Asheville,28704,Entire home/apt,5,2.0,2.0,205.5,2,26,1.6,4.88,1,0,56
1294279626910588856,"""The Artisan"" Tiny Home on River in Arts District",28806,Private room,2,2.0,1.0,134.0,1,76,3.99,4.93,1,0,33
1294349368345862758,Asheville Downtown|GPI|RAD|Biltmore Estate|Sauna|,28801,Entire home/apt,2,1.0,1.0,253.34,1,131,6.8,4.98,1,0,56
1294374352012395669,Cozy Downtown Asheville Condo | Walk everywhere,28801,Entire home/apt,4,2.0,2.0,573.5,2,37,1.96,4.97,0,0,31
1295445087654647629,"Luxe 5BR | Hot Tub, Sauna, Games & Lake Views!",28704,Entire home/apt,16,5.0,8.0,1085.83,2,67,3.51,4.99,1,0,79
1296628238457056954,Downtown Asheville Condo | Walk everywhere,28801,Entire home/apt,6,2.0,3.0,544.0,1,36,1.98,4.97,0,0,30
1297284382942183352,Peaceful Guest Suite Close to Town,28804,Entire home/apt,2,1.0,1.0,157.0,2,23,1.22,5.0,1,0,34
1297757423552380010,Downtown Haven Paradise,28801,Entire home/apt,6,2.0,3.0,360.2,2,20,1.08,5.0,0,0,36
1297792979537756633,Spacious Cabin w/ Pool Table,28805,Entire home/apt,8,3.0,4.0,395.0,1,3,0.16,4.33,0,0,42
1298565522407633475,"Heated Pool, Pickleball, Hot Tub, 10 mins to DT",28806,Entire home/apt,16,6.0,9.0,1073.4,1,75,4.05,4.97,1,0,84
1299314025082301800,Romantic Cabin w/ Hot Tub | Perfect for Couples,28806,Entire home/apt,2,1.0,1.0,278.0,1,149,8.0,4.97,1,0,37
1299329036325527520,Cozy Cabin w/ Hot Tub | Perfect Couples Escape,28806,Entire home/apt,2,1.0,1.0,310.0,1,169,9.02,4.99,1,0,38
1300975119664757663,Luxury Downtown walkable AVL condo w arcade 2BR2BA,28801,Entire home/apt,5,2.0,2.0,392.56,1,78,4.19,4.97,1,0,49
1303029558724711675,New Downtown 1 /1 basement apartment,28801,Entire home/apt,2,1.0,1.0,76.05,28,0,1.66,4.94,1,0,12
1306696522507172376,Themed Party Room-Rooftop Hot Tub-Near DWNTN AVL,28803,Entire home/apt,16,4.0,10.0,667.5,2,24,1.32,5.0,1,0,51
1310126048723043660,"Tiny House Rental in Asheville, NC - The Bat Shack",28803,Entire home/apt,2,1.0,1.0,78.32,30,2,1.28,4.0,1,0,60
1312244208745685531,Colorful Country Cottage,28732,Entire home/apt,4,2.0,1.0,148.92,2,0,1.66,4.94,0,0,11
1313123239412781484,The News Condo 202 at ATB,28801,Entire home/apt,4,1.0,1.0,250.0,2,61,3.41,4.84,1,0,52
1313125934448935272,The Daily Condo 201 at ATB,28801,Entire home/apt,2,1.0,1.0,278.5,2,81,4.66,4.98,1,0,47
1313126881265120002,The Gazette Condo 200 at ATB,28801,Entire home/apt,4,2.0,3.0,425.0,2,66,3.89,4.97,1,0,56
1315345379041201481,Mountain Cottage~MtnViews~5MiDt~,28801,Entire home/apt,5,3.0,3.0,311.0,1,118,6.47,4.86,0,0,66
1318245296370650787,"Mtn Views! Hot Tub, Sauna, GameRoom, Theatre, Golf",28803,Entire home/apt,14,4.0,7.0,551.0,2,43,2.61,4.77,1,0,75
1320526210624406966,Large home in North Asheville,28804,Entire home/apt,6,3.0,4.0,150.62,30,0,1.66,4.94,0,0,22
1324130902007357404,"Asheville-Candler NC ""Art House""",28715,Private room,1,2.0,1.0,177.0,1,2,0.24,5.0,1,0,17
1325453216436681258,NC Arboretum/Blue Ridge Parkway/Bent Creek,28806,Entire home/apt,8,3.0,4.0,360.0,1,5,0.58,5.0,0,0,49
1327675595078994021,"Entire Farm-7 units, sleeps 20, hot tubs & firepit",28806,Entire home/apt,16,8.0,9.0,1515.0,1,0,1.66,4.94,1,0,62
1329002968969472642,"Modern Nordic Cabin | Views & Spa Vibes, Pets OK!",28805,Entire home/apt,2,1.0,2.0,284.33,1,135,7.53,5.0,1,0,60
1331877382616561910,Ground-Floor 2BR · Courtyard + Parking · Walk DT,28801,Entire home/apt,4,2.0,2.0,402.0,1,29,1.73,5.0,1,0,51
1332780907506345781,Modern Studio in Heart of W. AVL,28806,Entire home/apt,2,1.0,1.0,120.0,2,30,1.82,4.83,1,0,33
1332933055638789516,Artist's Bungalow in Walkable N. AVL/Monthly Stays,28801,Entire home/apt,6,3.0,3.0,164.56,29,3,0.34,5.0,1,0,57
1333322340987521248,Hemphill - Cozy Mtn Home,28803,Entire home/apt,4,2.0,2.0,292.0,3,2,0.14,5.0,1,0,53
1336264921462452403,"Cozy Ridge | Pet Friendly, Views & Close to Town!",28805,Entire home/apt,4,2.0,2.0,323.53,28,1,0.1,5.0,1,0,41
1339086284307390943,$0 Cleaning Fee! Shared dorm in fun hostel,28804,Shared room,4,1.0,8.0,63.0,1,17,1.11,4.82,1,0,48
1339130156762229763,#2 few steps to the orange peel,28801,Entire home/apt,2,1.0,1.0,128.0,1,111,7.0,4.86,1,0,13
1339161165013485526,Downtown Asheville comfort #9,28801,Private room,2,2.0,1.0,88.0,1,109,6.86,4.83,1,0,14
1339171715568558197,"Downtown beauty, value 10",28801,Private room,2,2.0,1.0,77.6,1,65,4.08,4.8,1,0,14
1339790615968286630,Renovated King Suite + 4 Queens.,28803,Entire home/apt,7,5.0,6.0,314.0,2,19,1.44,4.79,1,0,58
1340583497183368612,"Heart of Downtown, Luxe Loft",28801,Entire home/apt,7,3.0,3.0,468.5,1,13,0.9,4.46,1,0,48
1340586272469624984,Historic 5 Points King & Queen • Walk DT • Parking,28801,Entire home/apt,4,2.0,2.0,428.0,1,35,2.06,4.97,1,0,46
1341284735920529948,Historic Duplex · King/Queen Bds · Park & Walk DT,28801,Entire home/apt,8,4.0,1.0,523.33,2,13,0.84,4.92,1,0,47
1341286979419272497,Steps from the Orange peel apt 8,28801,Private room,2,2.0,1.0,108.41,1,87,5.44,4.93,1,0,14
1341304608190053448,"Sunset view, cozy, affordable 13",28801,Private room,1,2.0,1.0,87.0,1,55,3.5,4.89,1,0,19
1343587227500602967,Best Downtown Asheville loft.,28801,Entire home/apt,4,2.0,2.0,420.5,2,19,1.34,4.84,1,0,49
1343725999367570053,Arden Retreat: Home+Tiny Home w/Hot Tub & Firepit!,28704,Entire home/apt,10,4.0,5.0,362.5,1,16,0.97,4.94,1,0,74
1344182064944020581,"Creekside 3-Story, Firepit, Sports Park,10 Min AVL",28715,Entire home/apt,10,3.0,6.0,420.0,1,16,1.35,5.0,1,0,61
1344227072459853190,"Cozy Corner Retreat - corner lot, newly renovated",28704,Entire home/apt,6,3.0,4.0,262.5,2,38,2.48,5.0,1,0,57
1344892236016611776,Vireo,28801,Private room,2,2.0,2.0,232.88,1,2,0.12,5.0,1,0,15
1344892236055162422,Kress,28801,Private room,2,2.0,2.0,201.38,1,0,1.66,4.94,1,0,15
1344892403522641168,Wedge,28801,Private room,2,2.0,2.0,249.3,1,2,0.17,5.0,1,0,15
1344892412524037245,Bacoate,28801,Private room,2,2.0,2.0,399.6,1,2,0.45,5.0,1,0,15
1344892555516356576,Albers,28801,Private room,2,2.0,2.0,399.6,1,1,0.07,5.0,1,0,15
1344892555569024303,Liberty,28801,Private room,2,2.0,2.0,249.3,1,1,0.09,5.0,1,0,15
1344892700810712430,Cypress,28801,Private room,2,2.0,2.0,399.6,1,0,1.66,4.94,1,0,15
1344892824518826234,Five Points,28801,Private room,2,2.0,2.0,363.6,1,0,1.66,4.94,1,0,15
1344892836922554366,Curate,28801,Private room,2,2.0,2.0,249.3,1,1,1.0,5.0,1,0,15
1344892956796013606,Blue ridge,28801,Private room,2,2.0,2.0,263.4,1,1,0.06,5.0,1,0,15
1344892976581744979,Citrine,28801,Private room,2,2.0,2.0,399.6,1,0,1.66,4.94,1,0,15
1344982404518216534,Near music venues & River Arts District,28801,Private room,2,1.0,2.0,179.0,1,18,1.21,4.56,0,0,26
1345062063910122980,Asheville Escape | Free Parking & Pet-Friendly,28805,Private room,2,2.0,2.0,179.53,1,64,4.4,4.78,1,0,27
1345064829196607649,Stunning Asheville Access | Near Airport. Pool,28805,Private room,2,2.0,2.0,194.0,1,0,1.66,4.94,1,0,27
1345067111302784919,Mountain View Stays + Pool & Free Parking,28805,Private room,4,2.0,2.0,180.0,1,37,2.45,4.7,1,0,27
1345067952491528393,Near Blue Ridge Parkway | Gym. Free Parking & Pool,28805,Private room,4,2.0,3.0,194.0,1,6,0.55,4.67,1,0,27
1345713485779714248,"Tranquil Dog-Friendly Riverfront Home, WiFi",28704,Entire home/apt,10,3.0,9.0,513.5,2,0,1.66,4.94,0,0,37
1346513374753038573,Downtown Dream Away-AVL-King Bed-5* Location!,28801,Entire home/apt,2,1.0,1.0,268.18,2,33,2.15,4.94,1,0,43
1346590989391153226,2 Side by Side Homes!,28806,Entire home/apt,14,6.0,8.0,837.5,1,0,1.66,4.94,1,0,56
1347977475849841220,LUX Condo in Downtown Asheville!,28801,Entire home/apt,4,1.0,1.0,271.0,1,35,2.09,4.83,0,0,46
1349259380059000957,#12 location and value downtown,28801,Private room,1,2.0,1.0,81.02,1,50,3.13,4.86,1,0,22
1349271667025751775,#11 value with a view downtown,28801,Private room,2,2.0,1.0,77.6,1,91,5.78,4.85,1,0,31
1349273696448077708,Newly Built 6BR Net Zero Home 5 mins to Biltmore,28803,Entire home/apt,12,6.0,6.0,611.5,1,8,0.72,5.0,1,0,50
1349281933833622294,#7 Solo traveler downtown value,28801,Private room,1,2.0,1.0,70.75,1,39,2.55,4.9,1,0,15
1350127434498263002,"MTN Views/Hot Tub/Firepit/Near AVL, Hiking & River",28704,Entire home/apt,8,4.0,5.0,398.0,2,22,1.63,4.91,1,0,69
1351577962142342991,Hacienda 27,28805,Entire home/apt,4,2.0,2.0,261.33,1,35,2.4,5.0,0,0,61
1355770014074421880,"Dog-friendly retreat, patio, near shops & parks",28806,Entire home/apt,4,2.0,2.0,93.39,28,2,0.34,5.0,0,0,37
1356037671392024576,Charming 1-Bed in West Asheville,28806,Entire home/apt,2,1.0,2.0,32.22,60,1,0.11,5.0,0,0,34
1358079886522391922,Private and wooded forest floor. Close to it all.,28806,Entire home/apt,4,1.0,2.0,143.9,2,21,1.68,4.95,1,0,47
1361719147895847988,"Game Room, Hot Tub, Cold Plunge, Sauna, Fire Pit",28806,Entire home/apt,14,5.0,7.0,756.0,1,37,2.55,5.0,1,0,72
1363128138352226614,"15Min2AVL, Hottub, Fireplace, King Bed, Private",28803,Entire home/apt,2,1.0,1.0,301.5,2,56,4.35,4.98,1,0,56
1363880529993576865,Sunshine Cottage,28806,Entire home/apt,4,2.0,2.0,198.0,3,60,4.1,4.97,0,0,60
1364679972693706217,Woodhaven Cabin! Sauna & Hot tub,28805,Entire home/apt,4,1.0,2.0,339.0,1,64,4.28,5.0,1,0,53
1365440887871898148,Poplar Peak Retreat • Sauna • 15 to AVL,28806,Entire home/apt,4,1.0,2.0,123.0,1,59,3.83,4.97,1,0,47
1366138264643283818,"Cabin, Hot Tub, Firepit - 4 miles to Downtown AVL",28806,Entire home/apt,4,1.0,2.0,322.95,1,80,5.06,4.99,1,0,64
1366719424331572945,"The Grange · Heated Pool, Fire Pit · Sleeps 16",28803,Entire home/apt,16,8.0,8.0,1764.0,2,5,0.42,5.0,1,0,64
1366731117981074595,The Hard Times Hideaway,28806,Entire home/apt,4,2.0,3.0,409.11,2,57,3.67,5.0,1,0,56
1367719134628408434,Central & Serene Retreat,28803,Entire home/apt,5,3.0,6.0,445.2,3,4,0.28,5.0,1,0,47
1370183550875392270,"Deep Porch, Walk Downtown/ UNCA",28801,Entire home/apt,7,3.0,4.0,313.0,1,2,0.34,5.0,0,0,43
1370286115542312859,Brand New Mountain Retreat,28804,Entire home/apt,2,1.0,2.0,72.14,28,1,0.1,5.0,0,0,45
1370334116183622713,Fur friendly Urban Retreat with large backyard,28801,Entire home/apt,5,3.0,3.0,396.67,1,13,0.9,5.0,1,0,55
1370401850753814828,"Forest Haven | Hot Tub, Fire Pit & Coffee Bar",28803,Entire home/apt,8,3.0,4.0,498.0,1,66,4.2,4.97,1,0,72
1373313008865814429,Mountain home near downtown,28801,Entire home/apt,3,1.0,1.0,179.0,3,3,0.23,5.0,0,0,12
1373430221519437530,Asheville Jewel,28715,Entire home/apt,4,2.0,4.0,138.65,7,2,0.19,5.0,0,0,69
1374102482344423235,Cozy rural living 10mins from Town,28806,Private room,2,2.0,2.0,54.0,1,78,4.99,4.9,0,0,24
1374646265073191112,Cozy New Build in Asheville.,28803,Entire home/apt,4,2.0,2.0,287.5,2,16,1.41,4.94,1,0,37
1375288361953161910,The Treehouse at Montford,28801,Entire home/apt,5,3.0,3.0,141.6,30,1,0.41,2.0,0,0,57
1375342593352381847,Merrimon Manor Historic Remodel,28801,Entire home/apt,12,6.0,7.0,946.5,1,22,1.48,4.91,1,0,34
1379171443543005884,Asheville Room in shared 2 Bedroom House,28806,Private room,2,2.0,1.0,73.5,2,3,0.2,5.0,0,0,19
1379787070639024585,"Eagle View | Pets, Screened Porch & Stunning Views",28805,Entire home/apt,6,3.0,4.0,470.34,3,4,0.44,4.5,1,0,39
1380381218278295551,Large Cabin w/ PoolTable,28805,Entire home/apt,8,3.0,5.0,395.0,1,3,0.21,4.0,0,0,30
1380612618569207197,Art House Guest Rooms,28715,Private room,1,2.0,2.0,57.34,30,1,0.08,5.0,1,0,17
1382177273176340955,Spacious Riverside (Accessible) Retreat W/Office,28804,Entire home/apt,7,4.0,4.0,183.33,30,1,0.37,5.0,1,0,59
1384962017983252166,7 Mi to Dtwn Asheville: Apt w/ Sauna Access!,28803,Entire home/apt,6,3.0,3.0,323.33,3,6,0.45,4.83,0,0,41
1389951347410792978,Hot tub/Arcade/Firepit/Mins 2 Asheville & Biltmore,28803,Entire home/apt,6,2.0,4.0,299.0,2,41,2.76,4.95,0,0,67
1392150956314501795,"Mtn views . 5 mins DT . Priv, 30+days!",28805,Entire home/apt,4,2.0,2.0,303.41,28,0,1.66,4.94,0,0,13
1392329315412671315,1 BR Cottage less than 5mi to DT,28806,Entire home/apt,2,1.0,1.0,171.0,1,59,4.12,4.63,0,0,51
1394112086951912320,Side Quest | Hot Tub Fire Pit Contemporary Funk,28804,Entire home/apt,2,1.0,1.0,246.0,1,98,6.7,4.86,1,0,26
1394217198951993900,Big Moves | Pool Spa Game Room Tikibar Theatre 20+,28804,Entire home/apt,16,5.0,11.0,1267.0,1,0,1.66,4.94,1,0,75
1395810469909141943,1BD/1BA Condo Near Biltmore Estate and Downtown,28803,Private room,4,1.0,1.0,219.0,1,27,1.87,4.59,0,0,52
1395829581692894341,Studio Near Biltmore Estate and Downtown,28803,Private room,3,2.0,1.0,173.0,1,27,1.94,4.52,0,0,49
1396438242948551474,3BD/2BA Condo Near Biltmore Estate and Downtown,28803,Private room,6,3.0,4.0,242.0,1,61,4.31,4.66,0,0,53
1396637744732537421,Nature Bliss w/ Mtn Views! - Fireplace - Near AVL,28704,Entire home/apt,4,2.0,2.0,194.67,2,39,3.37,5.0,1,0,50
1397207797820539090,Pet Friendly - Cozy Nut Shell,28804,Entire home/apt,4,2.0,2.0,243.0,1,44,3.32,5.0,1,0,40
1397406251681197524,Peaceful & Central Studio,28803,Entire home/apt,1,2.0,1.0,125.52,29,0,1.66,4.94,1,0,10
1397705615449366393,Charming Monthly Retreat - Near Biltmore Village,28803,Entire home/apt,4,2.0,2.0,119.02,2,14,1.17,5.0,1,0,59
1398033220735494728,"Crestview Cottage, Asheville NC",28806,Entire home/apt,6,3.0,4.0,323.33,3,31,2.19,5.0,1,0,59
1398889037170465459,Brand New & Walkable to West Asheville Hotspots,28806,Entire home/apt,8,2.0,4.0,392.56,1,57,4.29,4.98,1,0,49
1399246024096578220,AVL Grand Getaway by 5 Seasons Homestays,28732,Entire home/apt,16,7.0,14.0,973.0,1,56,3.96,4.91,1,0,84
1399673868549330790,"Airstream in River Arts District ""The Sovereign""",28806,Entire home/apt,2,1.0,2.0,77.0,1,81,5.72,4.89,1,0,19
1403643615644418703,"Cozy Cottage, Minutes to Fun!",28806,Entire home/apt,2,1.0,1.0,157.0,1,23,1.65,4.91,1,0,34
1403782186930999710,Lovely Walkable West Asheville,28806,Entire home/apt,2,1.0,1.0,141.0,1,69,5.02,4.91,1,0,62
1404655602483743308,Bright 1 Bed Below,28805,Entire home/apt,2,1.0,1.0,212.5,2,2,0.15,5.0,0,0,17
1405993148560648178,2 Bed Convenient in Country,28805,Entire home/apt,5,2.0,3.0,245.0,1,10,0.77,4.9,0,0,16
1406689518316286128,Stunning Mountain View Home – Minutes to Asheville,28803,Entire home/apt,4,3.0,3.0,296.07,14,0,1.66,4.94,1,0,47
1409423457410569445,Hot Tub|Mountain Views|Pet-Friendly Near Biltmore,28804,Entire home/apt,10,5.0,5.0,456.67,2,13,1.1,4.92,0,0,61
1410410337277831183,Pet-Friendly Modern Apt with Sauna,28804,Entire home/apt,4,1.0,1.0,194.0,1,11,0.84,4.91,1,0,43
1411249215092748775,Charming 1BR in Shared Home – Heart of Asheville,28806,Private room,2,2.0,1.0,221.0,2,10,0.73,5.0,1,0,21
1411586624222429656,City View From Your Living Room!,28801,Entire home/apt,4,2.0,2.0,128.32,30,0,1.66,4.94,0,0,13
1411595440594911777,Asheville Home Oasis!,28801,Entire home/apt,4,2.0,2.0,130.97,30,0,1.66,4.94,0,0,13
1411903692404362096,Hidden gem: Country Setting in the City,28806,Entire home/apt,5,3.0,3.0,355.64,14,0,1.66,4.94,0,0,19
1414046303717558467,2bed/1bath Large Fenced Yard Close to Everything,28715,Entire home/apt,4,2.0,2.0,197.0,1,117,8.54,4.93,1,0,44
1415322105740342552,Birdy Bungalow,28806,Entire home/apt,4,2.0,3.0,239.5,2,3,0.27,5.0,0,0,59
1415374703901270232,Kozy Koala Cove: Mins from town!,28803,Entire home/apt,2,1.0,1.0,109.0,1,22,1.76,4.68,0,0,42
1416557920998185728,Lux Nature Villa by 5 Seasons Homestays,28732,Entire home/apt,16,7.0,9.0,835.0,2,34,2.53,4.94,1,0,61
1418190520728380366,Massive 4 bedroom home/Sleeps 19,28715,Entire home/apt,16,4.0,11.0,743.33,1,0,1.66,4.94,0,0,70
1421102962453323634,Mountains to Sea Treehouse,28803,Entire home/apt,4,2.0,2.0,291.0,1,124,9.3,5.0,0,0,53
1422596972716010607,5 Mi to Dtwn Asheville: Tranquil Cabin Retreat!,28806,Entire home/apt,6,2.0,3.0,344.0,2,8,0.67,4.88,0,0,33
1422670808766464660,Peaceful Vintage Charm in North Asheville,28804,Entire home/apt,4,2.0,2.0,115.23,30,0,1.66,4.94,0,0,49
1424980689099484550,Comfy guest suite in West Asheville,28806,Entire home/apt,3,1.0,1.0,131.0,1,34,2.96,4.97,1,0,46
1425533008421069408,New! Adorable Cottage 10 min to Downtown Asheville,28806,Entire home/apt,6,3.0,3.0,201.0,2,6,3.1,5.0,1,0,43
1425993223903420171,Luxurious & Spacious - Walk to Asheville's Best!,28801,Entire home/apt,6,2.0,3.0,442.21,2,45,3.56,4.98,1,0,42
1426179639679775957,3 Mi to Dtwn Asheville: Duplex w/ Spacious Yard!,28806,Entire home/apt,6,2.0,3.0,229.0,2,1,0.12,5.0,0,0,35
1426239709622289631,"Geodome, Hot Tub + Arcade 15m Asheville | Sleeps20",28806,Entire home/apt,16,6.0,11.0,1017.0,1,47,3.76,4.98,1,0,85
1427597611083444364,Short Lived Luxury,28732,Entire home/apt,1,1.0,3.0,111.87,30,0,1.66,4.94,0,0,11
1430541164851424097,Cliffside AVL,28715,Entire home/apt,6,3.0,3.0,155.0,2,12,1.18,5.0,1,0,27
1430749272900699815,"AVL Work & Escape - Hottub, Mtn Views, Long-Stays",28804,Entire home/apt,4,2.0,2.0,444.25,2,8,1.02,5.0,0,0,51
1432002005065434875,Cozy Asheville Base – 3BR Near Airport and Brewery,28732,Entire home/apt,6,3.0,3.0,198.0,1,56,4.86,4.82,1,0,44
1432494787867569931,Sleeps 18 ~ HotTub & Sauna ~ Playground~15 min AVL,28806,Entire home/apt,16,6.0,9.0,725.5,1,46,3.69,4.98,1,0,88
1432708561294660309,Sleeps 24 | Hot Tub | Game Room | Dog Friendly!,28715,Entire home/apt,16,8.0,15.0,801.5,2,14,1.18,4.93,1,0,57
1432926694438947537,The sweet house in the mountains,28704,Entire home/apt,8,4.0,4.0,388.0,1,22,1.74,5.0,0,0,43
1434975190345960951,"Renovated downtown loft, near Pack Square",28801,Entire home/apt,6,2.0,3.0,216.66,2,38,3.31,4.87,0,0,26
1436226190799401067,"Historic loft, central air, near Pack Square",28801,Entire home/apt,6,2.0,3.0,278.59,2,25,2.11,4.72,0,0,27
1436226198666739126,"Updated Downtown Apt, Balcony, near Pack Square",28801,Entire home/apt,4,1.0,2.0,178.25,2,24,2.07,4.75,0,0,27
1436226495156182866,"Chic Downtown Apt, 2 Blocks to Pack Square",28801,Entire home/apt,4,1.0,2.0,167.76,2,49,4.2,4.94,0,0,28
1437679037516249548,Treetop Escape • Mountain Chalet • Sauna • Game Ro,28805,Entire home/apt,12,4.0,8.0,801.33,2,38,3.05,5.0,1,0,57
1437703871678797922,Eco-Yurt @ BayingHoundCampground,28806,Entire home/apt,2,1.0,1.0,72.5,2,9,0.83,4.78,1,0,19
1437717083475941755,Spacious 3 BR with Expansive Terrace,28801,Entire home/apt,8,3.0,4.0,409.5,1,34,3.05,4.94,1,0,39
1437780567963765696,South AVL Estate | Hot Tub Firepit | Near Biltmore,28803,Entire home/apt,12,6.0,11.0,861.5,1,11,1.01,4.64,1,0,45
1439922672750294243,Haywood and Holly,28806,Entire home/apt,4,2.0,2.0,194.0,2,36,2.93,4.94,1,0,29
1439952607678984916,"Spacious Arden Main House:Games, Firepit & Dog Run",28704,Entire home/apt,8,3.0,4.0,290.0,1,16,1.3,4.75,1,0,56
1440119803496204355,25% Off Bright Room ‘Til Home is Fully Furnished,28806,Private room,2,2.0,1.0,90.0,1,3,0.25,4.33,0,0,14
1440445190214149560,Aura | New | Lux | Unmatched Amenities | 10 to DT,28806,Entire home/apt,16,4.0,10.0,1098.0,1,73,5.82,5.0,1,0,74
1440892446176934626,Spacious & Luxe | Fenced Yard | Games & Hot Tub!,28806,Entire home/apt,14,5.0,8.0,782.5,2,22,1.98,4.95,1,0,70
1441585986747005955,The Asheville Chalet | Sleeps 18 | AVL 15 minutes,28704,Entire home/apt,16,5.0,9.0,827.5,2,48,4.01,4.98,1,0,73
1442741397609658208,Craftsman Cottage in Asheville,28803,Entire home/apt,2,1.0,1.0,108.6,28,0,1.66,4.94,0,0,12
1443346233492215648,"NEW! Asheville, Mtn Views, Hot tub, Fire Pit",28805,Entire home/apt,11,5.0,6.0,437.64,2,36,3.1,5.0,1,0,40
1444185135292929536,King bed|Hot tub|Fence|Tiki|Fire pit\Retro vibes,28806,Entire home/apt,3,1.0,2.0,167.64,1,44,4.33,5.0,1,0,46
1447877419239394019,Luxury Aframe! Fenced Backyard! Walk to Greenway!,28806,Entire home/apt,6,2.0,2.0,460.0,1,2,1.87,5.0,0,0,84
1447932316185908819,Asheville guest room Walk to Mission Hospital #2,28803,Private room,1,2.0,1.0,56.05,30,3,0.34,5.0,1,0,49
1448172536381011908,Retreat|HotTub|Sauna|Fenced Yard|Theater|12 Min DT,28805,Entire home/apt,16,5.0,9.0,725.22,1,39,3.34,5.0,1,0,81
1448732189378638502,Vibrant Curated Home in Asheville,28801,Entire home/apt,3,1.0,1.0,135.74,30,0,1.66,4.94,0,0,49
1449166395526054380,Pet friendly Studio Near Biltmore w/ Espresso bar,28803,Entire home/apt,2,1.0,1.0,133.0,2,31,2.57,5.0,1,0,41
1450087109624940202,"Beautiful, Bright, Spacious Oasis in North AVL",28801,Entire home/apt,3,1.0,1.0,175.0,3,1,0.11,5.0,0,0,8
1450088548810129949,See What All The 5-Star Fuss Is About & Book Now!,28704,Entire home/apt,8,4.0,5.0,346.0,2,18,1.52,5.0,1,0,58
1450119868817247612,River Arts District Home - Walk to Downtown!,28801,Entire home/apt,4,2.0,2.0,238.33,3,1,0.15,3.0,0,0,29
1450654589376671622,Room in Walkable West Asheville,28806,Private room,2,2.0,1.0,97.0,2,16,1.35,5.0,1,0,13
1450990098502057652,"Pet Friendly, Outdoor Grills & Gym Access",28801,Private room,3,2.0,2.0,156.54,1,27,2.91,4.81,1,0,35
1450990244022043032,Adults-Only Suites + Free Breakfast Daily,28801,Private room,4,2.0,2.0,187.0,1,0,1.66,4.94,1,0,35
1451524471897697285,Montford Studio: Your AVL Base,28801,Entire home/apt,2,1.0,1.0,112.0,2,44,4.04,4.91,1,0,32
1451540240004805009,Montford Suite: Your AVL Base!,28801,Entire home/apt,2,1.0,1.0,115.0,2,57,5.23,4.95,1,0,9
1451559541725145867,The Nook,28803,Entire home/apt,2,1.0,1.0,75.22,30,1,0.1,5.0,0,0,11
1452136096215883268,"Pet-friendly 4BR retreat, Kitchen, Wifi, Patio",28704,Entire home/apt,9,4.0,5.0,422.17,2,1,0.91,5.0,0,0,35
1452382267472361044,Sparrow’s Nest AVL,28804,Entire home/apt,6,5.0,2.0,230.23,30,0,1.66,4.94,1,0,46
1454269416367288598,Convenient Asheville Location,28803,Entire home/apt,2,1.0,1.0,114.5,2,28,2.38,4.96,1,0,41
1455153818829859670,"Studio rental unit , 20 minutes walk to downtown",28805,Entire home/apt,2,1.0,1.0,107.5,2,18,1.58,4.61,0,0,39
1456010990287072995,Treetop Hideaway | Walk to Downtown Asheville,28801,Entire home/apt,2,1.0,1.0,97.0,1,4,4.0,5.0,0,0,46
1459511149479264270,Quiet Tiny Home Near Downtown,28801,Entire home/apt,2,1.0,1.0,282.0,2,5,0.61,5.0,0,0,37
1460040411801631145,"South Asheville Mountain Escape-5bedroom, sleeps12",28704,Entire home/apt,12,5.0,7.0,685.0,2,7,0.82,4.43,0,0,43
1460405592580726828,The South AVL Sunshine Shed,28704,Entire home/apt,2,1.0,1.0,115.0,1,44,4.06,4.91,0,0,30
1461405145710798165,"Retreat- Pool, Hot Tub, Sauna, Fire Pit | Sleeps18",28704,Entire home/apt,16,5.0,11.0,743.0,2,30,2.96,4.9,1,0,84
1465876672037621609,Downtown Penthouse Loft | Private Rooftop Terrace,28801,Entire home/apt,8,3.0,6.0,218.91,30,0,1.66,4.94,0,0,56
1466054730507420312,Best Hilly Forest 2BR Suite in Central Asheville,28803,Entire home/apt,4,2.0,2.0,140.0,1,118,10.38,4.95,1,0,47
1466208374655521948,Haywood Haven,28806,Entire home/apt,2,1.0,1.0,183.0,2,16,1.61,4.94,1,0,31
1466937949156254109,"Elevate in Asheville, Endless Views",28803,Entire home/apt,2,1.0,1.0,386.5,2,49,4.8,5.0,1,0,58
1467784159134839909,The North Asheville Ranch House; Upper Unit,28804,Entire home/apt,6,3.0,3.0,288.5,1,10,0.9,4.4,0,0,47
1470328273272956073,"Downtown Skyline Views, Luxury 7BR Mountain Home",28806,Entire home/apt,16,7.0,9.0,1258.12,2,5,0.58,5.0,0,0,72
1470333272508339850,5 Miles DT AVL|Hot Tub|Sauna|Lux,28803,Entire home/apt,10,3.0,4.0,336.0,1,73,6.52,4.96,1,0,61
1470570018839638351,Sleeps 20 | Private Patio + Mins to DT Asheville,28803,Entire home/apt,16,6.0,10.0,808.57,2,2,0.35,4.0,1,0,49
1470900456155285100,Charming Farmhouse with pool and hot tub,28732,Entire home/apt,6,3.0,3.0,371.0,2,23,2.19,4.96,1,0,17
1472649512296297995,Asheville Lodge & Cabin| 2 Hot Tubs +Biltmore Pass,28805,Entire home/apt,10,5.0,6.0,687.0,2,2,0.47,4.5,1,0,60
1472650181800423424,6BR w PickleBall/Golf/FirePit/Game Room/Movie Room,28806,Entire home/apt,16,6.0,10.0,843.5,2,11,4.4,5.0,0,0,17
1473444892922888355,The Wildwood Chalet | A,28732,Entire home/apt,4,1.0,1.0,240.5,2,4,0.5,5.0,1,0,42
1474574534110655703,The River Arts Retreat | 3BR Cottage Near Downtown,28804,Entire home/apt,8,3.0,3.0,167.0,2,43,4.46,5.0,1,0,46
1475345926907435480,AVL-Firepit-Pet Friendly-Coffee Bar-Hot Tub!,28806,Entire home/apt,6,3.0,3.0,329.0,1,28,2.88,5.0,1,0,61
1477687997772524503,6 Br Sleeps 20 I Sauna•Theater•Putt Putt•Hot Tub,28806,Entire home/apt,16,6.0,10.0,903.5,2,17,1.71,4.94,1,0,66
1478345611643172569,MTN View Schoolie w/ HotTub,28715,Entire home/apt,3,1.0,2.0,119.0,1,39,3.79,4.18,0,0,21
1480629806509522359,Modern Mountain Getaway!,28803,Entire home/apt,6,3.0,3.0,221.5,2,21,2.11,4.95,1,0,55
1482694059131799728,Mid-Term 3BR | Certified Green | East Asheville,28805,Entire home/apt,4,3.0,4.0,93.77,7,1,0.19,3.0,1,0,47
1484780483770841151,Downtown Asheville Condo,28803,Entire home/apt,6,2.0,4.0,254.48,2,0,1.66,4.94,0,0,10
1484849097213665187,The Spooky Branch Hideaway,28804,Entire home/apt,4,1.0,1.0,138.5,2,9,0.91,4.89,1,0,22
1484933563337797805,Penthouse West: Mountain Views,28806,Entire home/apt,2,1.0,1.0,215.0,2,33,3.27,5.0,1,0,39
1485674942763727251,Forest View Getaway,28806,Entire home/apt,2,1.0,1.0,125.6,5,1,0.53,5.0,0,0,30
1487035632937518233,Asheville Retreat | By Biltmore & Blue Ridge Pkwy,28806,Entire home/apt,4,2.0,2.0,249.0,1,9,0.72,4.44,1,0,71
1487079683047175780,"Asheville Escape | By Biltmore, Downtown & Trails",28806,Entire home/apt,4,2.0,2.0,278.0,1,15,1.22,4.87,1,0,71
1487151912095374675,College Street Hideaway!,28801,Entire home/apt,7,2.0,4.0,466.0,1,15,1.35,4.33,0,0,48
1487178454840694681,Downtown College Street Flat!,28801,Entire home/apt,7,2.0,4.0,481.0,1,16,1.44,4.94,1,0,49
1487192115926104165,Downtown Asheville Urban Retreat!,28801,Entire home/apt,7,2.0,4.0,426.0,1,25,2.25,4.92,1,0,49
1487221212623232508,Downtown Asheville Gem!,28801,Entire home/apt,7,2.0,4.0,426.0,1,13,1.19,4.85,0,0,49
1487238767328610436,Lux Rooftop Downtown!,28801,Entire home/apt,7,2.0,4.0,438.0,1,32,3.54,4.91,1,0,52
1487267677229064002,Downtown Rooftop Hideaway!,28801,Entire home/apt,7,2.0,4.0,511.0,1,28,2.48,4.82,0,0,52
1487567377982111713,Hillside Hideaway,28801,Entire home/apt,4,1.0,2.0,101.4,30,0,1.66,4.94,1,0,24
1487847624649858907,Walkable Wonder! Old World Charm | Full Kitchen,28804,Entire home/apt,2,1.0,1.0,125.0,2,53,5.32,4.92,1,0,44
1489105460648562936,Haylo: Walkable West Asheville,28806,Entire home/apt,2,1.0,1.0,128.38,1,29,3.05,5.0,1,0,39
1489282996278989069,Charming Getaway! Heart of Asheville Suite,28804,Entire home/apt,2,1.0,2.0,197.75,1,4,0.58,4.75,1,0,38
1490085155430132894,In-law apartment in lovely home,28715,Entire home/apt,4,1.0,2.0,243.07,1,0,1.66,4.94,0,0,12
1490196810788691399,"Asheville Luxury: Hot Tubs, Sauna, Game Lodge",28803,Entire home/apt,16,6.0,6.0,983.0,1,14,1.6,4.43,1,0,67
1491463555717240644,Mint Cottage,28801,Entire home/apt,6,3.0,4.0,126.3,30,1,0.15,5.0,0,0,25
1492194642147765042,Cliffside & The Cellar,28715,Entire home/apt,14,5.0,8.0,316.0,1,23,2.31,4.96,1,0,44
1492220121734395312,3BR Retreat | Ensuite Baths + Fire Pit,28704,Entire home/apt,6,3.0,4.0,347.0,2,8,0.81,5.0,1,0,49
1495653341104133765,Town Mountain Manor,28804,Entire home/apt,16,7.0,11.0,1103.33,3,4,0.49,4.75,0,0,66
1497907798189758862,"Asheville 4BR Lodge on 10 Acres | Pickleball, Hot",28806,Entire home/apt,12,4.0,5.0,754.5,2,4,0.54,5.0,1,0,46
1500841207219875048,~Charming Cabin in Arden NC~near Shopping~Airport~,28704,Entire home/apt,4,2.0,3.0,275.0,3,0,1.66,4.94,1,0,34
1500860532293273921,Fairy Cottage minutes from downtown Asheville!,28805,Entire home/apt,4,1.0,1.0,159.0,2,17,1.85,4.82,1,0,19
1502357199693193203,Overlook Asheville Escape: A House For All Seasons,28805,Entire home/apt,15,6.0,9.0,761.75,4,0,1.66,4.94,1,0,54
1502370130401071291,"Hidden Grove: Chic Escape, Trails + Fireplace",28803,Entire home/apt,7,3.0,4.0,291.0,2,8,0.86,5.0,1,0,50
1503018270576633760,Grove Park Getaway,28804,Entire home/apt,2,1.0,1.0,77.43,30,0,1.66,4.94,0,0,30
1503759437751823293,Blue Ridge Bungalow,28806,Private room,2,1.0,1.0,80.19,7,0,1.66,4.94,0,0,71
1506584667992074595,7BR/3BA Pawfect Duo: Adjacent Homes + Fenced Yards,28803,Entire home/apt,15,7.0,7.0,693.84,2,3,0.33,5.0,0,0,59
1507198276046705090,Beautiful historical home 8 min walk to downtown.,28801,Entire home/apt,8,4.0,5.0,514.0,2,10,3.41,5.0,0,0,44
1507433147068909893,Verdigris + Bronze Hideaway | Walk to Downtown,28801,Entire home/apt,2,1.0,1.0,77.95,30,2,0.34,5.0,1,0,41
1508818557882765252,Bright West Asheville Studio Near Haywood Road,28806,Entire home/apt,3,1.0,2.0,151.5,1,23,2.7,5.0,0,0,39
1509512476203948455,"Candler Cottage: Close 2 Everything ""Asheville""",28715,Entire home/apt,5,2.0,2.0,305.0,2,21,2.76,5.0,1,0,58
1509773764902323590,Montford House (Sleeps 6),28801,Entire home/apt,6,2.0,4.0,479.5,1,2,0.33,4.5,0,0,30
1510145596892383872,15 min to DT and Mission Hospital! Pet Friendly,28715,Entire home/apt,6,3.0,4.0,204.0,3,10,1.14,5.0,1,0,44
1510980111501872333,Magic Mountain New West Asheville Chalet,28806,Entire home/apt,14,4.0,8.0,531.5,2,3,0.42,5.0,1,0,59
1511738756360385845,Hilltop at Richmond Ridge w/ Hot Tub & Pool Table,28806,Entire home/apt,5,2.0,3.0,345.5,2,12,1.48,4.83,1,0,60
1511832107381755412,Blue Ridge Treehouse Retreat - Mountain Adventure,28803,Entire home/apt,8,4.0,3.0,455.0,2,0,1.66,4.94,0,0,58
1512552773747350299,"""Live, Laugh, Pong!""",28806,Entire home/apt,4,2.0,2.0,188.0,2,33,3.65,4.97,1,0,38
1513867779930210961,"Tree Tops Asheville: Tucked away, near everything.",28804,Entire home/apt,10,6.0,11.0,885.0,1,1,0.88,5.0,1,0,44
1515925542419196117,"Windswept Retreat, Your Mountain Escape in Avl",28805,Entire home/apt,4,2.0,2.0,105.1,30,0,1.66,4.94,0,0,48
1516076687033252249,"Ultimate Mountain Retreat - Views, Spa, Gym, Golf",28804,Entire home/apt,16,7.0,14.0,1071.0,2,29,3.41,5.0,1,0,90
1516827018172487392,Blue & Yellow Suites on the farm: hot tub & sauna!,28806,Entire home/apt,4,2.0,2.0,391.0,1,5,0.59,4.0,1,0,60
1516876635835753434,"7 min to Downtown! Stunning Views, Farm Fresh Eggs",28803,Entire home/apt,6,3.0,3.0,341.5,2,21,7.41,4.95,1,0,43
1518953508342545666,#4 Cozy kitchen corner downtown!,28801,Private room,2,1.0,1.0,75.32,1,23,2.65,4.74,1,0,31
1518957866883721590,The Easy Spot: DT + Parking,28801,Entire home/apt,3,1.0,2.0,275.0,1,23,2.57,4.91,1,0,36
1518977182295988981,Asheville-Mountain Views | Close to Everything 2,28704,Entire home/apt,6,4.0,4.0,261.0,2,22,2.64,5.0,1,0,53
1519073277827684839,"Mtn Views, Deck, Porches & Patio: Asheville Escape",28806,Entire home/apt,10,5.0,5.0,525.0,1,11,1.28,5.0,0,0,32
1519896779363826378,Mountainside Urban Retreat- 1 mile to downtown AVL,28804,Entire home/apt,2,1.0,1.0,157.86,2,38,4.58,5.0,1,0,43
1521166931454613222,Charming storybook cottage,28704,Entire home/apt,4,2.0,2.0,251.5,2,14,1.63,5.0,1,0,23
1521171092022537295,Deck w/ Mtn Views: Family-Friendly Asheville Home!,28806,Entire home/apt,8,3.0,5.0,296.5,2,3,0.51,5.0,0,0,45
1522536406153240579,Wellness Oasis in Walkable W. Asheville  15 acres!,28806,Entire home/apt,4,2.0,2.0,109.63,30,1,0.55,5.0,0,0,58
1523990707208382697,Million dollar view from master and living room !,28806,Entire home/apt,4,3.0,3.0,109.88,30,0,1.66,4.94,0,0,8
1525373633696434422,"Private Suite in Montford, Walk to Downtown",28801,Private room,2,1.0,1.0,151.0,1,11,1.29,5.0,0,0,28
1526343940246694510,Hillcrest Hideaway <10 min from downtown Asheville,28804,Entire home/apt,4,2.0,2.0,262.5,2,9,1.08,5.0,0,0,55
1526993691080183246,Downtown Asheville Condo by Dining & Music,28801,Entire home/apt,4,2.0,3.0,285.5,2,5,0.75,5.0,1,0,49
1527115009337083986,"8 Min to Downtown, Pet & Family Friendly + Hot Tub",28804,Entire home/apt,8,3.0,6.0,304.3,1,43,5.02,5.0,1,0,58
1527487322656724703,Hot Tub + Game Lounge by 5 Seasons Homestays,28806,Entire home/apt,16,8.0,16.0,1317.0,2,22,2.6,5.0,1,0,65
1527876915115828113,Asheville NC Cottage~Close to shopping and dining~,28804,Entire home/apt,4,2.0,2.0,178.06,7,0,1.66,4.94,1,0,39
1528181700614181558,Cozy Mid-Century Retreat in the Heart of Asheville,28806,Entire home/apt,2,1.0,1.0,223.0,1,25,3.09,4.88,1,0,30
1528183710820528846,"Treetop - King bed, near Biltmore/Downtown",28803,Entire home/apt,2,1.0,1.0,299.0,1,30,3.63,5.0,1,0,48
1531767510982626745,"The Retreat - King bed near Biltmore, Downtown",28803,Entire home/apt,2,1.0,1.0,212.26,1,24,2.96,4.96,1,0,45
1534267069992222722,"Ideal heart of the city, walk-anywhere location!",28801,Entire home/apt,4,1.0,2.0,274.0,1,17,3.07,5.0,0,0,49
1535559143634049746,"Asheville Cabin w/ Hot Tub, Fire Pit & EV Charger",28732,Entire home/apt,6,2.0,2.0,537.0,1,42,5.23,4.88,1,0,52
1535995484174291720,River Arts District Oasis avail for monthly rental,28801,Entire home/apt,6,4.0,3.0,191.53,30,0,1.66,4.94,0,0,11
1536359056943522017,Elegant Retreat | Views | Hot Tub | Bonfire | Bar,28804,Entire home/apt,10,4.0,7.0,723.75,2,22,3.07,5.0,1,0,65
1537272056014423887,"360Mtn Views, OutdoorTheatre, Hottub, Sauna, GmRm",28806,Entire home/apt,10,2.0,5.0,603.4,1,40,5.11,4.8,1,0,72
1540860128756152265,Bear Hollow Den #4,28806,Entire home/apt,2,1.0,1.0,228.5,2,0,1.66,4.94,1,0,10
1541376259282609545,River Arts District Studio,28801,Entire home/apt,2,1.0,1.0,162.62,1,27,3.4,4.96,1,0,22
1541735226076200870,"Luxe Mt Retreat - Views, Spa, Theater & Game Room",28806,Entire home/apt,16,6.0,10.0,1327.5,2,16,2.29,5.0,1,0,85
1542101209833246780,XL Looking Glass Cabin,28704,Entire home/apt,2,1.0,1.0,428.0,1,2,0.32,5.0,1,0,17
1544348805411999362,Ski Asheville! Mountain-View Hideaway w/ Deck,28806,Entire home/apt,5,2.0,3.0,369.75,4,1,0.17,5.0,0,0,34
1544941187291914670,The Farmhouse at Wolfehaven ​,28806,Entire home/apt,4,2.0,2.0,257.0,2,2,0.36,5.0,0,0,43
1546530079446501621,Historic Downtown Asheville Condo,28801,Entire home/apt,10,3.0,5.0,421.5,2,4,0.57,4.75,1,0,38
1546530103176598186,Downtown Asheville Condo with Private Deck,28801,Entire home/apt,2,1.0,1.0,279.0,1,10,1.31,4.8,1,0,40
1546530124874921519,Downtown Asheville Historic Condo | 2 King Suites,28801,Entire home/apt,4,2.0,2.0,379.67,1,4,0.52,4.75,1,0,38
1546530149184782574,Downtown Asheville Pet-Friendly Condo with Deck,28801,Entire home/apt,2,1.0,1.0,275.0,1,6,0.87,4.83,1,0,38
1546565653336454896,Downtown Asheville 1BR Condo with Private Deck,28801,Entire home/apt,4,1.0,2.0,279.0,1,8,1.24,4.88,1,0,40
1546565679816068801,Downtown Asheville Accessible Luxury Condo,28801,Entire home/apt,6,2.0,2.0,414.0,2,6,0.87,4.67,1,0,41
1546565703456313812,Downtown Asheville Top-Floor Condo | Mountain View,28801,Entire home/apt,4,1.0,2.0,279.0,1,9,1.26,4.78,1,0,38
1546565725872635557,Downtown Asheville Historic 2BR Condo,28801,Entire home/apt,4,2.0,2.0,369.0,1,8,1.05,4.75,1,0,38
1546615242053467201,Estate · Hot Tub · Sauna · Game Room · Cold Plunge,28806,Entire home/apt,16,6.0,9.0,803.5,2,18,2.58,5.0,1,0,67
1547170245726718306,Minutes to Downtown Asheville and Biltmore Village,28803,Entire home/apt,4,2.0,2.0,282.67,2,2,0.34,5.0,1,0,61
1548800452546256549,Best option in AVL to break bread & make memories,28804,Entire home/apt,16,5.0,22.0,1200.0,2,0,1.66,4.94,1,0,52
1550834468581920325,"West Asheville Serenity - 3BR, 2BA with hot tub",28806,Entire home/apt,6,3.0,3.0,340.5,2,14,2.09,4.86,1,0,52
1552949220529586852,Biltmore Village 30 day rental near Mission,28803,Entire home/apt,2,1.0,1.0,68.6,30,0,1.66,4.94,0,0,15
1553630204449247116,Bright + Modern West Asheville Home | 3 BD/2 BA,28806,Entire home/apt,6,3.0,2.0,285.5,1,4,0.62,5.0,1,0,52
1553665524685389972,Relaxing Hot Tub · Quiet · Spotlessly Clean Stay,28806,Entire home/apt,4,1.0,2.0,218.0,2,4,0.69,5.0,1,0,62
1553665562270895764,2 Miles to Asheville · Family-Run · Super Clean,28806,Entire home/apt,6,2.0,3.0,373.0,2,1,1.0,5.0,1,0,63
1553665717255221714,Immaculate Inside · Private Hot Tub · Fireplace,28806,Entire home/apt,6,3.0,4.0,378.0,2,3,0.69,5.0,1,0,62
1553665755156240720,Family-Run · Warm Fireplace · Private Hot Tub,28806,Entire home/apt,4,1.0,2.0,260.5,2,2,0.43,5.0,1,0,61
1553665794804568587,Family-Run · Warm Fireplace · Private Hot Tub,28806,Entire home/apt,4,1.0,2.0,318.5,2,2,0.32,5.0,1,0,61
1553804013800944777,Super Clean · Relaxing Hot Tub · Warm Fireplace,28806,Entire home/apt,4,1.0,2.0,244.5,2,4,1.48,5.0,1,0,61
1553881001471555738,Private lower-level with deck for mid-term stays,28803,Entire home/apt,1,2.0,1.0,51.77,30,0,1.66,4.94,0,0,28
1556150185938065501,"South Asheville, 4BR, 2 Masters, Office, Sunroom",28803,Entire home/apt,8,4.0,4.0,89.98,30,0,1.66,4.94,1,0,14
1558043105005266757,Cozy Woodland Getaway,28704,Entire home/apt,9,4.0,2.0,1204.0,3,0,1.66,4.94,1,0,45
1558046830033511804,Two Combined Downtown Asheville Historic Condos,28801,Entire home/apt,16,5.0,7.0,779.0,2,1,0.51,5.0,1,0,41
1558995141215893604,King Suite Near Biltmore #203,28801,Entire home/apt,2,1.0,1.0,187.0,1,9,1.55,4.89,1,0,33
1558995387463694616,Deluxe King Suite in Downtown Asheville #102,28801,Entire home/apt,2,1.0,1.0,189.0,1,28,4.83,4.86,1,0,35
1558995584883120799,Queen Standard Suite #005,28801,Entire home/apt,2,1.0,1.0,178.0,1,2,0.98,4.5,1,0,32
1558996156899437570,Double Twin Bed Suite #004,28801,Entire home/apt,2,1.0,2.0,214.4,1,3,0.69,5.0,1,0,34
1558996354976757675,Queen Suite + Kitchenette #002,28801,Entire home/apt,2,1.0,1.0,234.4,1,2,0.46,5.0,1,0,33
1561142443157919095,Cozy Creekside & Waterfall Asheville Getaway,28806,Entire home/apt,4,1.0,2.0,188.0,2,10,3.37,4.8,0,0,66
1561774724394765355,WagWorld Comfy Suites,28732,Entire home/apt,2,2.0,1.0,166.0,1,20,2.87,5.0,1,0,46
1566715541716969834,Private Modern Studio in Walkable West Asheville,28806,Entire home/apt,2,1.0,1.0,172.0,1,18,2.76,4.94,0,0,14
1567430120559148477,Sunrise Treehouse near downtown Asheville,28805,Entire home/apt,2,1.0,1.0,77.01,30,1,0.36,5.0,1,0,49
1567433726400501876,1890 Farmhouse | Hot Tub · Sleeps 13 · Asheville,28805,Entire home/apt,13,5.0,9.0,556.0,2,15,2.54,4.93,1,0,58
1567525964011415157,No Cleaning fee! Cozy Asheville Bungalow!,28804,Entire home/apt,2,1.0,1.0,51.44,30,0,1.66,4.94,0,0,6
1568167016313266002,Asheville Grand Retreat with Hot Tub Near Biltmore,28732,Entire home/apt,10,6.0,10.0,672.5,2,19,3.13,5.0,1,0,69
1568302650758407428,Private Basement Apartment in historic Montford,28801,Private room,2,1.0,1.0,105.0,1,19,2.94,5.0,0,0,16
1568312328821231117,"15 Min to DT AVL | Hot Tub, Fire Pit & Foosball",28806,Entire home/apt,7,3.0,4.0,304.5,2,4,0.95,5.0,1,0,65
1569029639933011624,Modern getaway minutes from Downtown Asheville,28803,Entire home/apt,8,3.0,3.0,321.5,2,0,1.66,4.94,0,0,33
1569701219627919963,Peace Cottage,28806,Entire home/apt,4,2.0,3.0,156.0,2,12,1.95,4.92,0,0,26
1571289117185994368,Mountain Zen Cabin Retreat - Minutes to Downtown,28805,Entire home/apt,6,2.0,3.0,189.5,2,30,5.36,4.93,1,0,43
1572453756510935585,Downtown! Dog Friendly! Both Bedrooms W King Beds!,28801,Entire home/apt,4,2.0,2.0,283.0,2,7,1.33,5.0,1,0,43
1572674992984619106,West Asheville Duplex 2BR,28806,Entire home/apt,2,2.0,2.0,71.22,30,1,1.0,5.0,1,0,34
1572701279967339260,Quiet West Asheville Apartment,28806,Entire home/apt,2,2.0,1.0,166.0,1,0,1.66,4.94,0,0,11
1572771964176166910,Charming home with beautiful yard,28804,Entire home/apt,4,2.0,3.0,577.0,1,0,1.66,4.94,0,0,16
1574087717343597010,"Cozy Luxury Farmhouse, Minutes To Downtown & BRPW",28804,Entire home/apt,8,3.0,5.0,583.0,1,25,4.17,5.0,1,0,72
1574821353915959452,3BR Home with Long Range Mountain Views,28704,Entire home/apt,6,3.0,3.0,639.5,2,9,1.47,4.89,1,0,44
1575350183601536347,New West Asheville Home Walk to Haywood Rd,28806,Entire home/apt,3,2.0,2.0,115.43,30,0,1.66,4.94,0,0,12
1577031716945317347,Private Backyard Resort | Pool • Sauna • Hot Tub,28805,Entire home/apt,12,3.0,7.0,747.5,2,3,3.0,5.0,1,0,78
1577476712588119707,"‼️Modern 5BR Home w/ Mtn Views, BBQ & Pool Table",28803,Entire home/apt,12,5.0,6.0,410.0,2,10,2.29,5.0,0,0,58
1577600792038671757,Downtown  getaway with city and mountains views !,28801,Private room,2,1.0,1.0,57.06,1,30,6.82,4.8,0,0,29
1577644065017836391,Boutique Retreat | Hot Tub • Fire Pit • King Bed,28805,Entire home/apt,4,1.0,2.0,359.0,2,6,1.01,5.0,1,0,59
1578407205896304386,Biltmore Ridgetop A-Frame Cabin | Hot Tub | Sauna,28803,Entire home/apt,8,3.0,4.0,604.2,1,18,3.03,5.0,1,0,59
1578617256304565907,Cozy Master Suite w/ Private Bath • Mold-Free Home,28803,Private room,2,1.0,1.0,91.33,3,2,0.33,5.0,0,0,9
1578737470223826041,"Waterfront, Hot Tub, Barrel Sauna, Theater, GameRm",28704,Entire home/apt,16,5.0,8.0,656.0,2,19,3.26,5.0,1,0,79
1578998091513846079,Heron Haus,28805,Entire home/apt,6,3.0,4.0,571.0,1,1,1.0,5.0,0,0,10
1579424179294957430,Blue Ridge Aster,28806,Entire home/apt,10,3.0,4.0,718.0,1,5,0.82,5.0,1,0,55
1580571338449442827,Sleeps 16 • Pool • 2 Hot Tubs • Sauna • Near AVL,28805,Entire home/apt,16,4.0,8.0,945.0,2,1,0.17,5.0,1,0,76
1580602833699360288,Camellia Rose Farmhouse,28704,Entire home/apt,6,3.0,3.0,173.67,2,9,1.71,5.0,0,0,51
1581902206263059212,Spacious 4BR Retreat w/Free Tix | Fire Pit + Grill,28803,Entire home/apt,8,4.0,4.0,310.0,2,11,1.91,5.0,1,0,54
1582607216220431073,Asheville Estate · Sleeps 20 · Pool · Theater ·Spa,28806,Entire home/apt,16,8.0,9.0,1389.5,2,13,2.14,5.0,1,0,77
1582831861760006548,"Sleeps 14, Pets, Fire-Pit, Spa, GameRoom, By DWTN!",28806,Entire home/apt,14,4.0,7.0,492.5,2,6,1.04,5.0,0,0,69
1583445851135615502,"Hike, Sip & Explore! Blue Ridge Mtn Cabin w/ Porch",28704,Entire home/apt,4,2.0,2.0,197.33,3,4,0.92,4.25,0,0,40
1585538217835279051,"Asheville 3BR 2BA, 1500sqft Home",28803,Entire home/apt,5,3.0,3.0,146.6,30,0,1.66,4.94,0,0,20
1587237323560894511,King Beds | Fast Wi-Fi | Fire table | 10 min to DT,28806,Entire home/apt,6,3.0,4.0,280.2,1,25,4.29,4.92,1,0,58
1587296986146960564,"Arts District w River View - ""The Visionary""",28806,Entire home/apt,4,1.0,2.0,64.0,1,57,10.75,4.96,1,0,29
1588488910704523989,Prime Downtown Condo with Huge Patio and King Bed,28801,Entire home/apt,4,1.0,1.0,254.0,1,23,4.51,4.96,1,0,36
1588587463152546635,Charming One Bdrm | Office| Walkable W AVL | Views,28806,Entire home/apt,2,1.0,1.0,260.0,1,0,1.66,4.94,1,0,46
1589368422032229150,New in July 2026!,28806,Entire home/apt,5,2.0,3.0,196.74,2,0,1.66,4.94,1,0,34
1589514527598388966,"Centrally located, family friendly country house",28704,Entire home/apt,6,2.0,5.0,200.0,1,13,2.32,4.92,0,0,42
1590443781419760066,10 minutes from Asheville! 5 from Biltmore Estate!,28803,Entire home/apt,3,1.0,1.0,155.0,2,6,1.37,4.83,0,0,15
1590769765692557090,Downtown Loft | Steps to Pack Square Park,28801,Entire home/apt,4,2.0,3.0,123.41,30,0,1.66,4.94,0,0,50
1590876680520905931,Downtown Asheville Loft | Pack Sq Park Views,28801,Entire home/apt,4,2.0,2.0,129.61,30,1,0.56,5.0,0,0,50
1590918483044944135,Charming pet friendly bungalow in West AVL,28806,Entire home/apt,6,3.0,3.0,219.0,2,10,1.9,5.0,0,0,40
1592085540749979620,The Hideaway,28804,Entire home/apt,2,1.0,1.0,193.0,1,22,5.2,5.0,0,0,45
1592296067591682584,home away from home,28803,Entire home/apt,4,1.0,1.0,90.38,1,0,1.66,4.94,0,0,6
1592318517927772871,Hot Tub + Billiards | 8 mins to Sierra Nevada,28704,Entire home/apt,12,4.0,8.0,472.5,2,1,0.94,5.0,0,0,53
1592931530039812285,Sleeps 20 • Sport Court • Game Room • Grill • Spa,28805,Entire home/apt,16,6.0,9.0,1846.5,2,7,1.84,4.86,1,0,64
1595021938327312377,Pool Table + Firepit | Sleeps 15 | 10 mins to DT,28805,Entire home/apt,15,5.0,7.0,334.07,28,0,1.66,4.94,0,0,46
1595888043408549382,Heartwood Manor,28806,Entire home/apt,10,5.0,6.0,534.0,2,6,2.4,5.0,0,0,57
1595929855665801500,#1 Downtown Asheville 2BR Unit,28801,Entire home/apt,3,2.0,2.0,355.5,2,7,1.6,4.86,0,0,49
1597264123594117508,The Cozy Timber Nest | 10 mins to Downtown AVL,28804,Entire home/apt,2,1.0,1.0,136.0,1,11,2.31,4.91,1,0,42
1597279078349334903,Five Kings Retreat - 5 BD 3 BTH Mountain Home,28803,Entire home/apt,10,5.0,5.0,516.33,3,1,1.0,5.0,1,0,36
1597808244143707921,Modern Retreat w/ Hot Tub Near Blue Ridge Pkwy,28804,Entire home/apt,8,3.0,6.0,509.5,2,12,2.28,4.92,1,0,60
1597916811438310931,1933 Dog-Friendly House in Biltmore Village/Oakley,28803,Entire home/apt,3,2.0,2.0,90.89,28,1,0.54,5.0,0,0,13
1603770187527986087,Luxury Aframe! Walk to Greenway! Fenced Backyard!,28806,Entire home/apt,6,2.0,2.0,485.0,1,14,3.23,4.93,0,0,87
1605208046044041703,"Secluded home, firepit, gas grill, deck, W/D",28804,Entire home/apt,6,3.0,4.0,260.85,2,38,1.05,4.84,0,0,28
1605209388549984601,"Mountain view retreat, deck & W/D",28804,Entire home/apt,6,1.0,3.0,263.57,2,34,0.88,4.76,0,0,24
1605211377686040296,"Elkhorn Cabin & Eagles Wing Lodge, near Trails",28803,Entire home/apt,16,5.0,15.0,907.5,2,18,0.37,4.56,0,0,31
1605211415075406457,"Sunlit Mountain-View Home, Fireplace, WiFi, W/D",28805,Entire home/apt,8,3.0,5.0,318.5,2,20,0.39,4.65,0,0,37
1605212243743649759,"Bull Creek Ranch, private lake, dock",28805,Entire home/apt,6,2.0,3.0,300.74,2,63,0.65,4.63,0,0,34
1605212438470729119,"Renovated condo, AC, W/D, central location",28801,Entire home/apt,2,1.0,1.0,237.66,2,76,1.19,4.61,0,0,22
1605213642968014458,"Dog-friendly art-deco condo, balcony, AC, W/D",28801,Entire home/apt,4,1.0,2.0,315.72,2,93,1.49,4.8,0,0,30
1605213773497085955,"Dog-friendly Designer Estate, Large Yard",28704,Entire home/apt,16,6.0,11.0,438.58,2,20,0.39,3.95,0,0,37
1605213911220453102,"Elkhorn Cabin, Sauna, near Asheville",28803,Entire home/apt,9,2.0,6.0,394.0,2,35,0.55,4.91,0,0,28
1605214622940286107,"Vintage home near Biltmore, Chimney Rock & Lake",28732,Entire home/apt,8,3.0,5.0,259.53,2,37,0.43,4.54,0,0,34
1605214697689327822,"Eagles Wing Lodge, Firepit, Sunset Views",28803,Entire home/apt,10,3.0,10.0,504.18,2,103,1.55,4.84,0,0,26
1605288197523732685,"Remodeled Downtown Loft, Balcony, Chefs Kitchen",28801,Entire home/apt,4,2.0,2.0,426.67,2,36,0.58,4.86,0,0,30
1605737898366147318,"Chic retreat, balcony, AC, walk to dining & shops",28806,Entire home/apt,4,1.0,2.0,94.85,31,18,0.25,4.83,0,0,30
1605741216229865433,"All-Suite Retreat, Near Arts District & Downtown",28806,Entire home/apt,5,2.0,3.0,186.22,2,49,0.72,4.84,0,0,33
1605871307407170316,West Asheville Mountain-view Bungalow,28806,Entire home/apt,4,2.0,2.0,199.71,1,26,5.95,4.92,0,0,40
1605887018438039307,Mountains to Sea A-Frame,28803,Entire home/apt,4,3.0,2.0,319.53,1,27,6.48,5.0,0,0,44
1607368693372177304,Beautiful Mountain View close to everything!,28803,Entire home/apt,6,3.0,2.0,48.08,90,0,1.66,4.94,0,0,60
1607614851298821172,Mountain Views | Hot Tub | Theater | Sauna | Gym,28806,Entire home/apt,16,5.0,8.0,803.07,2,7,3.09,5.0,0,0,71
1608108429640654003,"Cozy cabin w/ firepit. Mins to AVL, dog friendly",28715,Entire home/apt,6,3.0,4.0,278.0,1,0,1.66,4.94,0,0,54
1609431365289843431,Grove park area top floor house (Monthly) Pets ok,28804,Entire home/apt,3,2.0,2.0,89.01,30,0,1.66,4.94,0,0,46
1613349207138600766,Fletcher South Garden,28732,Entire home/apt,2,1.0,1.0,195.9,3,0,1.66,4.94,0,0,8
1616016329465464885,Walkable Downtown | Free Garage Parking | Mtn View,28801,Entire home/apt,4,1.0,1.0,275.5,2,8,5.45,5.0,0,0,61
1617699463056172963,Cozy studio w shared space! Insane location,28801,Private room,2,1.0,1.0,83.0,1,10,2.31,4.6,1,0,24
1618100544734410199,Private 2BR Hideaway | Hot Tub & Patio,28803,Entire home/apt,4,2.0,2.0,223.67,1,0,1.66,4.94,0,0,16
1619024909770530638,850 Sq Ft Modern Furnished Studio (Lives Like 1BR),28801,Entire home/apt,2,1.0,1.0,107.84,1,1,0.67,5.0,0,0,16
1619127942401229456,"Landing | Stylish 1BD, Clubhouse, Gym",28806,Entire home/apt,2,1.0,1.0,198.0,2,2,2.0,5.0,0,0,36
1620361236136396970,"Large house with Hot Tub, Spacious Yard, & More!",28805,Entire home/apt,12,5.0,4.0,422.67,2,2,1.87,3.5,0,0,46
1620364574004119158,AVL Cabin w/ Pool Table & Game Table- Sleeps 8,28805,Entire home/apt,8,3.0,3.0,324.0,1,2,0.62,5.0,0,0,31
1620518683757467336,Camping spots near Asheville,28715,Private room,5,2.0,1.0,27.39,1,0,1.66,4.94,0,0,8
1620532458115933517,Beautiful Room in Cabin close to Asheville,28715,Private room,2,1.0,1.0,73.04,1,1,1.0,5.0,0,0,59
1621018500592122465,Room in Cozy Bungalow in West Asheville,28806,Private room,1,1.0,1.0,46.79,2,5,2.17,4.8,0,0,55
1621020957197635952,Peaceful Remote Work House,28806,Entire home/apt,4,2.0,1.0,115.04,30,0,1.66,4.94,0,0,29
1621869889655602771,Tucked in the Trees | Asheville Hot Tub Retreat,28806,Entire home/apt,8,3.0,4.0,291.5,2,5,1.36,5.0,0,0,57
1622115729710879489,River Arts District Flat,28801,Entire home/apt,2,1.0,1.0,161.0,1,8,2.24,4.75,0,0,25
1624008433834811081,AVL Cottage- Hot tub- Firepit- Close to Downtown!,28805,Entire home/apt,8,4.0,4.0,285.5,1,0,1.66,4.94,0,0,38
1624093855868186626,Dog Friendly ~ Near Downtown Asheville ~ 30+ days,28806,Entire home/apt,4,2.0,2.0,183.76,7,0,1.66,4.94,1,0,35
1624879136664158159,Mountain Retreat - Sauna - Hot Tub - Fire Pit,28803,Entire home/apt,14,5.0,9.0,690.67,2,8,2.7,5.0,1,0,70
1625492661703689369,Fox Den | 4 Suite Retreat + EV | 10 Mins to AVL,28804,Entire home/apt,8,4.0,5.0,498.5,2,0,1.66,4.94,1,0,51
1625642490161573300,"Cozy, Well-Appointed Cottage By Blue Ridge Parkway",28805,Entire home/apt,6,2.0,2.0,212.0,1,16,4.17,4.75,0,0,40
1626518551213836075,Azul,28704,Entire home/apt,6,3.0,3.0,327.52,1,1,0.71,5.0,1,0,44
1628656474527741758,Lakeside Cabin minutes to Asheville,28704,Entire home/apt,6,2.0,2.0,333.0,1,17,4.55,4.88,0,0,66
1629815718177718716,Classic Craftsmanship Meets Modern Expectations,28732,Entire home/apt,6,3.0,3.0,285.0,2,3,0.92,5.0,1,0,54
1629949857362348907,Hikes & Brews: Quiet Blue Ridge Mtn Basecamp!,28732,Entire home/apt,4,1.0,2.0,383.0,2,2,0.8,5.0,0,0,42
1632856185466689496,Farmhouse Near Asheville | Hot Tub + Fire Pit,28704,Entire home/apt,8,3.0,3.0,350.5,2,65,0.98,4.91,1,0,34
1633386152061483769,Cozy Bungalow in West Asheville,28806,Entire home/apt,4,2.0,2.0,142.67,3,0,1.66,4.94,0,0,28
1636253733225804557,"Trail on Property, Amazing AVL Location & Hot Tub",28806,Entire home/apt,6,3.0,3.0,346.0,2,8,4.8,4.88,1,0,62
1636958207273138663,West Asheville Creekside Retreat · Deck + Fire Pit,28806,Entire home/apt,6,3.0,4.0,328.32,2,1,0.29,4.0,1,0,51
1637653816501225434,Dog-Friendly Riverside Asheville Getaway,28805,Entire home/apt,6,3.0,4.0,315.5,2,11,1.28,5.0,1,0,63
1637681117868574169,3 Bedroom | Wooded Retreat | Near Asheville,28732,Entire home/apt,6,3.0,5.0,298.0,2,3,0.52,5.0,1,0,45
1637732705986531925,South Slope Asheville Townhome 3 Ensuite Bedrooms,28801,Entire home/apt,7,3.0,4.0,429.0,1,2,0.7,5.0,1,0,48
1638585375074548728,Mountain Charm Meets Modern | 3BR Asheville Stay!,28803,Entire home/apt,7,3.0,4.0,141.56,14,0,1.66,4.94,0,0,47
1639152118562011943,Queen Suite + Kitchenette #003,28801,Entire home/apt,2,1.0,1.0,198.0,1,2,0.73,4.5,1,0,33
1639470110201829049,The Farmhouse | BBQ Grill • Patio • Close to DT!,28806,Entire home/apt,6,3.0,3.0,249.25,2,6,1.89,5.0,1,0,48
1642076570673277297,Montford on Magnolia is your home away from home,28801,Entire home/apt,4,2.0,2.0,115.07,30,0,1.66,4.94,0,0,61
1642837368787422072,Modern Mountain Retreat | 10 Min to Downtown,28803,Entire home/apt,4,2.0,2.0,283.9,2,7,2.26,4.86,0,0,64
1643246461383101173,Deluxe King Suite in Downtown Asheville #104,28801,Entire home/apt,2,1.0,1.0,169.24,1,5,1.81,4.8,1,0,35
1643246610702085404,Deluxe King Suite in Downtown Asheville #103,28801,Entire home/apt,2,1.0,1.0,158.71,1,5,2.0,5.0,1,0,35
1643247065737868163,Deluxe King Suite in Downtown Asheville #101,28801,Entire home/apt,2,1.0,1.0,187.0,1,8,2.61,4.25,1,0,36
1643279533885815782,"10 min to Asheville | Creekside, Fire Table, Games",28804,Entire home/apt,6,3.0,3.0,445.5,2,3,1.1,5.0,0,0,61
1643634469839253523,"Cliffside Modern Villa, 3BR Retreat, 9 min to town",28805,Entire home/apt,10,3.0,7.0,510.5,2,7,4.47,5.0,1,0,65
1643636036835940378,Modern Luxury in Downtown Asheville - Free Parking,28801,Entire home/apt,4,1.0,2.0,184.0,1,0,1.66,4.94,0,0,16
1644288084173061734,Asheville's Ultimate Retreat | Hot Tub & Yard!,28704,Entire home/apt,8,4.0,5.0,577.5,2,5,1.53,5.0,1,0,49
1644312924278977178,The Cozy Chalet,28806,Entire home/apt,6,3.0,3.0,305.84,2,0,1.66,4.94,0,0,37
1644321188709031650,Deluxe King Suite in Downtown Asheville #201,28801,Entire home/apt,2,1.0,1.0,187.0,1,4,1.97,4.25,1,0,35
1644321283079659573,Deluxe King Suite in Downtown Asheville #202,28801,Entire home/apt,2,1.0,1.0,178.6,1,9,3.55,4.89,1,0,35
1644329829361643637,Deluxe King Suite in Downtown Asheville #204,28801,Entire home/apt,2,1.0,1.0,170.86,1,8,2.7,4.88,1,0,35
1644329908113568571,Deluxe King Suite in Downtown Asheville #301,28804,Entire home/apt,2,1.0,1.0,186.7,1,9,3.25,4.89,1,0,35
1644329980861711905,Deluxe King Suite in Downtown Asheville #302,28801,Entire home/apt,2,1.0,1.0,178.6,1,2,1.82,5.0,1,0,35
1644330050936577859,King Suite Near Biltmore #303,28801,Entire home/apt,2,1.0,1.0,186.7,1,8,2.7,5.0,1,0,33
1644330111099392353,Deluxe King Suite in Downtown Asheville #304,28801,Entire home/apt,2,1.0,1.0,178.6,1,7,3.04,4.86,1,0,35
1645709132820378359,Long-Range Mtn Views! Scenic Asheville Sanctuary,28806,Entire home/apt,6,3.0,4.0,259.0,2,1,0.64,4.0,0,0,38
1645768491303770591,West Asheville Carriage House,28806,Entire home/apt,4,2.0,2.0,121.0,2,0,1.66,4.94,1,0,13
1647070421509224543,Minutes to Biltmore House and Downtown Asheville.,28805,Entire home/apt,6,3.0,4.0,350.34,2,0,1.66,4.94,0,0,26
1648021514167922135,"Spacious, Private Apartment Walkable to Haywood Rd",28806,Entire home/apt,2,1.0,1.0,84.83,30,1,1.0,5.0,0,0,34
1649278682570146487,"Dog-friendly house, fenced yard, deck, firepit",28704,Entire home/apt,6,3.0,3.0,328.5,2,4,1.43,5.0,0,0,42
1649306093869352188,"Dog-friendly home, deck, fireplace, AC, W/D",28732,Entire home/apt,6,3.0,3.0,228.05,2,52,1.08,4.58,0,0,33
1649384392666824764,Moonlight Suite | Private Suite + Fenced Yard,28805,Entire home/apt,4,1.0,2.0,296.0,1,1,1.0,5.0,0,0,26
1649604780150567576,New Designer 1-bed Home by Biltmore Village,28803,Entire home/apt,2,1.0,1.0,141.97,30,0,1.66,4.94,0,0,55
1649624874474514824,Convenient Downtown Home | Extended Stay 1bd/1ba,28803,Entire home/apt,2,1.0,1.0,141.97,30,0,1.66,4.94,0,0,55
1649992115500611009,"Cozy 3-Bed Home, Yard & Deck | Biltmore Village",28803,Entire home/apt,9,3.0,5.0,214.6,30,0,1.66,4.94,0,0,54
1650031807836757390,5-bedroom Lux Home | Walk to Biltmore Village,28803,Entire home/apt,12,5.0,8.0,318.23,30,0,1.66,4.94,0,0,56
1650182073248703848,West Asheville Loft,28806,Entire home/apt,2,1.0,1.0,133.0,1,4,2.5,5.0,1,0,13
1650738313179328543,Historic Biltmore Village | Fireplace | Pets OK,28803,Entire home/apt,4,2.0,2.0,357.25,1,3,1.1,4.33,1,0,34
1653104750837178536,GLō Hotel Asheville-Blue Ridge Parkway,28805,Private room,4,1.0,2.0,125.0,1,1,1.0,5.0,0,0,13
1653266344527773986,Spacious 5 BR Mountain Home in Asheville,28803,Entire home/apt,12,5.0,6.0,485.0,2,2,1.28,5.0,0,0,32
1653728382717219066,Brand New Modern Studio located downtown Asheville,28801,Entire home/apt,1,1.0,1.0,86.07,28,0,1.66,4.94,0,0,12
1653810537534744437,4 Homes • 12BR • Hot Tubs • Near Downtown AVL,28804,Entire home/apt,16,12.0,14.0,1423.33,3,0,1.66,4.94,1,0,54
1653840695338569456,Bamboo Bungalow~ Private Apartment/Walk Downtown!,28801,Entire home/apt,2,1.0,1.0,98.14,2,12,4.8,4.92,0,0,50
1653872088598235195,"Peaceful, Modern Suite in West Asheville",28806,Entire home/apt,2,1.0,1.0,160.0,2,2,0.88,5.0,0,0,40
1654371217457072172,Asheville Escape w/ Hot Tub • EV Charger,28804,Entire home/apt,7,3.0,4.0,285.5,2,5,3.26,5.0,1,0,54
1654397283205776539,Mountain Retreat w/ Hot Tub + EV Charger,28804,Entire home/apt,7,3.0,3.0,395.5,2,6,4.19,5.0,1,0,54
1654399884345062866,Asheville Retreat w/ Hot Tub Near Downtown,28804,Entire home/apt,7,3.0,3.0,397.5,2,4,2.79,4.75,1,0,54
1654402108723073216,Cozy Asheville Stay w/ Hot Tub Near Downtown,28804,Entire home/apt,7,3.0,4.0,399.5,2,4,1.85,4.0,1,0,54
1654588223247476722,Biltmore Ridgetop Escape | Hot Tub + Sauna,28803,Entire home/apt,16,4.0,11.0,766.33,3,2,0.88,5.0,1,0,63
1654617985904498779,Ridgetop Estate | Sport Court | Hot Tubs | Saunas!,28803,Entire home/apt,16,7.0,14.0,1309.3,2,3,1.27,5.0,1,0,63
1654673521986422816,New! 2 bed Tiny Home on the farm!,28806,Entire home/apt,3,2.0,2.0,199.0,1,6,2.4,4.5,1,0,41
1655150420043486258,Luxury Asheville Cabin | Hot Tub + Sauna,28803,Entire home/apt,16,5.0,8.0,735.0,1,10,3.7,5.0,0,0,77
1655252764116535213,3BR 2B House | Crown Plaza Resort Golf Course View,28806,Entire home/apt,8,3.0,5.0,278.0,1,14,5.38,4.93,0,0,53
1655827975593209676,Mountain Escape (Pet Friendly),28715,Entire home/apt,8,3.0,5.0,326.0,1,5,2.46,5.0,0,0,51
1660344529337709057,Cozy Home Minutes From Downtown Asheville,28801,Entire home/apt,4,2.0,2.0,100.67,30,0,1.66,4.94,1,0,27
1660911750449347713,"Asheville Log Cabin w/Views, Hot Tub & Fire Pit",28704,Entire home/apt,8,4.0,4.0,531.5,2,4,2.31,5.0,1,0,57
1661092149435272219,Stylish RAD Retreat - New Build - Walk to Greenway,28806,Entire home/apt,2,1.0,1.0,164.0,2,3,1.43,5.0,0,0,12
1663912356503011339,"Landing | Stunning 2BD, Gym, Clubhouse",28806,Entire home/apt,4,2.0,2.0,273.0,2,1,1.0,5.0,0,0,36
1664021555699210678,Billy's Bungalou. Named for my dad.,28804,Entire home/apt,8,3.0,5.0,200.0,1,7,3.33,4.86,0,0,54
1664101899823343813,Brand New Comfortable Retreat in West Asheville,28806,Entire home/apt,6,3.0,3.0,316.5,2,2,2.0,5.0,1,0,47
1664524527649238422,Mountain View Retreat Near Downtown AVL!,28806,Entire home/apt,6,3.0,3.0,277.5,2,4,2.22,5.0,1,0,45
1667448673226780174,Private Cabin • Mtn Views • 2.6 mi to Downtown,28804,Entire home/apt,12,3.0,6.0,320.0,2,3,1.91,5.0,0,0,52
1667612804527223194,Cozy Asheville Getaway,28806,Entire home/apt,4,1.0,2.0,196.28,2,3,1.7,5.0,1,0,53
1668093390887652377,Daltun’s Ranch | Hot Tub • Game Room • Firepit,28806,Entire home/apt,6,3.0,3.0,357.75,2,8,3.87,5.0,1,0,57
1668242633119810902,Roxie Woods Apartment,28805,Entire home/apt,2,1.0,1.0,90.38,1,0,1.66,4.94,0,0,9
1669797977309751717,DT. Asheville 2 miles—no hidden fees.,28806,Entire home/apt,6,2.0,3.0,294.0,1,4,1.9,5.0,1,0,17
1670474708265562693,New! Stargazing Dome • Hot Tub • Sauna • Firepit,28803,Entire home/apt,9,3.0,5.0,519.0,2,2,1.87,5.0,0,0,61
1671153246947376062,"Luxury Mtn Cabin | Game Room, Sauna & Fire Pit",28803,Entire home/apt,8,4.0,4.0,619.0,2,2,2.0,5.0,1,0,66
1671229221733103510,Asheville Lake House: Near Downtown and Biltmore,28803,Entire home/apt,6,3.0,4.0,159.77,1,0,1.66,4.94,0,0,59
1676095451456576642,1950s Chalet Above Downtown -$6 Uber to all!,28805,Entire home/apt,2,1.0,1.0,147.53,3,0,1.66,4.94,1,0,34
1676275566276314185,"Quiet 1BR Chalet Hideaway, 1.5 Mi To Downtown AVL",28801,Entire home/apt,2,1.0,1.0,199.8,2,0,1.66,4.94,1,0,53
1676283033146670629,"Upper Berne Chalet 4 Mins to DT AVL, Dog Friendly",28801,Entire home/apt,4,2.0,2.0,236.36,2,2,2.0,5.0,1,0,54
1676288712421234953,"Cloud House, home to Cloud Collective Residency",28806,Private room,2,1.0,1.0,136.5,2,4,3.0,5.0,0,0,41
1676305750214865673,Mtn-View Retreat in Asheville: Great for Groups!,28803,Entire home/apt,12,5.0,6.0,569.67,3,0,1.66,4.94,0,0,47
1676784424697364518,Unique Asheville Farmhouse Studio • Sauna Firepit,28805,Entire home/apt,2,1.0,1.0,225.5,1,0,1.66,4.94,1,0,40
1676942595061021837,"Asheville Oasis! Hot Tub, Game Room, 6 Mi Downtown",28806,Entire home/apt,6,3.0,3.0,386.57,1,4,2.93,5.0,0,0,39
1677674110280351533,Sunny private room in West Asheville,28806,Private room,1,1.0,1.0,194.0,1,0,1.66,4.94,0,0,10
1677868874491878394,"Close to downtown, dog friendly, private yard!",28805,Entire home/apt,4,1.0,2.0,220.0,1,10,6.38,5.0,0,0,54
1677920648156245442,The Modern Nest/ Walk to Haywood Rd + RAD: 5 Stars,28806,Entire home/apt,4,2.0,2.0,188.5,2,2,2.0,5.0,0,0,33
1678282631575827120,The Love Shack,28805,Entire home/apt,3,2.0,2.0,202.56,2,0,1.66,4.94,0,0,11
1679080044159533855,Luxury Home off Town Mountain Rd / 2mi to dt AVL,28804,Entire home/apt,6,3.0,3.0,394.0,2,1,1.0,5.0,1,0,45
1679206192533028909,"Luxury Estate w/ Pool, Hot Tub  Free Tix Sleeps 12",28732,Entire home/apt,12,4.0,7.0,851.85,2,2,1.82,5.0,1,0,58
1679207421596996651,Private Loft w/ Fire Pit Balcony + Free Tix,28732,Entire home/apt,4,2.0,2.0,218.0,2,5,3.19,5.0,1,0,47
1679208381465873961,Private Estate w/ Pool + Guest Suite | Free Tix,28732,Entire home/apt,16,5.0,9.0,851.2,2,0,1.66,4.94,1,0,56
1679805166758171776,The Canyon | Warm Sophisticated Modern New Clean,28803,Entire home/apt,4,2.0,2.0,168.0,1,14,8.75,5.0,1,0,39
1679919483851950764,Outdoor Games • Hot Tub • Firepit • Grill • Sauna,28805,Entire home/apt,11,3.0,6.0,435.0,2,3,2.81,5.0,1,0,61
1683469482945188242,Welcoming solo travelers. New bath -A/C great bed,28803,Private room,1,1.0,1.0,78.74,1,1,1.0,5.0,0,0,36
1683508444422271046,"Asheville Views | Hot Tub, Sauna & Game Room",28803,Entire home/apt,8,3.0,4.0,641.0,2,3,2.81,5.0,0,0,65
1683714605737091466,Sweet Parker Cottage,28803,Entire home/apt,2,1.0,1.0,97.37,30,0,1.66,4.94,0,0,43
1684098078194927330,So Close to the VA Hospital and BR Parkway,28805,Entire home/apt,5,3.0,3.0,112.01,28,0,1.66,4.94,0,0,44
1686559882685548791,Bull Creek Cottage,28805,Entire home/apt,2,1.0,2.0,148.5,2,1,1.0,5.0,0,0,68
1688592731877122832,One of One Views: Experience True Resort Amenities,28806,Entire home/apt,8,4.0,4.0,1365.5,2,0,1.66,4.94,0,0,68
1688779808656637300,Happy Hippie Trailer - Let The Good Times Roll!,28704,Entire home/apt,2,1.0,1.0,101.09,3,0,1.66,4.94,1,0,64
1689918415907075792,"Airy & Stylish New Build, 4 BR/3,5 BA, Central AVL",28803,Entire home/apt,8,4.0,4.0,236.23,2,1,1.0,5.0,1,0,47
1690118702005447500,Spacious Studio on Historic Inn Property,28704,Private room,2,1.0,1.0,157.3,2,0,1.66,4.94,0,0,36
1690118703043611347,Carriage House on Historic Inn Property,28704,Entire home/apt,4,2.0,2.0,196.5,2,1,1.0,5.0,0,0,45
1690118709065706008,Carriage House and Studio on Historic Inn Property,28704,Entire home/apt,6,3.0,3.0,245.6,2,0,1.66,4.94,0,0,49
1690506115354368234,"Super Location, Walk to Downtown, Montford, New",28801,Entire home/apt,4,2.0,2.0,85.99,30,0,1.66,4.94,0,0,47
1692345563684489126,Cozy Asheville Retreat,28715,Entire home/apt,4,1.0,3.0,133.0,1,2,2.0,5.0,0,0,39
1692738233403940415,Blue Ridge Basecamp · Sauna · Hot Tub · Views ·,28805,Entire home/apt,8,3.0,7.0,355.0,1,0,1.66,4.94,0,0,63
1695346334179181645,Private Hot tub retreat 7 min. from AVL,28732,Entire home/apt,4,2.0,2.0,287.0,1,1,1.0,4.0,0,0,40
1697921630214923577,LAKE FRONT Boats/Hot Tub/Sauna/Movie Rm/Putt Putt,28704,Entire home/apt,16,5.0,13.0,934.0,1,1,1.0,5.0,0,0,75
1698045058584905717,* The Asheville Studio *,28803,Entire home/apt,3,1.0,2.0,137.0,1,4,4.0,5.0,0,0,25
1698928461972907322,Downtown Asheville Gem/Free Parking/Walkable,28801,Entire home/apt,4,1.0,2.0,222.0,2,0,1.66,4.94,0,0,18
1699301267761605280,Asheville Couple's Retreat w/ Balcony & Views!,28806,Entire home/apt,4,1.0,2.0,172.5,2,0,1.66,4.94,0,0,37
1699339153326524827,"Asheville Gem | Mold/Fragrance-Free, Calm/Quiet",28803,Private room,2,1.0,1.0,91.3,2,0,1.66,4.94,0,0,10
1699403758713360704,2 historic lofts near downtown & Pack Square,28801,Entire home/apt,12,4.0,6.0,685.0,2,0,1.66,4.94,0,0,23
1700744092403776320,"Dog-friendly house, fenced backyard, deck, AC",28732,Entire home/apt,6,3.0,3.0,243.0,2,0,1.66,4.94,0,0,39
1700861088004252789,Cozy Wooded Retreat Near Dwtn Asheville | Fire Pit,28804,Entire home/apt,6,3.0,4.0,370.5,2,0,1.66,4.94,0,0,32
1700865587186503440,9 Min to Asheville / Stylish and Peaceful,28806,Entire home/apt,4,2.0,2.0,122.27,30,0,1.66,4.94,0,0,47
1701094191463227691,"Cozy South Asheville | Mins AVL airport, Biltmore",28704,Entire home/apt,7,2.0,2.0,198.0,3,1,1.0,5.0,0,0,48
1702508224439057484,Hidden Forest Studio Near Downtown Asheville,28801,Entire home/apt,2,2.0,1.0,114.5,2,1,1.0,5.0,0,0,37
1703236293806604501,Private Room with Private Bathroom in Asheville,28803,Private room,2,1.0,1.0,55.0,1,0,1.66,4.94,0,0,11
1703628141216004063,Beaverdam Bungalow - Monthly Rental,28804,Entire home/apt,4,2.0,2.0,107.72,3,0,1.66,4.94,1,0,52
1703909094809423956,Mountain City Hideaway | Pool Table + Deck |,28801,Entire home/apt,10,3.0,6.0,549.0,2,0,1.66,4.94,0,0,14
1705171221295659150,Craggy Cabin Woodfin,28804,Entire home/apt,6,2.0,4.0,160.5,2,0,1.66,4.94,0,0,44
1705425216323732404,The Blue Bird Cottage,28801,Entire home/apt,4,2.0,2.0,97.34,30,0,1.66,4.94,0,0,44
1705887213883576209,"Updated 5BR Home Near UNCA, Fenced Yard",28804,Entire home/apt,8,5.0,5.0,201.96,28,0,1.66,4.94,0,0,10
1706552384480608557,"Tree House Chalet - 2 Mi DT AVL, Dog Fndy, 1BR/1BA",28805,Entire home/apt,4,1.0,2.0,191.0,1,0,1.66,4.94,1,0,40
1707667413491986567,Min to Downtown & Hospital- Extended Stay Art Home,28803,Entire home/apt,5,3.0,3.0,114.98,30,0,1.66,4.94,0,0,50
1710339781096315197,Relaxing & Great Views -10 min drive Dtown/Parkway,28804,Entire home/apt,4,2.0,2.0,153.4,2,0,1.66,4.94,1,0,46
1710375731088778172,"Asheville Mountain Hideaway, 6 Mi to Dtwn",28804,Entire home/apt,6,2.0,3.0,328.5,2,0,1.66,4.94,0,0,45
1711735402332117503,Asheville 1BR Retreat – Comfort Near Biltmore,28803,Entire home/apt,2,1.0,1.0,223.0,2,0,1.66,4.94,0,0,40
1714924192624319015,Retro Retreat * Charming 1950s Getaway,28803,Entire home/apt,4,2.0,2.0,183.9,1,0,1.66,4.94,1,0,53
